0.447613,0.902159,-18.0952,-0.0553884,0.252135,1.14175,0.867697,-0.0272789,-18.0617,0.211775,-0.394016,-2.18504
1.4016,5.19776,-14.5664,0.229854,-0.433359,0.0704667,11.6504,-8.67034,-20.9212,0.0626496,-1.10731,-0.0953882
6.31027,9.49171,-15.4452,0.0693444,-0.786066,0.122944,15.6985,-10.5856,-15.1697,0.379483,-0.680585,-0.452152
5.04044,5.36353,-15.4013,0.0847428,-0.765715,0.575891,13.3409,-7.9753,-17.4853,0.665186,-1.20367,-0.92772
5.74518,2.1573,-24.6809,-0.111641,-1.56237,0.983387,4.5049,0.470271,-16.2599,0.56263,-1.11258,-1.42662
-8.1566,-5.04319,-19.8213,0.0217896,-1.03664,1.18685,2.98404,3.96498,-20.4809,0.349067,-1.09793,-1.65704
-2.66158,-3.48837,-32.421,0.00748802,-1.70186,0.70137,5.3883,5.84451,-27.8945,0.183111,-1.59989,-1.68214
-1.61654,-2.01905,-33.3452,0.0256939,-1.62735,0.783986,8.45823,4.93933,-29.7564,0.354643,-1.58204,-2.02459
-5.86563,-1.74749,-31.8852,0.180472,-1.66026,0.935668,9.92488,2.12407,-30.5869,0.378678,-1.75992,-1.79862
-6.99089,-1.88245,-27.849,0.254373,-1.41342,1.09062,8.97933,-1.57646,-31.5148,0.272808,-1.9023,-1.53079
-4.10961,1.85633,-29.66,0.291337,-1.52732,0.802876,12.0314,-4.15517,-33.5335,0.14793,-1.87254,-1.23864
0.846328,3.27053,-27.9477,0.360882,-1.3971,0.77843,9.37523,-3.29165,-30.0332,0.110692,-1.66526,-1.41492
4.77724,3.99547,-28.1064,0.252066,-1.43773,0.890645,10.6527,-2.70179,-30.0594,0.172822,-1.62952,-1.57038
3.98515,3.01583,-25.3723,0.420449,-1.12739,0.808557,10.6128,-3.67294,-29.0448,0.022203,-1.45382,-1.38016
5.07361,2.46012,-25.7927,0.383902,-1.08092,0.83004,10.5436,-3.9259,-31.3414,-0.0282628,-1.56217,-1.37383
-1.30415,-2.37176,-18.4304,0.11308,-0.583258,1.42309,10.5741,0.204886,-29.3908,0.185704,-1.49044,-2.31815
-3.38383,-3.62594,-17.5719,-0.0264739,-0.392153,1.48259,10.2933,0.259624,-29.6985,-0.0690031,-1.36799,-2.26928
-2.02332,-3.18488,-19.4878,0.0392172,-0.463374,1.45719,8.28223,2.35172,-27.6628,-0.219947,-1.14219,-2.34935
-0.442955,-2.11845,-20.6586,0.0948445,-0.565215,1.45672,8.28215,2.2582,-28.5101,-0.319669,-0.972377,-2.2323
0.590346,0.117923,-21.0858,0.18604,-0.497643,1.20748,9.81069,1.09062,-26.5905,-0.3379,-0.87155,-2.30075
-1.8286,0.162916,-18.6365,0.0593539,-0.326187,1.17911,12.5239,-0.82324,-29.4435,-0.321699,-1.1128,-2.30854
0.0546905,0.246325,-18.8027,0.237498,-0.266203,0.988686,11.8632,-3.00646,-28.7018,-0.184408,-1.10572,-2.27072
1.10528,-0.732566,-18.9188,0.102939,-0.267106,1.25562,10.2713,-2.69182,-26.5624,-0.0153261,-0.95742,-2.47476
1.11153,-1.87882,-18.4172,0.00630081,-0.252223,1.40013,8.61093,-0.0472155,-23.6431,0.0660719,-0.539788,-2.6132
1.37849,-2.36029,-19.4859,-0.0250962,-0.380091,1.59694,7.85595,0.614023,-23.7984,-0.0634869,-0.529843,-2.58983
0.315209,-2.47829,-17.7796,-0.0415556,-0.163279,1.5023,8.68256,1.86445,-23.3919,0.0641193,-0.339415,-2.80664
0.862902,-1.57205,-18.8958,0.0277126,-0.200247,1.29997,11.3027,3.16301,-23.048,0.133921,-0.51514,-3.15303
0.0619123,-1.6862,-18.2745,0.0591974,-0.223907,1.30944,10.1681,1.80903,-25.8075,-0.259612,-0.753415,-2.76827
0.586815,-0.751062,-18.9223,0.066954,-0.248047,1.17437,9.60742,0.195281,-25.2348,-0.354645,-0.649115,-2.45747
0.314537,-0.562271,-18.3871,0.0932579,-0.199026,1.12731,12.5384,-1.42147,-27.6823,-0.26358,-0.933234,-2.50002
-1.56531,0.157947,-17.9642,0.0793272,-0.187838,1.10134,9.67478,-3.11547,-24.9776,-0.367099,-0.666239,-2.11265
0.0250722,1.14238,-20.4796,0.0510137,-0.37777,1.07155,9.12222,-2.58442,-25.2524,-0.322016,-0.644955,-2.20776
0.805611,2.20075,-21.5514,0.062719,-0.449067,0.985731,8.2844,1.36003,-23.4237,-0.249064,-0.578294,-2.65579
-0.772793,1.0779,-19.0731,0.162225,-0.247367,0.987341,10.4368,2.60702,-24.1974,-0.165571,-0.613667,-2.71563
0.848395,0.177478,-20.4258,0.0786331,-0.352912,1.09338,8.03199,0.871811,-23.4857,-0.0833121,-0.607403,-2.2801
-1.28204,-0.0510378,-18.9472,0.0793833,-0.25658,1.10985,8.78627,0.497317,-23.6631,0.231414,-0.522004,-2.12953
-0.752431,-0.368268,-19.4206,0.0268515,-0.371477,1.18497,14.9735,-1.41832,-28.38,0.349044,-0.954755,-2.35299
-1.01857,-0.467137,-19.1093,0.0261147,-0.29025,1.21016,13.7748,-0.510365,-28.7428,0.141414,-1.00396,-2.10996
0.278941,-0.0442934,-19.1041,-0.002321,-0.297042,1.22519,6.52541,2.18123,-21.8024,0.025225,-0.60653,-2.29893
1.90381,0.846233,-22.5434,0.0373578,-0.521873,1.10202,7.56186,2.04922,-22.8965,-0.3133,-0.425985,-2.35717
1.85419,0.670311,-21.7026,-0.0660779,-0.528136,1.3258,8.151,1.19781,-23.1755,-0.13604,-0.559821,-2.5947
-1.01839,-0.70187,-19.1863,0.0270259,-0.29494,1.22381,13.3882,-0.298627,-28.4137,-0.224815,-0.903464,-2.48297
-1.28242,-0.671414,-19.5958,0.000589584,-0.338634,1.25719,12.5911,-0.263395,-26.5285,-0.124948,-0.833581,-2.64325
-0.999718,-1.16766,-19.3312,0.0722329,-0.301991,1.25218,11.349,-0.535111,-25.0201,-0.275917,-0.633118,-2.55856
0.0433288,-0.403906,-20.0883,0.0263477,-0.355558,1.20365,10.4152,1.14507,-24.4479,-0.284236,-0.479483,-2.70772
1.11904,0.176725,-22.1085,0.0400037,-0.551702,1.12429,10.501,1.96798,-24.3239,-0.320146,-0.444938,-2.70274
1.07976,0.774117,-21.5959,-0.0025317,-0.476335,1.16602,9.23373,2.47027,-22.8546,-0.273893,-0.434781,-2.78943
1.87011,1.26235,-21.963,0.0232198,-0.487985,1.09874,9.55284,1.5367,-24.7348,-0.248166,-0.668002,-2.78919
0.0119355,0.548212,-20.67,-0.015318,-0.420542,1.20074,11.5605,0.785455,-27.0439,-0.281585,-0.772106,-2.60259
-2.35336,-1.31652,-17.5898,0.0447267,-0.135633,1.32289,11.5073,0.744592,-26.9332,-0.109692,-0.855519,-2.62938
-2.60977,-1.23006,-18.7434,0.00607079,-0.299365,1.34994,11.5541,1.12755,-27.5451,-0.23596,-0.853411,-2.5441
-1.01472,-0.19613,-20.8056,-0.0131917,-0.432847,1.24224,11.594,0.992222,-26.2707,-0.21551,-0.710874,-2.58195
0.824022,0.616443,-21.0458,0.0390886,-0.478137,1.10225,10.562,1.4356,-26.7146,-0.273351,-0.73363,-2.57939
2.96933,1.00315,-23.494,0.0639274,-0.57291,1.05245,9.39815,1.9472,-24.8995,-0.315277,-0.576323,-2.53599
1.90384,0.40692,-22.242,0.0515284,-0.492055,1.111,9.96676,0.055357,-26.4221,-0.256379,-0.754843,-2.40488
0.581888,-0.103611,-20.9357,0.0660082,-0.396434,1.12624,9.35059,-0.908122,-25.9673,-0.208484,-0.759243,-2.41948
-1.53809,-0.82571,-19.6186,0.027679,-0.328592,1.22819,10.7602,-2.57967,-27.8457,-0.22844,-0.859209,-2.22072
-2.59894,-0.904255,-18.6445,0.106774,-0.25386,1.20783,9.58534,-1.65063,-26.19,-0.224492,-0.742928,-2.27886
-1.01323,-0.735348,-19.6428,0.0139284,-0.334014,1.24234,8.76124,-0.416475,-24.566,-0.304605,-0.631502,-2.20484
1.12487,0.567153,-22.4271,0.0796729,-0.557477,1.04258,8.46919,-0.141666,-25.0659,-0.302188,-0.694022,-2.29297
1.60736,1.25306,-21.939,0.0231463,-0.487678,1.09889,8.51834,0.477644,-23.6077,-0.230199,-0.592595,-2.53149
1.07256,1.26554,-21.7518,0.0107805,-0.543136,1.09865,10.6531,-0.390762,-27.463,-0.214932,-0.978198,-2.41354
-0.511803,-0.136267,-19.9466,-0.0277241,-0.374548,1.26305,11.4292,-0.598802,-27.1843,-0.239689,-0.9131,-2.47502
-1.78002,-1.16135,-19.7011,0.120658,-0.318536,1.2009,12.9777,-0.138642,-28.9639,-0.254869,-1.02486,-2.48607
-0.731971,-0.349165,-20.4355,0.0806442,-0.360097,1.12156,9.79453,1.28628,-25.8328,-0.231515,-0.79918,-2.53014
0.329596,0.246585,-21.6875,0.0930663,-0.441012,1.06313,8.09344,2.08033,-24.0453,-0.240128,-0.668257,-2.55752
1.08223,0.740321,-22.0526,-0.0154981,-0.515434,1.18467,7.94457,1.31199,-24.6337,-0.137286,-0.769198,-2.64892
1.1008,0.321519,-22.1907,0.0505122,-0.520205,1.20056,10.7996,0.291836,-26.5187,-0.24781,-0.799531,-2.34865
-0.22878,0.00218773,-20.8144,0.0436443,-0.422397,1.21448,12.8459,-2.1103,-29.4458,-0.233402,-1.08309,-2.21694
-1.7983,-1.2853,-18.971,0.0719263,-0.220109,1.27764,10.2155,-0.629054,-26.534,-0.271948,-0.79111,-2.24909
-1.53286,-0.896084,-19.6413,0.041517,-0.323609,1.21318,10.0823,-0.884485,-26.7517,-0.135174,-0.960005,-2.44027
2.18223,0.441166,-23.4681,0.0261926,-0.651557,1.12295,9.2247,0.170851,-25.3202,-0.199064,-0.75214,-2.41264
1.37054,0.462473,-22.1705,0.038416,-0.496236,1.12573,8.71476,0.0737429,-25.5083,-0.280612,-0.799514,-2.32435
1.12864,0.0354013,-21.8374,0.0928345,-0.44667,1.07678,7.98862,0.84432,-24.0187,-0.215338,-0.686624,-2.5187
-0.761113,-0.193818,-19.9388,0.0263664,-0.35005,1.19033,10.7736,0.322907,-26.4964,-0.260719,-0.835011,-2.46468
-1.55125,-0.257797,-19.4329,0.0535942,-0.304978,1.15713,11.262,-0.172696,-26.4022,-0.217034,-0.83257,-2.43843
-1.81283,-0.7668,-18.6795,0.0543387,-0.24982,1.19062,11.6271,-1.31991,-28.172,-0.237469,-1.01323,-2.3211
1.0838,1.54787,-21.6605,0.0909996,-0.49998,0.968645,9.16345,-0.14494,-25.5187,-0.167445,-0.850127,-2.42897
1.60607,1.12577,-22.4268,-0.0166109,-0.541281,1.161,9.04634,0.756372,-25.3608,-0.290895,-0.777626,-2.351
0.0347458,-0.498591,-20.1189,-0.000440449,-0.370052,1.24716,10.0185,0.272582,-25.9192,-0.253041,-0.778891,-2.40212
-0.492538,-0.180124,-20.8537,-0.0135709,-0.433628,1.24234,10.5614,0.325229,-25.5687,-0.238717,-0.758841,-2.43055
-1.80563,-0.668839,-19.5398,0.0412252,-0.318713,1.19959,9.44955,0.318687,-25.7058,-0.216164,-0.874405,-2.51549
0.595281,0.0896635,-21.7656,0.0796964,-0.450855,1.09161,9.49917,0.00529003,-25.1363,-0.326028,-0.797184,-2.41319
0.824164,0.283671,-21.1536,0.0126537,-0.497205,1.1597,11.1638,-0.98066,-27.3176,-0.235002,-0.953037,-2.34345
1.37056,0.166194,-21.8213,0.0253947,-0.476015,1.16394,9.95422,-0.139671,-26.5495,-0.22776,-0.882283,-2.33396
0.0637488,-0.356075,-20.9648,0.0669611,-0.400277,1.13993,10.0937,-0.725173,-26.7975,-0.165106,-0.966033,-2.46878
-0.730686,-0.756756,-20.123,0.119608,-0.344918,1.17667,10.719,-0.199537,-26.9537,-0.248807,-0.977947,-2.35174
-1.28532,-0.119405,-20.178,0.0277024,-0.430249,1.16525,9.78448,0.887094,-26.4213,-0.299822,-0.868725,-2.41565
-1.01482,-0.14137,-20.3412,0.0402077,-0.374472,1.16571,8.51999,1.09515,-25.2773,-0.258804,-0.855503,-2.40596
1.09753,0.559203,-21.6658,0.0381815,-0.461579,1.12169,8.53316,1.33033,-25.3683,-0.259247,-0.861203,-2.4201
1.34987,0.583452,-22.1306,-0.0289987,-0.525285,1.21314,10.4283,-0.648397,-27.3244,-0.283011,-0.925184,-2.28215
0.0326455,0.128838,-20.3602,0.0388584,-0.371231,1.15165,12.1332,-1.69893,-28.4454,-0.232228,-1.07346,-2.22301
0.287534,0.747756,-21.5237,-0.00206868,-0.475326,1.1663,12.8388,-2.29819,-29.694,-0.258762,-1.14672,-2.14588
-1.83971,-0.738747,-18.6704,-0.0396871,-0.293304,1.32133,8.73913,1.18318,-25.8026,-0.224857,-0.9154,-2.46746
-1.27329,-0.557423,-19.5574,0.0675533,-0.304957,1.15599,7.75984,1.66625,-24.9229,-0.27755,-0.856338,-2.50396
1.6395,0.267987,-21.8149,0.0518697,-0.461948,1.12058,7.03172,1.96894,-23.1068,-0.213865,-0.766576,-2.62283
1.64298,-0.0627689,-21.9229,0.0255462,-0.480984,1.17778,9.6733,-0.171481,-26.3655,-0.248452,-0.954651,-2.37719
1.3805,-0.0257139,-22.3233,0.0431789,-0.522689,1.21229,11.6862,-0.632753,-27.8684,-0.195551,-1.05406,-2.34628
-2.05238,-0.896233,-18.6961,0.121669,-0.220481,1.1033,13.8488,-2.57296,-29.7494,-0.221252,-1.17084,-2.19336
-1.54253,-0.328315,-19.4563,0.0671757,-0.300025,1.1422,12.5939,-0.172701,-27.2669,-0.261147,-0.959369,-2.27072
-1.83014,-0.550906,-18.6093,0.0136678,-0.264505,1.23467,7.92146,0.45868,-24.5115,-0.156031,-0.849081,-2.46221
0.267977,1.05257,-20.5316,0.0239713,-0.392303,1.11479,6.45546,1.13203,-24.0769,-0.227874,-0.775675,-2.38085
2.12053,1.91795,-23.5603,-0.0445556,-0.636207,1.14703,7.60438,0.396381,-25.7726,-0.233863,-0.939253,-2.46722
2.43061,0.757891,-23.0734,0.0373898,-0.557048,1.10607,9.65554,0.161284,-26.9285,-0.256971,-1.01279,-2.45163
2.96186,0.571754,-22.7415,0.0506587,-0.523092,1.1009,12.2193,-0.773478,-27.7665,-0.208154,-1.0967,-2.30317
-3.12264,-1.9723,-18.0464,0.00306843,-0.231406,1.33893,13.3836,-1.59027,-29.5931,-0.198052,-1.17425,-2.28988
-3.65097,-1.3147,-18.6629,0.0605356,-0.27384,1.27764,11.5084,0.126653,-27.5232,-0.250636,-1.07475,-2.35505
-3.12091,-1.5024,-18.6488,0.0482385,-0.335161,1.29046,10.5302,0.853123,-26.4132,-0.210928,-0.960743,-2.47609
-0.477327,-0.358732,-20.466,0.0405959,-0.379557,1.17879,6.77704,2.09809,-24.4744,-0.312359,-0.804171,-2.46895
4.77132,3.00789,-25.4474,0.00847461,-0.857025,0.965684,6.33782,2.3101,-23.1184,-0.266028,-0.698714,-2.45816
4.24222,1.76953,-24.1407,-0.0311931,-0.719639,1.1204,9.41116,-0.931324,-26.0173,-0.281627,-0.896684,-2.24462
0.566815,-0.24383,-19.9599,0.0798376,-0.378942,1.1023,13.294,-3.04246,-29.8075,-0.236349,-1.23102,-2.12073
-1.79755,-1.23774,-19.7251,0.0151799,-0.342358,1.27081,13.2555,-2.98793,-29.941,-0.217592,-1.21534,-2.2382
-3.14093,-0.904263,-18.588,0.028714,-0.262481,1.23438,8.18993,0.737727,-24.9643,-0.188978,-0.94205,-2.47825
-2.61818,-0.27168,-20.6663,-0.0520103,-0.450118,1.30101,8.03955,1.51845,-24.9059,-0.256669,-0.830365,-2.43104
-1.01162,-0.713171,-19.6343,0.0546357,-0.314693,1.18421,9.01505,0.913064,-25.7408,-0.257943,-0.888038,-2.39587
2.95818,1.1656,-23.7586,0.0512909,-0.658783,1.04199,9.50107,0.669135,-25.7269,-0.221652,-0.908943,-2.44176
3.99819,1.29772,-23.9447,0.0399448,-0.63111,1.13072,11.207,-0.279369,-27.0033,-0.199556,-1.01181,-2.42648
2.44019,-0.0908937,-22.3295,0.0528887,-0.553253,1.12327,12.4082,-0.900702,-28.7761,-0.215319,-1.12844,-2.36781
0.0492313,0.50938,-22.338,0.0399017,-0.575613,1.10134,9.68923,0.240464,-26.0702,-0.211408,-0.955916,-2.46202
-3.91892,-1.48868,-18.691,0.047941,-0.28296,1.30628,9.24556,0.492,-26.0882,-0.251948,-0.895117,-2.3125
-3.38491,-1.00919,-19.9341,-0.00993337,-0.379475,1.28984,9.31843,1.28759,-25.4742,-0.25629,-0.866458,-2.42297
-2.87991,-0.52457,-19.2537,0.00317028,-0.382903,1.2277,10.4706,0.0775099,-27.2105,-0.265599,-1.10862,-2.30704
1.10798,0.755763,-22.4956,0.0525218,-0.515814,1.08639,9.71225,-0.0147858,-26.2942,-0.230629,-0.984335,-2.30187
2.42548,0.926013,-23.338,0.0254939,-0.642651,1.09473,11.864,-1.70994,-28.7207,-0.246732,-1.14728,-2.17986
2.73157,0.345137,-24.1296,0.0791045,-0.611224,1.06931,8.43262,0.311873,-25.2947,-0.22478,-0.943011,-2.39441
2.14846,0.308751,-22.2944,0.0289299,-0.523978,1.21277,9.10339,-0.754088,-26.3792,-0.209017,-1.01089,-2.2891
-0.737877,-1.1431,-20.6948,0.0401096,-0.422409,1.31056,9.06377,-1.13266,-26.2325,-0.185274,-1.01716,-2.30429
-1.24896,-1.00686,-20.9135,0.0432344,-0.473406,1.19593,10.9015,-0.73829,-27.2528,-0.182312,-1.02217,-2.35648
-1.79178,-0.843394,-20.0423,0.0556439,-0.347952,1.18839,10.3603,1.42676,-26.1432,-0.309963,-0.911221,-2.44476
-1.8478,0.356336,-19.5143,0.044644,-0.398382,1.17782,11.375,1.20133,-27.1247,-0.334706,-0.962706,-2.39457
1.61269,1.74075,-23.4367,0.024339,-0.657637,1.04404,10.7635,0.684596,-26.8411,-0.211378,-0.991439,-2.46492
0.562808,0.707273,-21.5638,0.0517006,-0.451449,1.0933,10.3189,0.722983,-26.2095,-0.25226,-0.957903,-2.31446
0.577158,0.398742,-21.6646,0.0656924,-0.451148,1.09238,8.45345,0.471493,-24.9198,-0.181384,-0.920291,-2.4067
0.830464,0.976811,-22.7127,0.0257283,-0.606495,1.09179,8.90874,-0.388608,-25.897,-0.233366,-1.01972,-2.25505
-1.53818,-0.601949,-20.308,0.0289319,-0.439113,1.19297,8.81698,-1.04581,-26.225,-0.197087,-1.00975,-2.28876
-1.25979,-0.901511,-20.4325,0.0428879,-0.439064,1.1918,9.90482,-0.890762,-26.4497,-0.230554,-0.997666,-2.24803
-0.198125,-0.524139,-21.885,0.0145269,-0.492617,1.22048,11.9637,-1.02176,-28.0829,-0.267132,-1.08356,-2.18883
-0.460277,-1.36793,-20.3488,0.0288302,-0.373248,1.25891,11.5077,-0.52553,-27.2733,-0.295496,-1.02856,-2.23969
3.23457,0.985073,-24.8669,0.011168,-0.695648,1.12284,9.24199,0.641247,-26.0137,-0.230638,-0.964095,-2.34067
1.65038,0.686147,-23.0176,0.0922327,-0.531758,1.033,8.75843,0.982864,-25.5961,-0.260314,-0.937961,-2.37949
-0.220282,-0.258622,-22.1161,0.0131731,-0.598271,1.2714,9.24113,0.889683,-26.0928,-0.237835,-0.987281,-2.41256
-1.50827,-1.12357,-20.6075,0.121398,-0.382721,1.19451,10.9032,-0.284245,-27.7335,-0.205607,-1.12501,-2.39999
-1.84011,-0.559336,-19.4964,-0.0216316,-0.364908,1.34547,11.4343,-0.71656,-27.213,-0.183851,-1.07616,-2.34216
-0.747472,0.093236,-20.737,0.066891,-0.389998,1.11224,10.9195,-0.496537,-27.9749,-0.267296,-1.16367,-2.27046
1.08067,1.50201,-22.6974,0.0239118,-0.546326,1.07899,8.02695,1.47042,-25.0781,-0.262422,-0.961488,-2.38738
1.07002,1.14362,-21.9215,-0.00279918,-0.501357,1.14205,9.26585,0.627437,-25.9776,-0.313934,-0.951857,-2.33966
0.571905,0.382132,-22.5628,-0.0142494,-0.553681,1.20251,9.93174,0.0210037,-27.2218,-0.335955,-1.06503,-2.36629
-1.51285,-1.18527,-20.0527,0.0699987,-0.39933,1.17241,10.6046,-0.914689,-27.3329,-0.164932,-1.16371,-2.34134
-1.53655,-0.895205,-19.6403,0.041771,-0.323548,1.21294,10.6829,-0.989538,-26.6647,-0.226922,-0.950958,-2.26626
1.38228,0.490996,-23.0547,0.0391033,-0.560163,1.1195,9.20382,-0.144608,-26.0336,-0.310433,-1.01354,-2.24256
0.8476,0.210289,-22.1998,0.0395052,-0.500121,1.13934,8.96612,-0.236218,-25.6366,-0.276291,-0.910247,-2.20994
1.10691,0.459756,-23.0376,-0.000972814,-0.579139,1.17773,10.017,0.774046,-26.1702,-0.224602,-0.997652,-2.42981
-1.31341,-0.252888,-19.9036,-0.053294,-0.387859,1.30609,10.7125,0.158151,-26.9592,-0.256502,-1.07033,-2.43959
-1.00198,-1.07656,-20.1996,0.0152169,-0.372872,1.25999,11.2451,-0.202758,-27.2245,-0.263466,-1.10748,-2.29537
0.323588,-0.137504,-22.2592,0.0138059,-0.518388,1.19658,10.2571,0.29814,-25.5749,-0.198502,-0.97085,-2.44358
0.904659,-0.0919018,-23.1846,0.192076,-0.518285,1.00285,9.91376,0.171497,-26.8247,-0.22253,-1.07316,-2.46402
0.829987,0.72217,-22.4788,0.0119451,-0.535012,1.14519,9.40085,0.168807,-26.6275,-0.207072,-1.10973,-2.40338
0.313901,0.520236,-22.3618,0.0402531,-0.575782,1.10072,8.95362,0.761459,-26.0015,-0.214654,-0.99784,-2.44113
-0.489859,0.508718,-21.5212,0.0393912,-0.459576,1.12208,10.4736,-0.202584,-26.3431,-0.205516,-1.00077,-2.3337
-2.06963,-0.622009,-19.4975,0.106683,-0.313779,1.18761,10.5745,-1.04929,-27.8646,-0.176149,-1.13557,-2.33056
-1.00386,-0.905583,-20.5837,0.0841587,-0.41531,1.29741,10.6599,-0.511619,-27.1527,-0.215057,-1.07751,-2.36837
0.855083,0.432453,-22.8909,0.0402767,-0.610731,1.1045,8.82688,-0.33634,-26.3662,-0.153659,-1.10762,-2.3886
1.10699,1.01171,-22.4115,0.0916469,-0.492187,1.01524,9.44211,-0.0285559,-26.5697,-0.246224,-1.05699,-2.25855
1.37674,0.396821,-23.0849,0.0123903,-0.574555,1.16286,10.0685,0.732723,-26.1567,-0.294088,-0.950452,-2.31331
-0.207567,-0.403522,-20.9539,0.105794,-0.409853,1.17141,10.2396,0.629458,-26.1377,-0.207403,-1.02867,-2.51784
-1.2715,-1.05214,-19.7183,0.0285309,-0.333367,1.24141,10.4499,-0.218298,-26.6427,-0.227991,-1.09227,-2.349
-0.194217,-0.764808,-21.0714,0.0548807,-0.413941,1.18199,10.9082,-0.404864,-28.0092,-0.243978,-1.18137,-2.31399
-0.216957,-0.219399,-20.8933,0.0403981,-0.409683,1.16912,10.3079,0.920472,-26.3995,-0.25701,-0.930152,-2.40238
0.849471,0.636693,-23.2705,0.0268819,-0.645309,1.10932,9.00311,0.616549,-25.8332,-0.256215,-0.996073,-2.28037
1.36119,1.29544,-22.792,0.0643726,-0.532002,1.03477,8.92409,0.0308065,-26.1891,-0.231736,-0.980094,-2.29937
0.586997,-0.00198078,-21.7958,0.053282,-0.465186,1.13454,11.4641,-1.12312,-27.5119,-0.331667,-1.03873,-2.17193
-2.33383,-0.890649,-19.429,0.0295377,-0.378679,1.21271,10.4256,-0.774536,-26.4441,-0.208607,-1.06935,-2.27752
-1.812,-0.466956,-20.2364,0.0020646,-0.44844,1.2223,8.92836,-0.287028,-25.6156,-0.229516,-0.93997,-2.28295
-0.758662,0.236939,-20.6903,0.0397216,-0.399805,1.14167,9.20108,0.251371,-26.3153,-0.231543,-0.987287,-2.31441
1.37484,0.727603,-22.9771,0.0385071,-0.555565,1.10573,8.46023,0.947066,-25.5391,-0.213764,-0.96615,-2.45163
2.44505,0.87939,-24.2452,0.0391026,-0.701837,1.07453,10.9535,-0.209288,-26.8581,-0.201779,-1.06175,-2.40997
1.12055,0.150829,-23.1383,0.0129677,-0.578857,1.17691,11.9252,-0.910359,-28.1239,-0.209094,-1.12495,-2.29057
-1.50325,-0.99347,-20.8825,0.0835652,-0.453836,1.1381,10.1429,0.00222683,-27.2531,-0.223768,-1.10357,-2.45289
-0.737144,-0.474386,-20.9225,0.0411383,-0.413646,1.18327,10.4148,0.211552,-27.8272,-0.248628,-1.12754,-2.42645
-1.00821,-0.452536,-20.7588,0.0287549,-0.469381,1.18274,10.4717,0.374323,-26.5488,-0.190019,-1.04741,-2.46347
0.333635,0.103456,-22.1812,0.132109,-0.485155,1.09836,8.27545,1.32446,-25.1776,-0.289712,-0.911799,-2.4183
0.569457,0.766521,-22.3086,0.0396897,-0.571531,1.08671,9.89485,0.211557,-27.3088,-0.247973,-1.10645,-2.45382
1.08548,0.503051,-22.4483,-0.0406665,-0.615361,1.21633,9.96667,-0.0899563,-25.8528,-0.193009,-0.975101,-2.35879
0.841834,-0.0143805,-21.8274,0.0127654,-0.484862,1.19241,10.3546,-1.13649,-27.34,-0.209558,-1.07599,-2.26923
-0.995344,-0.89148,-20.5862,0.0800104,-0.398111,1.23857,10.4803,-0.469202,-26.695,-0.264995,-0.988434,-2.21991
-2.34313,-1.20613,-18.7686,0.00208419,-0.28244,1.29081,10.2272,-0.401339,-26.5497,-0.267719,-1.03804,-2.20324
0.0776749,0.229118,-22.1131,0.120585,-0.460485,1.02345,8.92429,0.0309372,-26.1893,-0.231581,-0.980194,-2.29944
0.819555,0.996539,-22.835,-0.0151334,-0.574471,1.16485,10.2896,0.406305,-26.5394,-0.264787,-0.975177,-2.27364
1.64032,0.95857,-23.6926,0.0393032,-0.666594,1.07088,9.39542,0.127682,-26.2897,-0.179735,-1.04191,-2.46071
0.335188,-0.281832,-22.3063,0.0406828,-0.508673,1.16736,9.67827,0.24431,-26.8295,-0.227837,-1.04827,-2.39069
-0.458202,-0.979533,-21.1149,0.0801674,-0.433069,1.24241,10.2192,0.442444,-26.4033,-0.192644,-1.09704,-2.44683
-1.02347,0.228566,-20.6665,0.0398217,-0.399536,1.14186,11.2632,-0.0341787,-27.437,-0.25453,-1.04469,-2.26756
0.0476191,0.586861,-21.9963,0.0525859,-0.485057,1.0973,11.9081,-1.30259,-28.5579,-0.254905,-1.06738,-2.20708
-1.0173,-0.603124,-20.0453,0.0141216,-0.363725,1.23246,8.67152,0.231718,-25.3199,-0.170656,-0.956664,-2.41028
0.318801,0.358635,-22.0978,0.0529283,-0.489975,1.11101,8.74089,0.858216,-26.0168,-0.296871,-0.959597,-2.34033
-0.212694,-0.549956,-21.0015,0.0140898,-0.428705,1.22629,8.28428,1.24981,-24.7121,-0.245891,-0.883399,-2.41656
1.65453,0.352818,-23.444,0.0402466,-0.64605,1.10828,9.89286,-0.202662,-26.8274,-0.201244,-1.0049,-2.42248
0.864371,-0.0462132,-22.1546,0.081018,-0.536687,1.07998,13.3451,-2.2637,-30.1085,-0.248534,-1.24275,-2.14858
-0.762111,-0.188289,-20.8288,-0.013169,-0.433252,1.24229,10.3992,-0.22383,-28.0123,-0.226226,-1.1727,-2.28356
-0.217016,0.115334,-21.6764,0.0267241,-0.47397,1.1643,8.96908,0.748934,-26.0132,-0.20747,-0.98045,-2.38348
-1.01585,-0.343933,-19.9606,0.053959,-0.33983,1.16058,8.57658,1.34286,-25.7119,-0.312085,-0.889121,-2.24745
-0.761114,-0.0599365,-20.3412,0.0266659,-0.379652,1.18009,9.1198,-0.0929937,-26.1639,-0.179831,-1.03479,-2.44567
-0.512007,0.129128,-20.7521,-0.027327,-0.433874,1.24305,10.4996,-0.196703,-26.7854,-0.349396,-0.998325,-2.26434
2.67541,1.70812,-24.4478,-0.00259079,-0.737369,1.08118,12.3868,-1.16185,-28.9963,-0.229779,-1.19716,-2.31134
3.2281,1.39957,-24.1559,0.0778317,-0.67439,0.988711,12.8789,-1.77881,-29.1779,-0.225122,-1.25105,-2.19888
-2.06873,-1.33758,-19.1486,0.0473668,-0.366296,1.28063,8.1697,0.884521,-25.9422,-0.185778,-0.993651,-2.42434
-3.63211,-2.23684,-18.9698,0.0434483,-0.308956,1.37802,6.62653,0.732204,-24.7198,-0.215304,-0.915613,-2.42895
0.0478657,0.330863,-22.0801,0.0133576,-0.508719,1.16845,7.04666,2.1756,-23.83,-0.21355,-0.904365,-2.50677
0.573773,0.0504541,-21.7794,-0.000164493,-0.489256,1.20679,10.9891,0.0522633,-27.2992,-0.222671,-1.11777,-2.30871
1.67116,0.134771,-23.0704,0.132613,-0.601945,1.07642,11.7283,-0.537513,-28.2299,-0.268233,-1.09357,-2.21606
-0.223645,0.184554,-20.7622,0.0530704,-0.39555,1.12649,12.1492,-0.976391,-28.1379,-0.162061,-1.15607,-2.36425
-0.226724,0.260314,-21.6293,-0.000221637,-0.483662,1.19341,11.8894,-0.748026,-29.0907,-0.212822,-1.19413,-2.29486
-1.27385,-0.384882,-20.3929,0.0412793,-0.378554,1.17909,9.40732,0.0935869,-26.1626,-0.163381,-1.08147,-2.40159
0.334174,0.0130844,-21.7644,0.0939913,-0.445461,1.07625,7.28159,1.54639,-23.7593,-0.233036,-0.825921,-2.45192
0.845067,0.415125,-22.5796,0.0262381,-0.534624,1.14399,8.6642,0.141736,-25.7233,-0.225926,-0.973415,-2.38294
0.834277,0.392379,-22.5866,-0.0139851,-0.553906,1.20206,8.96007,0.359345,-25.4115,-0.193808,-0.946154,-2.38155
0.84487,0.580468,-22.5256,0.0391604,-0.525138,1.11544,12.8549,-1.87286,-30.048,-0.263691,-1.29078,-2.13064
-1.8019,-0.995835,-19.6466,0.0153746,-0.337541,1.25604,12.109,-1.05499,-28.9966,-0.207337,-1.21343,-2.35405
-1.79815,-0.683536,-19.5449,0.120206,-0.30915,1.17252,11.6256,-1.06876,-28.3441,-0.201836,-1.20949,-2.27643
-0.454434,-0.180743,-22.0641,0.0555062,-0.54926,1.12334,9.47988,0.646555,-26.0554,-0.194958,-0.989383,-2.39971
1.64904,0.888992,-23.7156,0.0531423,-0.661521,1.05568,6.60458,2.62348,-23.6176,-0.292505,-0.790435,-2.44726
1.89679,0.909226,-23.2901,0.0258164,-0.642042,1.09495,7.04078,2.39064,-24.1575,-0.227499,-0.819483,-2.59575
0.86939,-0.580774,-22.3301,0.0802822,-0.575039,1.19703,8.92744,0.10537,-25.6196,-0.216055,-1.03175,-2.38214
-1.53132,-0.800776,-19.6097,0.0684487,-0.309133,1.16954,13.3744,-2.29224,-29.5162,-0.248782,-1.25948,-2.13041
-1.01398,-0.304764,-20.3943,0.0273444,-0.383832,1.19381,13.118,-2.11824,-29.5259,-0.279507,-1.26374,-2.15834
-1.00827,-0.37588,-20.4176,0.040944,-0.378919,1.179,12.88,-0.985781,-30.3712,-0.259648,-1.33728,-2.26029
0.843576,1.08065,-23.2546,0.0386104,-0.579903,1.082,7.70438,1.09192,-25.8119,-0.24715,-1.00631,-2.31939
0.808131,1.26862,-22.3004,-0.00233597,-0.530635,1.13203,6.50187,1.79675,-24.0551,-0.250243,-0.901056,-2.42088
0.302997,0.705762,-22.4303,0.0124343,-0.534282,1.14519,6.79455,1.64235,-23.2793,-0.213816,-0.782386,-2.41859
-1.01028,-1.04401,-20.1895,0.0402127,-0.387649,1.30617,9.62185,-0.42824,-26.454,-0.110225,-1.10159,-2.3597
-0.464615,-1.20352,-20.7417,0.0538917,-0.417652,1.29514,12.3825,-2.02854,-28.096,-0.168207,-1.17485,-2.17655
0.316138,-0.532063,-21.0495,0.0138908,-0.429278,1.22583,13.4012,-2.04985,-29.1387,-0.265338,-1.24238,-2.18603
0.854039,0.433687,-22.8907,0.0404689,-0.610682,1.10427,11.7551,-0.0709429,-27.8231,-0.233581,-1.14547,-2.28527
0.304774,0.206114,-21.7013,0.0129836,-0.479509,1.17856,8.77832,1.23141,-25.2379,-0.234722,-0.927046,-2.43534
0.0539278,0.0542507,-21.7242,0.0402529,-0.46939,1.14924,7.22587,1.4447,-24.9456,-0.251684,-0.963292,-2.39967
-0.188422,-0.413288,-21.2749,0.0955717,-0.470993,1.08487,8.74727,1.30558,-26.1876,-0.22028,-0.984357,-2.39609
-0.494478,-0.215289,-20.4191,0.0135411,-0.389426,1.20831,11.4031,-0.589355,-28.4726,-0.244491,-1.21333,-2.30348
-0.726539,-0.285231,-20.8615,0.0945339,-0.384804,1.09644,11.3536,-1.12526,-28.2801,-0.190157,-1.21407,-2.2903
1.12045,0.780123,-23.3798,0.0524075,-0.579974,1.08111,10.6775,-0.812924,-27.3767,-0.258164,-1.10471,-2.19532
0.307232,0.502399,-22.0506,0.0259444,-0.499689,1.14027,10.1915,-0.289388,-26.5904,-0.209398,-1.07945,-2.30494
0.0549392,0.349961,-22.0735,0.0532452,-0.489594,1.11102,7.51627,1.54101,-24.2493,-0.222178,-0.867976,-2.46965
-1.51673,-0.812905,-20.0598,0.0955299,-0.329043,1.13034,8.18239,1.0426,-25.987,-0.215593,-0.999375,-2.45291
0.585533,0.202145,-22.1758,0.0397715,-0.499744,1.13932,9.48479,0.359962,-26.2679,-0.24491,-1.03394,-2.28454
0.0384022,-0.105122,-20.4372,0.03969,-0.375729,1.16494,13.3531,-2.21011,-29.9989,-0.250646,-1.29409,-2.13278
0.828267,0.757068,-22.0217,0.0250653,-0.495785,1.12623,12.4481,-1.55243,-28.2823,-0.280991,-1.14936,-2.1195
-0.480203,-0.0621729,-20.8153,0.053603,-0.399827,1.14056,10.1845,-0.279662,-27.1779,-0.243937,-1.03943,-2.265
-0.775583,-0.136054,-20.8122,-0.0667216,-0.457334,1.31456,7.80187,1.8339,-24.4037,-0.234093,-0.869178,-2.47006
-0.481549,-0.150446,-21.7366,-0.0126823,-0.497467,1.23596,7.74644,1.53552,-24.74,-0.212314,-0.909885,-2.48724
-0.491129,0.00669765,-21.1095,0.0145639,-0.49999,1.17339,9.4565,0.693199,-26.5101,-0.269114,-1.03404,-2.44675
2.16887,0.680525,-23.3915,0.0261376,-0.646909,1.1086,10.2645,-0.383037,-25.7847,-0.262046,-0.923748,-2.22866
1.13086,-0.201516,-22.2327,0.0679369,-0.546442,1.10817,13.8372,-1.97491,-30.6214,-0.205226,-1.36691,-2.22373
-0.465453,-0.960155,-21.1087,0.0016827,-0.442428,1.26864,9.88294,-0.171268,-27.0457,-0.176837,-1.13631,-2.3648
-2.0387,-1.62146,-19.8242,0.0436222,-0.336657,1.25439,10.18,0.0181732,-27.6133,-0.236499,-1.13665,-2.28015
0.326846,0.289166,-22.121,0.0667415,-0.484972,1.09589,8.46533,0.576291,-25.7357,-0.244935,-0.999384,-2.29355
-0.499352,0.409681,-20.9786,0.0270721,-0.485944,1.13101,8.17534,0.533463,-25.6613,-0.240559,-1.02142,-2.36521
1.61244,1.18994,-22.8538,-0.00257331,-0.565958,1.13573,9.17197,0.253197,-26.1837,-0.186801,-1.06821,-2.37153
0.847621,0.376413,-22.1462,0.0526406,-0.490612,1.11069,10.6173,-0.792744,-28.2875,-0.238262,-1.18587,-2.22919
-1.26273,-0.443011,-19.8372,0.10881,-0.366533,1.07262,12.3701,-1.24478,-29.7556,-0.293909,-1.28686,-2.21494
-1.03965,0.278215,-20.6496,-0.0136878,-0.423626,1.21445,11.7014,-0.352201,-28.2988,-0.22162,-1.12915,-2.30339
-0.462931,-0.366539,-21.807,0.0279113,-0.482772,1.19189,10.2708,0.698497,-25.729,-0.186957,-0.988557,-2.48673
0.577703,0.569016,-22.8198,0.0136002,-0.620152,1.13378,7.01836,1.7924,-24.2808,-0.216502,-0.853227,-2.4244
0.857733,0.568394,-22.9756,0.0662966,-0.545038,1.07622,8.69744,0.622647,-25.4552,-0.201142,-0.967961,-2.45259
1.11126,0.258545,-22.6578,0.012827,-0.544479,1.17246,8.64388,0.617728,-26.2098,-0.213576,-1.10001,-2.48491
-0.730031,-0.840913,-20.5967,0.0417474,-0.388503,1.20659,10.703,-0.227911,-26.696,-0.185526,-1.10007,-2.35004
-1.0032,-0.871627,-20.5796,0.00167448,-0.407443,1.26471,12.5955,-2.01104,-29.5014,-0.250368,-1.26097,-2.14234
-1.77859,-1.57908,-19.3911,0.0564894,-0.297755,1.23544,12.2443,-0.583742,-28.162,-0.257596,-1.15388,-2.21694
1.90374,0.619905,-23.5133,-0.00134698,-0.609742,1.16723,10.4721,-0.0728359,-26.6999,-0.251232,-1.08065,-2.31981
1.61192,1.06217,-23.3416,-0.042383,-0.619583,1.19791,8.63411,0.212509,-26.0855,-0.175908,-1.07127,-2.38466
0.847205,0.211291,-22.2001,0.0395871,-0.500135,1.13928,7.22109,1.29813,-24.4518,-0.196231,-0.940829,-2.41256
-1.00405,-0.575432,-20.9289,0.0147023,-0.427683,1.22652,7.9454,0.452526,-25.1542,-0.232293,-0.967882,-2.30429
-1.28452,-0.40795,-20.4004,0.000942312,-0.397906,1.23734,8.62009,-0.188084,-25.9322,-0.187153,-1.05388,-2.34143
-0.478302,0.531275,-21.5141,0.0796823,-0.440255,1.06397,13.6117,-2.17998,-30.051,-0.292271,-1.30595,-2.16448
0.576516,1.23288,-23.4952,0.0258003,-0.665492,1.07206,12.9152,-1.23429,-29.3875,-0.237168,-1.2568,-2.21282
-0.22385,0.522161,-21.8544,0.0576096,-0.553169,1.14109,10.966,0.332935,-27.2128,-0.211838,-1.03294,-2.47102
-0.741176,0.0197077,-21.0789,0.0545763,-0.480425,1.11565,9.36871,1.94148,-25.1425,-0.28698,-0.916821,-2.49332
0.584674,0.200021,-22.4939,0.013955,-0.595048,1.15745,7.08973,2.25879,-23.5409,-0.24387,-0.801104,-2.47688
-0.463586,-0.998231,-20.6748,0.0283381,-0.398323,1.23514,9.15419,0.352726,-26.1893,-0.212468,-1.09723,-2.47237
-0.199312,-0.692219,-21.0483,0.0413281,-0.418863,1.19665,9.83772,-1.21839,-27.0965,-0.224028,-1.1126,-2.22267
0.837742,0.189226,-22.2069,-0.000586045,-0.519366,1.19716,10.8451,-1.50351,-27.6014,-0.211817,-1.15338,-2.22876
0.868756,-0.0773792,-22.741,0.10554,-0.534517,1.1454,11.6676,-0.851988,-28.4272,-0.236214,-1.19178,-2.23257
1.39362,0.143477,-23.1692,0.0915822,-0.569786,1.15007,10.0299,0.269073,-25.9932,-0.251235,-0.945469,-2.28542
-0.511561,0.131108,-20.752,-0.0271316,-0.433837,1.24273,8.93384,0.576085,-26.2675,-0.199397,-1.06646,-2.37026
-1.53506,-0.764929,-20.3615,0.0160767,-0.448522,1.22111,9.15551,0.268167,-26.1727,-0.193774,-1.08576,-2.42942
-1.54749,-0.402974,-20.2437,0.0671511,-0.444346,1.21036,9.93383,0.393101,-26.3583,-0.139166,-1.10796,-2.46118
-0.205955,0.176742,-22.1032,0.0402925,-0.498732,1.13955,10.6931,-0.0300198,-27.2246,-0.241334,-1.139,-2.36844
0.855559,0.563729,-22.085,0.105934,-0.461828,1.02411,11.2045,-0.186028,-27.6976,-0.211355,-1.15445,-2.31266
2.68273,1.21144,-23.4005,0.0236128,-0.587241,1.09626,11.5056,0.0142946,-27.8167,-0.24596,-1.138,-2.26948
0.050528,-0.544083,-21.3439,-0.0119194,-0.524348,1.24436,9.25342,0.6948,-25.9029,-0.231959,-1.01547,-2.32488
-0.764933,-0.153559,-20.3717,1.64336e-05,-0.394037,1.22335,7.48995,1.01632,-24.8379,-0.25514,-0.929899,-2.29963
-1.52982,-0.630848,-20.4464,0.0417846,-0.382864,1.19314,9.10966,-0.94165,-26.1608,-0.252035,-1.05053,-2.25871
-1.02772,0.13491,-20.6965,0.0133985,-0.413857,1.18499,10.3208,-1.47291,-27.5313,-0.212589,-1.15048,-2.2272
0.576709,0.736112,-22.4476,0.0524411,-0.515339,1.08711,12.2925,-2.22105,-29.8309,-0.240449,-1.29437,-2.14419
0.581499,0.0703592,-21.7724,0.0397681,-0.47006,1.14914,9.25598,0.713869,-26.0418,-0.24148,-0.958485,-2.32608
1.3869,-0.173279,-22.3797,0.0265808,-0.514849,1.18133,8.78169,1.49843,-25.7947,-0.302562,-0.959839,-2.43863
-0.478752,-0.894127,-20.6413,0.0397818,-0.418015,1.29606,10.0557,1.1524,-26.3175,-0.24792,-0.991691,-2.41451
-0.4673,0.0159502,-22.0003,0.093399,-0.554647,1.14122,10.7146,0.422977,-26.9286,-0.181354,-1.14075,-2.46539
0.317263,0.398001,-22.5311,0.0264615,-0.533975,1.14419,11.6974,-0.121434,-28.2399,-0.219215,-1.20948,-2.37426
-1.01597,-0.00833607,-20.7435,0.0403872,-0.404087,1.15558,9.59405,-0.628928,-26.8288,-0.176783,-1.12341,-2.33533
0.0420325,0.201298,-21.9861,0.0314777,-0.572445,1.1979,10.1762,-0.36111,-26.5628,-0.197744,-1.08553,-2.31963
-0.217692,0.281985,-21.6228,0.0398263,-0.464502,1.13564,8.97229,0.463022,-26.2264,-0.25729,-1.0252,-2.2684
1.65563,0.0215826,-22.7902,0.0915069,-0.540402,1.15965,8.72498,0.769077,-25.8505,-0.275172,-1.02283,-2.35399
-0.199015,-0.935646,-20.6818,0.0933208,-0.394178,1.22328,10.6517,-1.11859,-27.2585,-0.245871,-1.10513,-2.19592
0.0547583,0.35063,-22.0731,0.0532712,-0.489549,1.11089,10.0897,-0.811239,-27.292,-0.177297,-1.15519,-2.32511
-0.73398,-0.51094,-20.4888,0.0678553,-0.369526,1.14957,10.6278,-0.770468,-27.39,-0.188119,-1.15213,-2.31197
0.307484,0.502837,-22.0507,0.0258867,-0.499715,1.14025,9.23692,0.830239,-25.9553,-0.25127,-1.04341,-2.39911
-0.782279,0.0626068,-20.3014,-0.0405936,-0.408707,1.26734,9.28134,1.43426,-26.3025,-0.2494,-0.993008,-2.42641
-0.777087,0.452708,-20.62,-0.000901425,-0.414492,1.18576,11.0554,0.424429,-26.99,-0.255429,-1.07144,-2.27716
1.3762,0.522806,-22.9157,0.0265207,-0.616255,1.1188,12.1564,-0.883685,-29.4015,-0.250631,-1.25205,-2.20958
-0.193926,-0.340175,-20.9333,0.107685,-0.380612,1.08159,9.47035,0.125936,-26.1777,-0.244356,-1.02843,-2.27057
0.600096,-0.271262,-22.3307,0.0407069,-0.508972,1.16698,8.63278,0.0481606,-26.0225,-0.187313,-1.05961,-2.35573
0.313561,0.316463,-22.4292,0.065788,-0.59515,1.16062,8.90975,0.0371284,-25.5913,-0.203761,-1.03806,-2.39744
-1.00149,-0.651429,-20.0613,0.0681301,-0.339494,1.15949,9.15327,0.0618038,-26.1102,-0.228767,-1.07284,-2.3881
-0.718635,-0.727631,-21.0062,0.120299,-0.40879,1.1704,11.8165,-1.46322,-29.1358,-0.192271,-1.2748,-2.2679
0.858068,0.230667,-22.5111,0.0540054,-0.576107,1.09935,12.9126,-1.24642,-29.8374,-0.262343,-1.27361,-2.17113
0.815045,0.437845,-21.6793,-0.0281691,-0.494871,1.22261,8.51786,1.19021,-25.9729,-0.268775,-0.998878,-2.29257
0.597958,0.0598478,-22.2226,0.0668401,-0.489957,1.1098,7.53311,1.81888,-24.6785,-0.249726,-0.941644,-2.42664
-1.26529,-0.366318,-20.7044,0.0555308,-0.454631,1.13944,9.27399,0.87993,-25.6373,-0.246935,-0.947008,-2.39556
-1.01914,-0.101437,-20.7741,0.0137768,-0.418468,1.19881,10.9142,-0.557549,-27.4979,-0.229842,-1.15313,-2.32641
-0.74339,-0.236428,-20.8452,0.0407192,-0.409018,1.1693,11.3815,-0.817875,-28.398,-0.201825,-1.21388,-2.2898
1.6151,1.32055,-23.2569,-0.00270428,-0.595657,1.12606,10.6902,-0.32657,-27.5469,-0.26523,-1.13382,-2.2817
1.60199,1.08743,-22.3114,-0.0153686,-0.592425,1.14517,9.65176,-0.329791,-26.4928,-0.198548,-1.08259,-2.31806
0.313516,0.00667095,-22.2129,-0.0135209,-0.528252,1.22602,8.75438,0.868716,-25.8895,-0.256351,-1.00062,-2.2939
-1.79091,-0.804087,-20.4767,0.0288276,-0.392074,1.22177,8.71551,0.653215,-25.8055,-0.221328,-1.01852,-2.33786
-1.24859,-1.09493,-20.6253,0.0426653,-0.392352,1.22049,9.59469,-0.62717,-26.8293,-0.176605,-1.12344,-2.33547
-1.51487,-1.77415,-20.6911,0.0163435,-0.496015,1.3658,12.5325,-2.3688,-29.3613,-0.191544,-1.29099,-2.21576
1.63224,1.06614,-23.2121,0.0390391,-0.63221,1.06643,12.104,-1.08542,-29.3057,-0.222173,-1.28764,-2.31148
2.1404,1.04122,-22.9562,-0.0160489,-0.576163,1.16422,9.95461,0.328928,-26.0126,-0.146738,-1.01637,-2.45998
1.87794,1.32884,-23.2814,-0.00301386,-0.596088,1.12612,7.60268,2.5774,-24.6507,-0.312423,-0.871347,-2.48408
-1.54952,-1.29971,-19.3195,0.0060013,-0.334992,1.35346,7.2996,2.04868,-24.4063,-0.300897,-0.864386,-2.46932
-2.59616,-0.85668,-19.5201,0.0289625,-0.327054,1.22783,9.36724,0.657782,-27.7202,-0.187871,-1.20236,-2.4652
-1.01343,-0.258148,-20.8187,0.0449705,-0.425867,1.2281,10.2459,0.335168,-26.3804,-0.208702,-1.06209,-2.34522
-0.521248,0.660683,-20.1327,0.0253624,-0.366103,1.13821,14.3777,-2.68937,-30.8822,-0.30949,-1.31661,-2.01041
2.1828,0.577978,-23.5538,0.052133,-0.585929,1.09452,13.4114,-2.06191,-29.1496,-0.258171,-1.22517,-2.12847
1.87917,1.29494,-23.7382,-0.0159565,-0.635241,1.14485,12.3718,-1.72106,-29.1174,-0.302207,-1.23548,-2.17034
1.13008,0.0460024,-23.6192,0.0134525,-0.613172,1.18092,5.07949,2.78394,-21.9454,-0.255801,-0.758908,-2.49343
-2.34236,-0.856778,-18.9712,0.0428629,-0.33951,1.19396,5.41532,1.95816,-24.4044,-0.218078,-0.953433,-2.47801
-0.19097,-0.673038,-21.3591,0.0558261,-0.494841,1.15676,5.29475,2.09421,-22.1732,-0.214812,-0.767053,-2.4219
-0.718015,-1.1542,-19.8067,0.0954194,-0.304932,1.1535,10.7697,-0.412396,-25.7235,-0.216523,-1.00733,-2.28697
0.313801,0.133625,-21.725,0.0262303,-0.474631,1.16395,13.6306,-2.58288,-29.4386,-0.204167,-1.24563,-2.08687
0.832664,0.722618,-22.4789,0.011796,-0.534997,1.14508,13.7532,-2.17116,-27.7853,-0.273859,-1.11168,-2.09437
0.0576651,0.441341,-22.361,0.054062,-0.570513,1.08586,12.3886,-1.59711,-28.1044,-0.228959,-1.2548,-2.25101
-0.231551,0.425027,-21.5756,0.0128401,-0.474266,1.16506,9.69476,0.570885,-25.9272,-0.1357,-1.07873,-2.4742
-0.455426,-0.0876713,-22.0336,0.0821983,-0.534964,1.08023,7.55828,1.94947,-23.8371,-0.245159,-0.895496,-2.46928
-0.751508,-0.407004,-20.455,0.0794542,-0.389219,1.2105,5.9301,2.16363,-23.6574,-0.197549,-0.945233,-2.62344
0.0609105,0.11396,-22.1508,0.0538121,-0.494204,1.12474,6.99395,1.86935,-24.1771,-0.183257,-0.928418,-2.46759
1.39932,-0.184848,-22.8298,0.0538162,-0.534738,1.14203,12.3093,-1.43747,-30.5664,-0.284413,-1.34062,-2.18932
1.37016,0.302323,-23.434,-0.0398113,-0.684263,1.22412,13.6087,-2.29949,-29.5487,-0.247587,-1.26219,-2.13277
-1.27358,-0.885485,-19.6643,0.0416947,-0.323879,1.21268,11.6076,-1.43485,-28.5205,-0.273859,-1.23793,-2.12005
-1.28058,0.239643,-20.9529,0.0546845,-0.475192,1.10199,9.50727,-0.595698,-27.2733,-0.174311,-1.18263,-2.41203
0.0524929,0.0540066,-21.724,0.0403104,-0.469378,1.14919,7.51148,0.490669,-26.4636,-0.242147,-1.12281,-2.45917
0.578436,0.406727,-22.5553,0.0264082,-0.534332,1.14411,5.9671,0.770882,-24.5313,-0.128156,-1.04049,-2.59044
0.579931,0.369092,-22.1215,0.05309,-0.490241,1.11058,9.79994,-0.966522,-29.1546,-0.120036,-1.33653,-2.59992
-1.00211,-0.521701,-20.7824,0.0424753,-0.464481,1.16774,8.71479,-0.681225,-29.9909,-0.181295,-1.38731,-2.58531
-0.483589,-0.267431,-20.8827,0.0790668,-0.419271,1.20072,9.29783,-1.07851,-31.7741,-0.121571,-1.56018,-2.66952
0.57542,0.142465,-21.7491,0.0261842,-0.474979,1.16383,10.328,-2.1444,-35.3238,-0.144785,-1.74681,-2.59195
1.91337,0.600258,-23.3907,0.0395806,-0.641756,1.09409,8.7383,-1.34906,-35.4022,-0.110986,-1.76153,-2.62931
-0.478365,0.196239,-20.731,0.0931946,-0.375984,1.06883,7.9454,0.514529,-33.816,-0.175134,-1.52508,-2.62474
-0.738864,-0.644755,-20.5329,0.0794715,-0.39382,1.22445,7.70525,0.322071,-36.4632,-0.126092,-1.72292,-2.60628
-0.733951,-0.514256,-20.8069,0.0419434,-0.464809,1.16777,8.73153,0.795119,-36.5058,-0.0475237,-1.67472,-2.69338
-0.484716,-0.493795,-20.3813,0.014614,-0.445283,1.20698,5.82844,1.39991,-35.4891,-0.00461082,-1.58572,-2.81063
0.848063,0.373208,-22.4642,0.0266074,-0.585919,1.12888,7.72674,0.241035,-36.6245,0.00708094,-1.69648,-2.66274
1.12376,0.109818,-21.8138,0.0793089,-0.451462,1.09097,7.53041,-0.759952,-36.6675,0.129138,-1.73631,-2.67888
-0.242656,0.394135,-21.0106,-0.0139073,-0.505656,1.18931,5.62689,-0.0475073,-33.8784,0.188602,-1.50255,-2.61237
0.0257362,0.575752,-21.5534,-0.0149848,-0.484414,1.19458,6.15641,0.388232,-33.5557,0.21888,-1.5188,-2.58122
-1.53467,-0.729845,-19.5869,0.0545389,-0.314052,1.18441,11.1766,-1.56288,-36.6829,0.193656,-1.65193,-2.65006
-1.30501,-0.159719,-19.8734,-0.0269477,-0.373418,1.26282,9.73153,-1.94903,-36.0393,0.273972,-1.75677,-2.63041
1.39923,0.773908,-24.1723,0.0533527,-0.695555,1.06004,7.56645,0.0383406,-31.6788,0.147538,-1.26839,-2.65715
1.91154,0.934088,-24.1737,0.0259649,-0.706034,1.08937,9.12599,-0.0733881,-34.6727,0.0272519,-1.43986,-2.56217
0.865488,0.251507,-22.5042,0.0941406,-0.556885,1.04155,7.90544,-0.236251,-33.1044,0.131013,-1.43182,-2.77638
-1.76653,-1.55437,-20.2755,0.0566664,-0.361858,1.23007,8.38062,-1.47468,-34.8675,0.00152411,-1.55819,-2.54025
-1.29905,-0.523332,-20.4378,-0.0659175,-0.431554,1.33853,8.36158,-1.34799,-33.3644,0.0228719,-1.36787,-2.69478
-2.06921,-0.542857,-19.9177,0.0416682,-0.347957,1.18936,4.26158,-0.390751,-32.1069,-0.114177,-1.24062,-2.60131
0.574756,0.648221,-23.3689,-0.013903,-0.613012,1.18256,5.83109,0.629084,-30.9669,-0.243555,-1.04565,-2.43808
2.16209,1.39559,-24.1728,0.0821107,-0.638999,1.06289,11.334,-1.97434,-34.2937,-0.197722,-1.35054,-2.48437
1.63712,0.66612,-23.0248,0.0523182,-0.551025,1.09077,8.52496,-1.91772,-35.9822,-0.0753953,-1.59608,-2.55642
-0.999174,-0.924519,-21.0426,0.0673984,-0.437321,1.25726,3.90936,0.559135,-29.2993,-0.211797,-0.999851,-2.5877
0.603905,-0.454844,-22.3907,0.106494,-0.509088,1.16911,10.7921,-3.74299,-40.9092,-0.307927,-2.11331,-2.39403
0.846004,0.302261,-22.4874,0.0407153,-0.581014,1.11406,13.6028,-2.63444,-36.7341,-0.17408,-1.74991,-2.69749
-1.81566,-0.760441,-19.5686,0.0149748,-0.332995,1.24242,4.50163,1.34813,-31.2896,-0.297955,-1.40189,-2.79232
-1.80736,-0.699636,-19.995,0.0286169,-0.357758,1.21774,3.40768,3.18689,-29.7246,-0.248694,-1.39484,-2.83521
0.332795,0.481408,-22.951,0.0803851,-0.539536,1.06159,7.22385,-0.291903,-35.7306,-0.0699502,-1.87257,-2.68462
1.11186,0.11059,-22.2613,0.0917026,-0.50548,1.15576,11.5946,-1.21217,-35.6374,0.0789884,-1.67475,-2.56726
1.35535,-0.0182047,-21.8826,-0.0275365,-0.504814,1.2501,5.58579,1.98243,-25.961,0.149751,-1.16312,-3.17634
0.293851,0.106816,-20.8412,0.0259766,-0.410753,1.16993,10.5438,0.178073,-33.4427,-0.137864,-1.53548,-2.90517
0.326431,0.135084,-22.0429,0.11933,-0.541399,1.09789,10.9075,-1.19692,-35.0373,-0.1175,-1.62991,-2.91498
-1.31052,0.176055,-20.6563,-0.0403253,-0.437807,1.25797,11.7307,-0.778404,-34.2368,-0.214235,-1.68962,-2.94328
-2.61165,-0.544406,-20.3098,-0.0246909,-0.410687,1.28115,3.18248,1.09133,-30.3377,-0.342131,-1.50789,-2.69224
0.586368,0.764631,-23.3314,0.0531175,-0.579333,1.08119,11.8534,-3.04174,-39.978,-0.355817,-2.42964,-2.90487
1.6446,0.596457,-23.0488,0.0659821,-0.546119,1.07586,9.67725,1.47352,-32.4872,-0.285804,-1.76432,-3.37711
1.35449,0.534863,-22.4655,-0.000402871,-0.596451,1.15814,3.7518,1.82288,-34.0136,-0.355958,-1.88529,-3.32191
0.581083,-0.258761,-21.8805,0.0137645,-0.489128,1.20622,5.37864,0.948809,-35.9213,-0.444176,-1.70988,-3.02643
-0.98904,-1.38248,-20.3007,0.0294316,-0.372603,1.25883,5.0592,5.30393,-25.677,-0.337185,-0.993151,-3.55979
-1.74995,-2.31,-19.9481,0.110815,-0.397548,1.26873,12.6316,-2.51796,-41.5006,-0.229377,-2.52758,-3.03522
0.0640731,-0.776187,-21.1034,0.0141851,-0.43361,1.23976,16.8884,0.338746,-36.2298,-0.0771815,-1.8407,-3.35712
0.561098,1.33353,-22.1234,0.0650397,-0.547948,1.01581,3.9119,4.12909,-26.3347,-0.256116,-1.25467,-3.30205
0.803327,1.46628,-22.9984,-0.0423231,-0.660656,1.15565,12.1296,-2.18607,-37.7708,-0.246386,-2.30854,-2.62897
0.53936,1.38231,-22.1068,0.0114375,-0.57216,1.08871,7.34814,-1.32748,-38.5143,-0.229066,-2.30596,-2.5783
-1.8426,0.91399,-21.5705,-0.0265332,-0.563364,1.17132,3.50376,2.55914,-27.2571,0.00353848,-1.11951,-2.82522
-0.756488,0.761456,-22.6209,0.0141672,-0.613931,1.12074,12.2155,0.221614,-36.7523,-0.156195,-1.82965,-2.51444
0.575236,0.571327,-22.5015,0.0393971,-0.524866,1.11571,15.702,-0.550638,-35.8782,-0.0791312,-1.7469,-2.58811
-0.205192,-0.952581,-21.1327,0.00139427,-0.442817,1.26874,12.5197,0.435794,-33.2502,-0.152943,-1.69113,-2.61152
-0.175605,-1.86005,-20.9753,0.060473,-0.419903,1.30622,9.4087,-1.04465,-36.0949,-0.154529,-2.05917,-2.34131
1.15741,-0.939362,-23.9418,0.0539902,-0.641373,1.26744,11.6545,0.802023,-31.6606,-0.141155,-1.75085,-2.90278
1.91862,0.50098,-23.5536,0.0661316,-0.580749,1.0797,11.4766,-1.47336,-37.342,-0.223428,-2.11593,-2.64428
-0.760913,-0.55185,-20.503,-0.0122741,-0.408218,1.26543,3.57233,0.259964,-34.1024,-0.251541,-1.92203,-2.74441
0.568847,0.479842,-22.8505,-0.0128134,-0.63464,1.17677,10.1292,-2.32741,-40.1371,-0.248441,-2.33101,-2.55535
0.322335,0.0463896,-22.0733,0.0930479,-0.555697,1.14056,15.9323,-1.81009,-38.128,-0.175184,-1.92446,-3.18244
-1.26289,-1.03306,-19.1399,0.0824935,-0.326216,1.14905,10.0531,0.252995,-37.0484,-0.216042,-2.03225,-3.01447
-1.28324,-0.575813,-19.5642,0.0271956,-0.32418,1.21351,7.87429,0.0474243,-37.9474,-0.337158,-1.92657,-2.47514
-0.484184,-0.15805,-21.164,0.00082149,-0.509505,1.20194,12.9645,-0.856566,-41.2591,-0.178969,-2.52799,-2.94542
-0.261663,1.03446,-20.8017,-0.00174641,-0.486959,1.13293,9.15506,0.141233,-36.0354,-0.130279,-2.0319,-3.12426
1.86393,1.6763,-23.6139,-0.0439133,-0.640435,1.16033,9.49999,2.31315,-33.1922,-0.272939,-1.60173,-3.28734
1.11485,0.645643,-23.2949,0.0262776,-0.6457,1.10928,14.3231,0.677442,-38.694,-0.328676,-2.23437,-3.15554
0.0602788,-0.649865,-20.6154,0.053877,-0.380048,1.17782,13.4938,2.13861,-39.2218,-0.198996,-1.98912,-2.75423
-2.06089,-0.782425,-20.3144,0.0158765,-0.447966,1.22157,11.3542,1.44864,-36.9472,-0.200849,-2.03049,-2.82406
-2.33836,-0.815229,-19.0874,0.0415999,-0.288248,1.20916,11.234,1.17181,-35.5132,-0.205208,-1.83868,-2.76759
0.289681,0.552723,-22.0344,-0.0279846,-0.523925,1.21298,8.73658,0.696861,-31.9034,-0.166493,-1.40494,-2.75384
1.37099,1.06995,-24.0693,0.0434498,-0.71314,1.11975,14.1091,-0.155743,-32.8342,-0.242432,-1.4793,-2.97371
2.69811,0.706586,-24.0126,0.0115623,-0.635641,1.14245,13.4769,-0.199526,-33.073,-0.325032,-1.40617,-2.78097
-0.196284,-0.672647,-21.3595,0.0557235,-0.49498,1.15691,13.2636,0.243596,-31.6332,-0.423734,-1.12587,-2.4798
-1.77101,-1.46147,-20.6912,0.0953203,-0.401412,1.25163,11.8473,0.717042,-31.568,-0.418881,-1.24686,-2.44023
-0.99609,-0.788254,-20.5456,0.151322,-0.38164,1.19589,11.9278,0.467452,-30.6652,-0.418582,-1.0633,-2.32477
0.589721,0.614323,-22.9344,0.131571,-0.540283,1.06459,12.2127,-1.262,-32.0218,-0.421721,-1.24913,-2.38993
1.35502,1.1293,-23.164,0.0256968,-0.636815,1.08133,13.7539,0.467796,-30.7819,-0.407508,-1.02372,-2.53851
2.16721,1.15108,-24.2597,0.0381439,-0.645678,1.07582,14.6495,-0.89343,-32.8574,-0.424373,-1.18386,-2.33093
-1.54898,-0.862383,-19.6301,0.0666678,-0.338393,1.25917,14.6631,-0.868579,-32.8835,-0.439026,-1.32942,-2.65304
-1.51719,-1.22764,-20.1889,0.0868802,-0.360381,1.23146,14.7076,-1.13999,-31.6675,-0.423651,-1.21467,-2.41908
-1.01103,-0.283539,-20.8343,0.0792962,-0.418581,1.20078,13.8657,-0.844169,-31.6029,-0.416288,-1.18253,-2.50929
-0.759735,0.0731144,-20.7442,0.0266404,-0.409323,1.17009,11.4755,1.67463,-27.7139,-0.40097,-1.10756,-2.94332
0.58784,0.215435,-23.0576,0.0439591,-0.581061,1.19249,10.7571,2.78654,-27.2718,-0.401011,-1.13652,-2.99118
2.17142,0.945059,-24.1979,0.0257725,-0.706429,1.08913,9.73481,2.43545,-25.0219,-0.396617,-0.979478,-2.83067
2.15644,1.2938,-24.2125,0.0108304,-0.655512,1.10539,9.25578,0.176472,-26.1281,-0.274736,-1.17374,-2.74095
-1.26826,-0.787663,-20.5247,0.0283552,-0.392788,1.22177,14.6157,-1.0505,-28.6986,-0.260017,-1.2487,-2.47129
-1.78862,-1.71299,-19.435,0.0682349,-0.32212,1.31046,13.9713,-0.169337,-28.2046,-0.21199,-1.40484,-2.33843
-2.33775,-1.27699,-18.7917,0.0155824,-0.27753,1.27597,13.1994,-0.432181,-26.5045,-0.254104,-1.41717,-2.29869
-0.763313,0.106306,-20.2871,0.0396606,-0.370139,1.15141,9.26454,0.118857,-25.0202,-0.186845,-1.38071,-2.27981
2.69306,1.49487,-24.518,0.0377919,-0.722738,1.03691,10.7262,1.52693,-24.5845,-0.182976,-1.39106,-2.33926
2.39766,2.06454,-23.8587,0.0366262,-0.679024,1.00555,10.4461,-0.282304,-24.8266,-0.121916,-1.59556,-2.30582
2.41836,2.44809,-25.5183,0.0636804,-0.787983,0.936912,8.77281,-0.618719,-23.4566,-0.177661,-1.4402,-2.15881
-3.37122,-1.3365,-19.5945,0.0706207,-0.316098,1.19822,11.3084,-0.918179,-25.2886,-0.133269,-1.6982,-1.98329
-2.833,-1.80768,-20.6944,-0.00828295,-0.428353,1.3353,9.94714,-2.83987,-25.25,-0.107298,-1.84234,-1.97707
-1.21916,-2.0747,-21.3908,0.0318936,-0.449869,1.29427,10.5918,-1.38878,-24.2829,-0.103145,-1.60784,-1.88484
0.612908,-0.611351,-22.8883,0.0419062,-0.547814,1.18454,10.9325,2.15144,-23.1166,-0.0920487,-1.7541,-2.18167
2.44622,0.182858,-24.0278,0.0136991,-0.695753,1.15502,10.6029,1.65988,-23.7182,-0.0860913,-1.8168,-2.18039
2.4179,1.05726,-23.7416,0.0251517,-0.672577,1.08529,11.3089,0.0443926,-24.5487,-0.0443355,-1.841,-2.26254
2.14826,0.529433,-22.6771,0.0115053,-0.541396,1.15855,10.5012,-0.814358,-24.9964,0.00308031,-1.94288,-2.0424
-0.751811,0.098444,-21.6281,0.0269725,-0.473433,1.16466,8.00871,-0.0604467,-22.6337,0.0332215,-1.79457,-2.26835
-4.23505,-0.0774021,-19.1017,-0.0384542,-0.34041,1.27461,9.98895,-1.27265,-25.7151,0.0374729,-2.0707,-2.30398
-3.13389,-0.373085,-20.198,0.0294161,-0.381074,1.19436,9.94964,2.87281,-23.9247,0.0167523,-1.77987,-2.10851
-1.82263,-0.298491,-20.1806,0.0159942,-0.438904,1.19325,9.74958,-0.794392,-24.804,0.114554,-1.97593,-2.26696
1.91031,1.16262,-24.5466,0.0530458,-0.721294,1.0359,10.3486,1.08025,-24.4495,0.0978957,-1.71008,-2.03925
3.22712,1.1683,-25.1246,0.0385062,-0.762413,1.05493,12.1244,-0.364787,-23.5806,0.163462,-1.60273,-2.44861
2.70228,-0.107241,-23.3845,0.0258124,-0.580841,1.17592,13.0554,-2.20778,-24.5222,0.242088,-1.73971,-2.4661
1.11211,-0.165364,-22.7958,0.0785189,-0.549551,1.18934,10.9644,-2.9083,-25.3285,0.278687,-1.8524,-2.31651
-0.998752,-0.957259,-21.0526,0.0424147,-0.422672,1.21132,8.24147,0.34634,-24.8951,0.191834,-1.90716,-2.26842
-3.13282,-0.97799,-20.7066,0.060438,-0.508087,1.3166,8.60235,1.65818,-26.3627,0.17256,-2.07105,-2.35309
-1.80567,-0.506931,-20.8243,0.0425054,-0.412372,1.18351,8.87877,1.09102,-28.0414,0.141949,-2.15025,-2.24329
1.08665,0.798621,-23.2386,0.0444771,-0.653473,1.13944,9.33269,-0.956701,-29.9139,0.143283,-2.38126,-2.43273
1.36189,0.452402,-23.0682,0.0780412,-0.570205,1.15112,10.5081,-0.240882,-28.5503,0.193849,-2.21222,-2.17751
0.57623,-0.0348387,-22.2532,0.0404352,-0.504569,1.15346,11.6305,-0.887849,-29.5928,0.235653,-2.4048,-2.38407
0.581882,-0.146684,-22.2899,0.0923574,-0.509539,1.17029,12.6533,2.08809,-27.6714,0.269017,-2.1498,-2.64724
0.580878,0.220816,-22.487,0.0541174,-0.575989,1.09986,11.1426,1.67702,-27.9182,0.268465,-2.15425,-2.57518
-0.743328,-0.770975,-20.5737,0.0277455,-0.393617,1.22185,9.76399,1.11928,-26.157,0.281724,-1.81561,-2.51925
0.0369505,0.0282993,-22.0497,-0.0262004,-0.584179,1.22583,10.9363,-0.679491,-28.375,0.303761,-2.13615,-2.42721
-0.773421,0.433793,-20.4976,0.040038,-0.446578,1.11269,8.49323,-0.18026,-26.8725,0.360708,-2.20171,-2.36664
-2.07432,-0.241643,-20.5761,0.0729736,-0.461549,1.17042,8.86489,-0.583421,-26.1331,0.335628,-2.12756,-2.16089
0.306981,0.392945,-21.6407,0.0659679,-0.450907,1.09234,8.93241,-0.55998,-27.0927,0.332481,-2.17788,-2.11794
1.62372,0.938138,-23.6996,-0.000962471,-0.685968,1.12885,11.1722,0.426608,-27.7503,0.35494,-2.25681,-2.27108
0.848892,-0.0264196,-22.2774,0.0397279,-0.504875,1.15339,12.5924,-0.965952,-31.0136,0.324923,-2.35879,-2.0392
0.324998,-0.45236,-21.9168,0.0789904,-0.489019,1.20878,8.2714,2.25027,-25.3251,0.356257,-1.95935,-2.26192
-1.25748,-0.972787,-20.4567,0.056095,-0.434337,1.17733,11.0063,0.646174,-25.766,0.355768,-2.04907,-2.16051
-0.492856,-0.414933,-20.9306,-0.0130585,-0.438272,1.25594,12.0143,-0.972124,-26.8559,0.411301,-1.96831,-2.2952
-0.282718,0.753507,-20.893,-0.0814392,-0.530272,1.26296,10.0133,0.797398,-23.789,0.357584,-1.65209,-2.3646
0.303739,0.634104,-22.4542,0.0255289,-0.529602,1.13078,9.09905,-0.243173,-23.1334,0.324589,-1.45485,-2.12023
0.584566,0.387323,-22.4331,0.0670327,-0.566449,1.07117,9.54988,-0.0905581,-23.3366,0.311134,-1.55265,-2.31928
-0.251529,-0.449869,-20.9689,-0.0934698,-0.477233,1.37186,7.94889,-1.39379,-24.4664,0.412426,-1.90486,-2.0184
0.571338,0.274287,-22.1523,0.0260683,-0.504789,1.15422,10.5311,-1.33656,-25.605,0.419764,-2.01235,-1.93281
0.57059,-0.150145,-22.2907,-0.026746,-0.538179,1.25464,8.20065,-0.00680637,-24.059,0.42228,-1.88901,-1.9794
-1.80412,-0.772156,-20.0198,0.0417449,-0.353096,1.2035,8.08408,0.11668,-22.6483,0.561856,-1.80751,-2.01761
-0.200692,-0.429564,-21.855,0.0409953,-0.478415,1.17737,8.19239,-0.239235,-24.9003,0.517741,-2.00766,-2.07066
1.64804,0.0990343,-23.2106,0.0262015,-0.574754,1.16186,10.9128,-0.204514,-25.5327,0.440214,-2.07351,-2.00698
0.312685,0.285566,-22.5683,0.0781868,-0.539185,1.1614,11.4853,-1.52954,-26.6708,0.451946,-2.11537,-1.97672
-0.211525,-0.231874,-21.791,0.079045,-0.48373,1.19504,8.72606,0.214703,-25.2461,0.508493,-2.10561,-2.26672
-0.489437,0.105175,-21.9708,0.00103392,-0.569127,1.18269,9.92693,-0.596277,-26.8727,0.430126,-2.22766,-2.12817
-1.02138,-0.213782,-20.6822,0.0281283,-0.464978,1.16901,10.0221,0.0537663,-27.8109,0.457753,-2.27531,-2.26897
0.565428,0.219007,-22.6168,-0.0272925,-0.563328,1.23102,10.4295,0.947736,-27.979,0.480794,-2.24734,-2.39141
0.589518,-0.365921,-22.3614,0.0136862,-0.523553,1.21062,9.58661,1.41211,-27.0985,0.558627,-2.23642,-2.48353
0.304146,0.892519,-22.3698,0.0653267,-0.50573,1.05901,11.9856,-1.06916,-30.3174,0.507894,-2.26665,-2.37902
-1.03483,0.389696,-20.9307,0.0269954,-0.485506,1.13185,10.7207,-0.221275,-27.1579,0.556345,-2.03265,-2.57016
-0.501869,0.415246,-21.5516,0.0127024,-0.4741,1.16551,10.212,-0.107376,-28.3795,0.558528,-2.15435,-2.47073
-0.484834,0.0305405,-20.785,0.0800146,-0.385624,1.09763,11.6114,-1.74028,-29.9198,0.523179,-2.20772,-2.24826
1.36259,0.55619,-22.4585,0.0394007,-0.577255,1.10031,10.0618,0.862293,-27.8078,0.537278,-2.29401,-2.50759
0.602712,-0.546932,-21.9746,0.0675024,-0.469668,1.14765,9.28078,1.31636,-27.4236,0.506918,-2.14002,-2.40873
-0.198566,-0.71094,-21.0552,0.119618,-0.409705,1.17058,8.67227,1.80633,-25.5855,0.55511,-2.0716,-2.57832
-1.26586,-0.859849,-20.5485,0.0418173,-0.388016,1.20724,6.14029,0.3633,-27.0932,0.595764,-2.1721,-2.41719
-0.222165,0.121454,-22.5675,-0.0130863,-0.557419,1.21657,6.56855,-0.142024,-27.4556,0.529977,-2.18624,-2.3712
0.304448,0.192645,-22.5987,0.0518736,-0.55359,1.20461,6.94686,-0.966012,-27.1191,0.522151,-2.14096,-2.08977
1.36027,0.432557,-22.6282,0.0256943,-0.535541,1.14411,8.34941,-0.887031,-26.9809,0.502764,-2.16175,-2.22207
0.839467,0.301786,-22.4877,0.0404113,-0.581202,1.11439,8.69504,-0.0274725,-26.1711,0.520959,-2.05373,-2.32678
0.353908,-0.553631,-22.2678,0.160889,-0.535941,1.08137,10.0622,-0.773472,-27.0152,0.50462,-2.15468,-2.2288
-0.734387,-0.880712,-20.1636,0.0679623,-0.344626,1.1736,10.2224,-0.537105,-26.7243,0.514235,-2.10859,-2.17229
-1.53993,-0.895226,-19.641,0.0413226,-0.323702,1.21317,9.86719,-0.500886,-26.1145,0.479048,-2.04189,-2.14881
-1.02497,-0.271838,-19.9377,0.0400651,-0.344849,1.17541,9.71223,0.609381,-26.1061,0.505799,-2.08012,-2.30204
0.797778,1.89283,-22.8602,0.0106709,-0.627376,1.05513,10.2199,1.13533,-26.941,0.417016,-2.0926,-2.24741
1.06866,1.57899,-23.565,-0.0296445,-0.634696,1.14618,10.1158,0.0429478,-26.4462,0.491393,-2.0858,-2.22717
0.860673,0.127677,-22.6737,0.0799897,-0.515279,1.08553,9.73567,1.73433,-27.0798,0.410321,-2.09371,-2.26241
-1.26094,-0.931211,-20.5718,0.0554842,-0.383117,1.19247,10.6507,0.168604,-28.0577,0.33278,-2.14362,-2.12917
-0.495172,0.233011,-21.6115,0.0785908,-0.47417,1.16745,10.5712,-0.939184,-28.5127,0.465028,-2.20755,-2.09879
-0.740545,-0.209814,-21.7287,0.0411646,-0.473139,1.16368,10.5073,-0.447154,-28.2263,0.443865,-2.14899,-2.05331
-0.744955,-0.638756,-20.9762,0.0281808,-0.423274,1.21189,10.3313,-0.84231,-28.4864,0.459017,-2.19629,-2.08292
1.63153,0.538839,-23.5127,0.012478,-0.604703,1.15293,10.9372,0.0936909,-28.1028,0.435691,-2.12132,-2.05576
1.09608,-0.00124741,-22.7424,-0.0269751,-0.568622,1.24475,10.0627,0.569583,-27.1425,0.47258,-2.10869,-2.20054
2.43938,0.0965309,-24.1781,0.0685692,-0.666909,1.24633,9.27079,0.149929,-26.737,0.470315,-2.07879,-2.16406
-1.27119,-0.825637,-20.0913,0.0550298,-0.348836,1.18845,7.92257,-0.343318,-25.1975,0.468825,-1.96614,-2.1204
-2.61397,-0.917593,-19.0933,0.0154194,-0.302435,1.2527,7.94084,-0.845912,-26.4346,0.516553,-2.14173,-2.26048
-1.28919,-0.148036,-20.3161,0.040619,-0.374175,1.16559,10.3598,0.254236,-26.7587,0.489879,-2.04051,-2.24326
0.0434629,0.513342,-22.3376,0.0404843,-0.575531,1.10071,11.0528,0.952643,-28.6949,0.500454,-2.20139,-2.33155
1.35539,0.668368,-22.5508,0.0249955,-0.530951,1.13039,11.2462,0.769228,-28.6789,0.46338,-2.23678,-2.40689
0.55964,0.638353,-22.7965,-0.000318376,-0.625333,1.14916,9.74195,-0.142423,-26.8852,0.467698,-2.02139,-2.14954
1.09892,1.10705,-23.5902,0.0526974,-0.656582,1.04271,9.6464,-1.10353,-26.896,0.380535,-1.98253,-2.0097
0.0487062,0.241984,-22.8722,0.0279752,-0.619436,1.13357,8.19233,-1.7934,-26.673,0.433986,-1.96766,-1.94074
-2.07613,-0.856392,-20.783,0.0421596,-0.497191,1.27201,7.10771,-1.85652,-26.3603,0.441551,-1.9641,-1.96505
0.0565945,0.00951195,-22.6311,0.0546152,-0.528638,1.12888,6.67796,0.408674,-26.9367,0.424736,-2.00466,-2.25744
-0.204125,-1.0887,-22.0703,-0.0104012,-0.516457,1.29141,6.63268,-0.115273,-26.8363,0.353807,-1.91801,-2.20832
1.10455,-0.0104733,-23.1929,0.00071497,-0.588525,1.20526,7.35466,-0.497681,-27.3359,0.302695,-1.8778,-2.03121
2.18191,-0.264771,-23.8311,0.0657995,-0.624262,1.21103,9.21514,-1.67818,-31.349,0.362599,-2.22564,-2.21764
0.324543,-0.444672,-22.3606,0.0279577,-0.518352,1.19585,8.43947,-1.64838,-33.7844,0.23115,-2.16999,-2.01004
-1.54329,-0.506423,-20.2773,0.0557915,-0.424874,1.14964,8.08196,-0.962976,-34.7713,0.251707,-2.19853,-2.26531
-1.29268,0.017374,-20.2622,0.0537369,-0.364715,1.13707,8.94171,-0.652082,-37.0816,0.14207,-2.29785,-2.15621
-1.805,-0.180112,-21.0364,0.0421717,-0.488816,1.14492,6.49002,0.722732,-35.9886,0.163282,-2.10913,-2.44018
0.0402075,0.67851,-22.2839,0.0534975,-0.566115,1.0723,3.66057,1.24354,-33.7117,0.0872242,-1.72993,-2.30613
3.20468,2.25374,-24.9006,0.0623574,-0.678435,0.971313,9.51423,-1.45127,-38.5709,-0.0701061,-1.93354,-2.33597
1.88059,0.724267,-23.0335,-0.00209081,-0.575825,1.16377,8.41814,-2.46702,-33.9149,-0.0281995,-1.74276,-2.43141
-0.225164,0.114835,-21.6771,0.0263616,-0.474238,1.16472,11.4164,-3.75481,-35.8601,-0.040572,-1.84886,-2.47371
-2.29381,-2.10638,-19.9546,0.0444151,-0.345635,1.28257,10.2969,-2.15166,-36.9147,-0.0890015,-1.79388,-2.4281
-2.58481,-1.57419,-19.3082,0.0818861,-0.311676,1.28228,6.72817,-1.24639,-34.3444,0.0487614,-1.71308,-2.65803
-1.01296,0.011282,-21.0544,0.0548716,-0.48017,1.11578,6.10651,0.105621,-34.8695,-0.16532,-1.5596,-2.5256
1.62317,0.807704,-23.2964,-0.000790897,-0.656202,1.13836,10.9342,-1.57611,-36.9946,-0.0705304,-1.81301,-2.79673
1.62868,1.20016,-23.297,0.0644529,-0.566771,1.03876,9.04955,-1.79247,-36.6249,-0.202008,-1.78333,-2.63682
1.37105,0.657302,-23.0011,0.0519653,-0.550887,1.09116,9.77073,0.383682,-38.9865,-0.484566,-1.87207,-2.40734
1.11555,-0.129281,-22.3389,0.0915393,-0.510266,1.17011,10.1079,0.889683,-36.6407,-0.309935,-2.10212,-2.84072
-1.23801,-1.09389,-20.4963,0.123577,-0.405297,1.08978,11.1884,1.17307,-35.0353,-0.412891,-1.66912,-2.95404
-2.32682,-1.19897,-19.5295,0.0435796,-0.378506,1.21193,8.8846,0.951337,-33.9527,-0.478177,-1.30584,-2.61249
-1.28386,-0.644645,-20.4775,0.00139525,-0.40262,1.25124,11.8068,-0.82619,-34.8002,-0.325383,-1.54036,-2.881
0.589035,0.691628,-23.3552,0.0662328,-0.574583,1.06676,10.6699,0.0153017,-34.2988,-0.446553,-1.54536,-2.85594
0.578607,0.722233,-23.2162,0.0536329,-0.630783,1.06634,9.99331,-0.400133,-35.1315,-0.364199,-1.69162,-2.68767
1.88029,1.15237,-23.7854,0.0111981,-0.62562,1.11557,6.51123,-0.231356,-30.0632,-0.206966,-1.37165,-2.54623
0.831838,1.30482,-23.6275,0.0651656,-0.595495,1.02944,8.0821,-0.600994,-30.5729,-0.0349113,-1.22866,-2.74704
0.0269309,1.08419,-23.043,0.026572,-0.635301,1.08226,10.0633,0.804284,-31.1171,-0.111301,-1.12594,-2.98724
-1.53165,-1.45753,-20.7163,-0.023597,-0.430603,1.33627,12.8814,2.24116,-32.7881,-0.209984,-1.29987,-3.12309
-1.5266,-1.95763,-19.9871,-0.0231097,-0.375736,1.36955,10.2327,1.98068,-33.0082,-0.29131,-1.47276,-2.85525
-1.52407,-1.44256,-20.136,0.0306819,-0.423223,1.244,8.87114,0.526921,-33.9805,-0.244081,-1.72988,-2.65214
0.850346,0.238949,-23.0842,0.0400544,-0.56427,1.13354,11.1925,-0.50303,-35.6473,-0.367469,-1.97962,-2.83378
1.90205,1.0345,-23.826,0.0786551,-0.596576,1.02785,8.02727,0.884853,-33.9441,-0.429393,-1.77891,-2.80614
1.35013,1.52577,-24.3745,0.0257366,-0.726189,1.05224,9.72431,0.43596,-34.2424,-0.368772,-1.57127,-2.83867
1.89811,0.866261,-24.1982,0.0399897,-0.701427,1.07467,11.3039,0.163532,-36.9343,-0.375319,-1.77502,-2.62339
-1.80099,-1.41085,-20.093,0.100237,-0.435837,1.29142,9.47906,-0.506939,-36.9991,-0.434241,-1.6624,-2.68666
-1.5246,-0.715508,-21.2383,0.0569005,-0.493472,1.15753,10.528,-0.0414324,-37.7795,-0.399573,-1.68127,-2.45145
-1.26647,-0.969209,-20.5852,0.0943089,-0.393065,1.22381,10.0457,0.876963,-37.8165,-0.418512,-1.80311,-2.46527
-0.735785,-0.783341,-21.3418,0.0296074,-0.508877,1.20056,11.42,1.37189,-38.889,-0.421711,-1.81588,-2.52147
1.62369,0.909,-23.839,0.0119399,-0.629932,1.12934,8.73104,0.604862,-37.5645,-0.293145,-1.67047,-2.44628
2.67478,1.70073,-24.8986,0.0247338,-0.757492,1.04183,9.9413,-2.17864,-39.8798,-0.0586284,-1.85821,-2.26185
1.3751,0.771693,-23.282,0.0935185,-0.612535,1.00794,9.64155,-2.45262,-40.0741,-0.169946,-1.89959,-2.3482
-0.99723,-0.194813,-21.6982,0.0815682,-0.453659,1.10581,9.36703,-0.489739,-37.534,-0.100124,-1.81051,-2.64204
-3.65771,-2.00665,-18.3189,0.0574023,-0.316673,1.33034,8.22315,-1.291,-37.7563,-0.138419,-1.93819,-2.38592
-3.65273,-0.904692,-20.3189,0.0689468,-0.39975,1.25415,8.0555,1.16695,-36.9823,-0.123888,-1.8091,-2.38099
0.553879,0.382407,-21.6719,0.0263718,-0.470512,1.14983,11.8524,0.841736,-36.3768,-0.321674,-1.70604,-2.62809
3.74332,1.59052,-25.0425,0.0508735,-0.749073,1.01213,11.1529,-0.0149479,-37.1159,-0.339963,-1.87358,-2.63555
3.22941,0.67067,-24.0779,0.0644345,-0.612549,1.07046,8.63443,-0.992651,-35.4751,-0.402787,-1.69026,-2.22116
0.837939,0.00974178,-22.7116,0.0128652,-0.549235,1.18746,7.67944,-0.920043,-33.6449,-0.506453,-1.56484,-2.42696
-0.987312,-0.302798,-22.1792,0.0815054,-0.488044,1.1103,9.03729,0.443969,-31.8663,-0.451429,-1.48264,-2.48706
-2.079,-0.83555,-20.4595,-0.0111481,-0.411322,1.28038,9.17347,0.00488567,-31.9768,-0.593461,-1.34633,-2.50175
-3.64497,-0.720809,-18.9212,0.149826,-0.233818,1.05063,10.1822,0.838503,-31.2411,-0.585183,-1.20279,-2.66216
-0.756472,0.0212021,-21.0793,0.0547942,-0.48073,1.11586,11.3416,-0.168529,-34.3682,-0.59839,-1.71865,-2.63351
1.35403,0.890557,-23.2421,0.0258378,-0.641716,1.09577,11.638,2.23192,-31.8477,-0.522141,-1.41216,-2.69218
3.48547,1.14588,-25.1535,0.120955,-0.770773,1.08737,10.556,1.38531,-32.169,-0.3125,-1.57829,-2.59997
2.71439,0.73468,-24.8968,0.130529,-0.671344,1.05304,11.9415,1.59099,-32.7435,-0.287619,-1.49924,-2.50725
0.573705,-0.241852,-22.1919,0.0280544,-0.565459,1.16705,9.31034,-0.409644,-32.452,-0.227501,-1.6324,-2.64709
-3.36877,-1.64654,-20.1425,0.0966232,-0.369977,1.26253,9.34109,0.128326,-32.3966,-0.213517,-1.46249,-2.50883
-2.83825,-1.20096,-21.2603,0.0840185,-0.515676,1.23183,9.57705,-0.510269,-32.8051,-0.30416,-1.60715,-2.68853
-1.80812,-0.546454,-20.7086,0.0435849,-0.463632,1.16807,9.24037,0.683699,-32.3669,-0.423823,-1.46195,-2.71075
1.36438,0.758683,-23.2795,0.0979233,-0.629688,1.06655,9.2803,0.0887775,-34.5708,-0.442794,-1.64882,-2.58662
4.02614,1.39326,-25.7105,0.0775845,-0.722684,1.00175,10.9444,-0.508603,-35.2818,-0.559182,-1.9586,-2.67246
2.15958,0.113262,-23.7067,0.0377977,-0.629639,1.22712,12.2499,-0.557808,-36.8362,-0.592911,-2.04168,-2.70541
0.0518701,-0.256528,-21.8257,0.0539565,-0.469477,1.14908,11.6333,0.724607,-33.5552,-0.417974,-1.56461,-2.51082
-1.26811,-0.563059,-20.8984,0.0547375,-0.408355,1.16912,12.1323,1.42524,-33.8437,-0.534387,-1.38746,-2.73561
-3.67943,-0.96158,-18.8713,0.0418846,-0.36722,1.28426,11.1546,1.18402,-33.9733,-0.500004,-1.29018,-2.60941
-1.54946,-0.486674,-20.4001,0.0146063,-0.392882,1.22277,11.4636,-0.302134,-36.5255,-0.498806,-1.40998,-2.3904
0.531553,1.21391,-22.7318,-0.0113556,-0.586995,1.20997,11.6413,-0.640949,-36.6699,-0.510722,-1.50255,-2.26873
0.535401,1.22679,-22.734,-0.0154814,-0.569845,1.15136,10.9033,-0.762064,-36.6148,-0.547335,-1.78689,-2.48751
1.62017,0.775775,-23.4358,0.0118129,-0.600286,1.13936,11.8142,-0.417854,-36.8623,-0.572632,-1.58886,-2.27349
1.90251,0.698527,-24.2516,0.0265306,-0.710903,1.10343,11.8472,0.847799,-35.4165,-0.496465,-1.5812,-2.36659
-0.187509,-0.810029,-21.9798,0.068623,-0.473401,1.16199,12.1825,1.26924,-36.2771,-0.549826,-1.68422,-2.32599
-1.52892,-1.44171,-20.2659,0.0680633,-0.382076,1.29112,11.7404,-0.182693,-38.6024,-0.577038,-2.09053,-2.2354
-1.5282,-0.979937,-20.4319,0.0567719,-0.434051,1.17722,11.4528,-0.560658,-37.3565,-0.57274,-2.05783,-2.06506
0.851308,-0.0419321,-22.2842,0.118818,-0.495509,1.12663,10.7309,0.330705,-35.6248,-0.546199,-1.80408,-2.13955
0.576748,0.429747,-22.5489,0.0665215,-0.515302,1.08633,11.0262,0.586881,-33.7899,-0.45655,-1.52647,-2.26918
1.10009,0.318488,-23.5326,0.0382739,-0.623617,1.21325,10.7118,1.05662,-34.1265,-0.547392,-1.59311,-2.28855
-0.219785,0.268653,-22.3911,0.041294,-0.579952,1.11477,10.8868,0.125796,-34.1453,-0.521936,-1.60481,-2.09343
-0.213531,-0.357798,-21.8314,0.027743,-0.483393,1.19212,14.3002,-0.708278,-35.2927,-0.566989,-1.82744,-2.45442
-0.20897,-0.475353,-20.8486,0.0817902,-0.446455,1.10993,14.3641,-0.677208,-34.9663,-0.492705,-1.85018,-2.27508
-1.0073,-0.224986,-20.8143,0.0807087,-0.389645,1.11192,13.3463,0.553835,-34.0848,-0.516391,-1.89215,-2.31301
0.569728,0.568426,-22.5018,0.038783,-0.525092,1.11627,13.7308,1.21836,-33.5948,-0.465717,-1.7581,-2.15359
0.804847,1.3236,-23.0454,-0.0150685,-0.651014,1.12628,11.7442,1.6384,-31.0071,-0.418199,-1.82268,-2.10282
-0.521651,0.890748,-22.6057,-0.0536544,-0.643567,1.20843,10.425,-0.420999,-31.5347,-0.392848,-2.09805,-2.11007
-3.13926,-0.242918,-20.6029,0.0289903,-0.411098,1.18525,9.43304,-1.41889,-30.7787,-0.338468,-2.26806,-2.14431
-0.217031,0.160879,-23.318,0.0538994,-0.668131,1.18377,11.4765,-1.25534,-31.6804,-0.405599,-2.49317,-2.19296
1.36686,0.294408,-23.5662,0.0134813,-0.609067,1.16687,11.1072,-0.0991459,-29.8918,-0.366245,-2.25226,-2.06988
1.40239,-0.85813,-23.4962,0.0287261,-0.592904,1.21744,11.0846,0.125249,-31.3754,-0.310226,-2.47243,-2.13537
2.73746,-0.358757,-25.2538,0.041309,-0.708413,1.16287,12.1437,0.537539,-31.8325,-0.283535,-2.54714,-1.96274
-0.179086,-1.54241,-22.2184,0.0302937,-0.50644,1.26136,11.27,-0.0232439,-31.6522,-0.323459,-2.83518,-2.08192
-2.04408,-1.67459,-20.2865,0.109442,-0.366646,1.2471,9.68093,0.250037,-30.8421,-0.28401,-2.64843,-1.85455
-1.01646,0.204544,-22.0123,0.106452,-0.493389,1.12832,9.42385,-0.316146,-30.2419,-0.295477,-2.73648,-1.92798
0.567937,0.760962,-23.6493,0.0275357,-0.674845,1.09972,10.5023,-0.0828896,-30.4389,-0.126673,-2.71185,-1.8188
0.555792,0.774946,-22.8814,0.0260027,-0.559708,1.12094,9.79156,-0.572216,-30.7065,-0.144862,-2.90633,-1.96698
0.550745,0.675611,-22.021,0.0388613,-0.490837,1.11211,12.8643,0.00639343,-31.0268,-0.172925,-2.74798,-1.84057
1.09046,1.17828,-23.5666,0.0391809,-0.661479,1.05744,11.3067,-0.768924,-28.908,-0.0910606,-2.70732,-1.9441
-1.5642,-0.252901,-20.3219,0.0141316,-0.388319,1.20936,9.90974,-0.989949,-30.2029,-0.0562649,-2.60482,-1.68181
-1.56139,-0.120808,-20.7249,0.0141954,-0.417978,1.19948,10.5591,0.38928,-28.6251,0.00979502,-2.51557,-2.21809
-0.480261,0.351119,-22.3356,0.0680769,-0.565118,1.07168,9.92266,-1.15126,-30.4456,-0.0353079,-2.64783,-1.96217
-0.492757,0.0730639,-22.1089,0.014029,-0.513023,1.18339,7.66117,-0.406435,-30.8325,-0.00340595,-2.4873,-1.77383
0.0474511,0.54234,-22.9029,0.0669334,-0.544286,1.07689,7.9493,1.58547,-30.3018,0.0719661,-2.47077,-1.80673
1.90816,0.169528,-23.6618,0.0401107,-0.599949,1.13712,10.4529,1.83804,-29.5925,0.0133009,-2.56683,-2.12315
3.50589,-0.128807,-25.2543,0.00415593,-0.741409,1.26543,10.8751,1.2655,-29.1069,0.0959011,-2.47912,-2.10616
0.0957779,-2.13552,-21.5417,0.126906,-0.45492,1.31212,11.9075,0.202177,-26.7983,0.148135,-2.20346,-2.08045
-2.05125,-2.2877,-19.5961,0.04311,-0.345611,1.38155,10.6861,0.137992,-27.6464,0.156198,-2.1485,-1.85359
-4.48478,-0.878739,-17.9976,0.0682819,-0.236541,1.26208,10.414,0.493096,-26.1606,0.169501,-2.09298,-1.97324
0.0328542,0.760357,-22.8329,0.0264389,-0.558963,1.12073,7.89861,0.786754,-27.4194,0.177525,-2.20951,-1.73073
1.85808,1.88301,-24.1828,-0.00126191,-0.78326,1.05228,10.3973,-0.505573,-27.1828,0.240119,-2.25036,-1.63584
3.43579,2.51402,-25.6063,-0.0305888,-0.832989,1.06716,9.53505,0.288034,-26.7571,0.274782,-2.27932,-1.7563
0.804533,1.08937,-23.1231,-0.0142066,-0.655763,1.14013,10.8652,-0.968635,-28.896,0.259418,-2.54259,-1.62045
-1.54438,-0.502563,-21.1683,0.0159531,-0.508241,1.20216,10.9003,-0.308835,-28.0355,0.324574,-2.49813,-1.56154
-2.33683,-1.45617,-19.7429,0.0416535,-0.361191,1.33074,8.03533,0.452943,-28.3793,0.299452,-2.50191,-1.65247
-1.80249,-0.667491,-21.1881,0.0475363,-0.51524,1.23135,9.82238,-1.17655,-26.5008,0.440911,-2.12784,-1.37028
0.856858,0.261644,-23.0772,0.0804093,-0.544985,1.07548,10.697,-0.343995,-26.413,0.39572,-2.06145,-1.46277
1.10751,-0.4335,-23.3319,-0.052457,-0.622046,1.30572,10.4584,-1.17491,-28.8303,0.407847,-2.5036,-1.74205
1.63901,-0.195778,-22.8621,0.0134458,-0.554718,1.20021,10.0134,-1.16724,-27.767,0.487511,-2.369,-1.75228
1.36563,0.161886,-23.6106,0.0248915,-0.633483,1.24176,9.49855,-0.838038,-26.5027,0.486079,-2.29784,-1.68829
0.564602,0.149663,-22.6406,-0.0134879,-0.558567,1.21621,8.67384,0.0220118,-27.2347,0.496997,-2.26806,-1.70912
-1.56206,-0.487552,-20.2651,0.0848572,-0.456956,1.25476,12.3627,-1.2656,-31.8038,0.380832,-2.56613,-1.72556
-2.88109,-0.759997,-19.0156,0.0286379,-0.292705,1.22429,11.8758,0.154637,-29.8252,0.464399,-2.46908,-1.89039
-1.82959,-0.523035,-19.4914,0.0144217,-0.328541,1.22875,8.92431,-0.00136471,-28.8593,0.469518,-2.5109,-1.93154
1.88664,1.24677,-23.7552,0.0377016,-0.611235,1.07219,12.0087,0.844345,-31.0903,0.470712,-2.62853,-1.92343
2.69167,0.964141,-23.9286,0.0510859,-0.611971,1.07103,9.0793,1.08701,-30.0997,0.477728,-2.45372,-1.85759
0.291413,0.795696,-22.7186,0.0129163,-0.615572,1.12075,9.03815,-0.354245,-28.1338,0.514585,-2.26859,-1.94228
-0.489869,5.34058e-05,-21.9984,0.0972031,-0.572192,1.20075,8.12544,-0.65074,-28.5719,0.509589,-2.25164,-1.82538
-1.01889,-0.668697,-20.9593,-0.0119596,-0.442266,1.27,9.26518,-1.52215,-28.3366,0.51557,-2.32647,-1.66575
-1.80781,-0.811501,-19.9041,0.0428145,-0.404358,1.1881,8.35255,0.0299339,-29.1626,0.431143,-2.33867,-1.71163
-0.228533,0.116466,-21.6765,0.0267135,-0.474172,1.16447,8.36739,-0.725167,-28.8447,0.524846,-2.45125,-1.88629
1.63592,0.632752,-23.4827,0.0387267,-0.590466,1.10985,9.7005,-1.46012,-29.4588,0.508051,-2.39834,-1.67696
2.15024,0.792973,-23.4837,0.0113123,-0.600903,1.13909,9.98316,1.80904,-25.5776,0.463308,-2.17319,-1.89595
1.64849,0.0228958,-23.5524,0.0136492,-0.665334,1.1657,11.426,1.00711,-27.1631,0.437372,-2.26176,-1.83189
-1.25097,-1.83601,-20.4219,0.0548947,-0.396478,1.33348,12.2128,0.22156,-26.141,0.522909,-2.17847,-1.73181
-2.05998,-0.892576,-19.9038,0.0561596,-0.399069,1.17352,11.1921,-0.5965,-26.0599,0.436542,-2.24708,-1.72005
-2.08168,-0.556698,-19.9164,0.0452734,-0.365376,1.2485,8.86794,0.221618,-24.2506,0.46854,-2.03553,-1.70995
-0.000461578,1.18074,-22.1197,-0.0414724,-0.600383,1.17528,9.69677,0.255967,-24.5225,0.450654,-2.04926,-1.73751
0.825346,1.11252,-23.1161,0.0256913,-0.636333,1.08175,10.3837,-1.3183,-26.6607,0.464699,-2.19113,-1.72865
1.60526,1.45456,-23.6606,-0.00284808,-0.625656,1.11646,8.06501,1.7262,-24.1221,0.50371,-1.91863,-2.00381
0.0302616,-0.0952902,-22.219,-0.0398226,-0.542549,1.26972,8.25756,3.33505,-22.6148,0.510663,-1.7777,-2.21323
-0.216005,-0.397235,-21.8452,0.0661175,-0.493352,1.22374,9.19649,1.07351,-25.6695,0.494746,-2.05694,-2.03937
-0.196694,-0.574693,-22.2201,0.0425596,-0.564028,1.16611,10.8879,-1.05535,-27.2988,0.513809,-2.17388,-1.877
-0.729711,-0.893224,-21.0606,0.107138,-0.418559,1.19936,10.3329,0.191668,-25.5356,0.50705,-2.06877,-1.87934
-1.01889,-0.706678,-20.5256,0.0148092,-0.398202,1.2365,9.2431,0.134167,-25.7313,0.478361,-2.1501,-1.73837
0.566276,0.329229,-22.1353,0.0914172,-0.500362,1.14243,8.59314,-0.103306,-25.7008,0.480243,-2.23643,-1.74881
2.43612,0.052846,-23.7541,0.0510802,-0.624982,1.2119,8.96875,0.362406,-25.2885,0.556985,-2.08329,-1.64881
2.39437,1.05681,-23.8713,-0.0560501,-0.66006,1.21647,9.41151,-0.539763,-25.8504,0.561669,-2.22647,-1.64741
0.0613112,-0.361476,-22.1716,0.124211,-0.567679,1.18477,8.82255,0.22361,-23.9733,0.611687,-2.02563,-1.57624
-3.65419,-1.83897,-17.9488,0.0956073,-0.211946,1.28385,9.25619,-0.524994,-24.2837,0.578793,-2.14495,-1.70982
-2.87634,-0.326744,-20.0761,0.060223,-0.435734,1.19506,8.88934,0.124735,-24.9113,0.485403,-2.07414,-1.55786
0.30188,0.851933,-22.2541,0.0664296,-0.556919,1.04358,9.06112,-0.867284,-25.0125,0.630325,-2.1667,-1.61605
0.263541,1.41191,-22.5163,-0.0149937,-0.616068,1.12246,8.93679,-0.493362,-24.6448,0.51559,-2.15444,-1.69108
3.20655,1.29366,-24.7671,-0.00303992,-0.696243,1.12406,8.99881,-0.435866,-24.6911,0.56831,-2.12833,-1.63147
0.305754,0.448209,-22.3857,0.0536255,-0.571177,1.08639,8.93988,-0.126393,-23.9122,0.565325,-2.03976,-1.75082
-0.216178,-0.315965,-22.5741,0.0192951,-0.620797,1.24496,9.28638,0.214257,-24.6179,0.632595,-2.19874,-1.82428
-1.02342,-0.504419,-20.9051,0.00120546,-0.432785,1.24154,10.5182,-1.36412,-25.8602,0.562706,-2.26674,-1.85342
-1.81445,-1.16218,-19.6999,0.00239368,-0.347259,1.28498,10.4733,-1.29132,-24.8895,0.570983,-2.2189,-1.90093
-0.469864,-0.346933,-22.1179,0.0423744,-0.559026,1.15235,10.2384,0.186497,-24.0543,0.504372,-2.12208,-1.94745
1.8949,0.383941,-23.5914,-0.000848577,-0.614685,1.18141,10.2823,-0.223479,-23.7708,0.47277,-2.07139,-1.9014
1.90781,0.925139,-24.6245,0.0532621,-0.726196,1.05021,11.5206,-2.00858,-27.4799,0.473549,-2.37787,-1.99412
1.12089,-0.0233059,-23.643,0.0272296,-0.608492,1.16619,10.2161,-1.65354,-24.869,0.440418,-2.295,-2.14014
-1.26465,-1.20923,-20.9802,0.0691712,-0.492977,1.25587,10.8366,-3.55125,-26.0065,0.340477,-2.20784,-1.9383
-3.37928,-1.59374,-19.678,0.0313133,-0.340039,1.26982,10.4815,-3.75488,-25.5438,0.294192,-2.13637,-2.13986
-2.32696,-1.47146,-19.3007,0.108896,-0.297662,1.23882,9.6075,-1.90969,-26.0529,0.186784,-2.16453,-2.30347
2.91933,2.3155,-25.3003,0.0613615,-0.736944,1.05104,10.3035,-1.42933,-26.9382,0.0836366,-2.13061,-2.43083
3.97242,2.08951,-25.3523,-0.0167979,-0.80362,1.07591,9.61119,-0.502626,-24.7839,0.085294,-1.95403,-2.60356
2.68613,1.98348,-25.6977,0.0644537,-0.797704,0.964637,8.54221,-0.658314,-23.3788,0.0711198,-1.79652,-2.63889
-3.4072,-1.14332,-19.5315,-0.0101252,-0.350321,1.30069,6.40804,-1.37605,-22.864,0.0896021,-1.76526,-2.69324
-3.65335,-1.10745,-19.9383,0.0827827,-0.365159,1.2491,7.60238,-2.19034,-24.1937,-0.124963,-1.60111,-2.48099
-1.25042,-0.717609,-22.1582,0.0962689,-0.567433,1.18251,10.4158,-2.61524,-25.2359,-0.246068,-1.53111,-2.57419
-0.736533,-0.945109,-21.3943,0.0173693,-0.518165,1.22838,9.58471,0.284164,-20.1074,-0.151593,-1.12226,-2.80974
2.17869,-0.229323,-23.3741,0.0789333,-0.585043,1.19199,10.1194,0.665427,-19.8295,-0.293919,-1.0546,-2.86377
4.80799,0.543113,-25.1751,-0.0292255,-0.726459,1.20805,9.63073,0.756648,-17.5672,-0.174473,-0.91047,-3.1176
2.18107,0.654305,-24.7392,0.0912655,-0.741176,1.09596,10.9807,-2.55891,-20.6336,-0.0511519,-0.983681,-2.91136
-1.28628,-0.645921,-20.4793,0.000681233,-0.402923,1.25187,9.26464,0.719834,-15.1046,0.161692,-0.696198,-3.29333
-3.41825,-0.580737,-18.9024,0.0670554,-0.29721,1.24206,11.1778,-3.82889,-19.9444,0.152776,-0.994402,-2.78569
-3.38839,-0.994461,-19.3543,0.044101,-0.372436,1.19811,12.0978,-4.50043,-22.9732,0.109441,-1.15642,-2.88031
-0.229419,1.37082,-22.4773,0.0795354,-0.571728,0.991229,11.03,-4.49851,-28.1347,-0.0821232,-2.0717,-3.165
0.789465,1.74874,-23.0368,-0.0433181,-0.604901,1.15665,9.73396,-0.499472,-22.4622,-0.161647,-1.3273,-3.28662
2.15276,1.42147,-23.7253,0.0504613,-0.602056,1.04342,9.39507,-0.0781317,-24.3929,-0.13423,-1.44867,-3.19432
1.63049,0.828336,-23.2898,0.0389811,-0.63711,1.08077,10.6755,-3.80022,-28.0753,-0.116727,-1.54603,-2.49456
0.613832,-1.56728,-21.9844,0.0974947,-0.439174,1.33314,5.83446,2.53619,-15.3339,0.259905,-0.694888,-3.34756
-2.30007,-2.35725,-20.4767,0.0610151,-0.421473,1.42009,8.47375,0.912167,-19.6094,0.224834,-0.882691,-2.97011
-1.77625,-0.791663,-20.9184,0.0965685,-0.392714,1.12426,10.5531,-1.13546,-22.8434,0.0512368,-0.987795,-2.95705
-1.00756,-0.30183,-21.7251,0.0593594,-0.48504,1.2075,11.6676,-4.5424,-27.2929,-0.417198,-1.43062,-2.65474
1.62829,0.112607,-22.7605,-0.000363623,-0.554802,1.20076,9.58957,-1.92742,-20.6596,-0.382249,-0.811892,-3.23955
2.41499,1.22966,-24.579,-0.00125911,-0.746395,1.10873,9.22005,-3.04384,-21.6803,-0.348816,-0.745485,-2.84325
0.264912,1.25144,-22.2519,-0.00206011,-0.53024,1.13262,7.82919,3.35836,-15.7899,-0.324034,-0.387184,-3.38082
-0.23371,0.193279,-22.5439,-0.0264269,-0.562364,1.23137,10.3514,-5.11409,-25.8224,-0.15361,-1.00838,-2.66886
-0.741574,-0.0770912,-22.1319,0.041292,-0.502877,1.15382,9.87201,-3.03638,-24.0017,-0.12977,-1.17176,-3.01602
-0.475273,-0.233749,-22.2099,0.0281061,-0.512668,1.1822,9.54835,-0.102252,-20.0489,-0.506276,-0.71185,-2.91728
-0.746622,-0.637102,-20.9757,0.0284582,-0.423212,1.21156,12.5056,-6.91446,-34.4255,-0.228408,-2.02196,-2.52109
-1.79844,-1.8406,-19.922,0.0288365,-0.375839,1.37264,9.04429,-1.67352,-29.346,-0.0194626,-2.09783,-3.0216
0.293566,0.672891,-22.8876,-0.000622119,-0.573689,1.16415,6.02512,7.49821,-15.8351,0.284992,-0.904355,-3.12164
2.12837,1.34473,-24.1965,-0.0424837,-0.679823,1.17817,9.702,2.89291,-25.7631,-0.0326167,-1.78772,-2.77419
2.96407,0.995187,-23.946,0.0912008,-0.593,1.01283,12.1125,-4.94154,-30.956,-0.139317,-1.84432,-2.36923
0.561598,-0.696208,-20.6848,0.0520087,-0.410193,1.2677,9.7726,1.01193,-21.0074,-0.20332,-0.661532,-2.78556
-1.78868,-1.19345,-20.1571,0.107629,-0.3578,1.21952,8.53058,2.81978,-19.8443,-0.214445,-0.665002,-2.86138
-1.59005,-0.189895,-19.8555,-0.0666325,-0.392524,1.32103,9.17887,-0.0713463,-22.3815,-0.315749,-0.891764,-2.45022
-1.81992,-0.0414991,-20.098,0.0548437,-0.415237,1.12199,8.98519,-3.00771,-21.5376,-0.140817,-0.984763,-2.149
-1.86849,0.0692911,-19.615,-0.0796053,-0.443722,1.30674,8.8857,1.42643,-18.487,0.0873619,-0.8267,-2.94495
1.87597,1.73055,-24.7997,0.015489,-0.778493,1.1157,9.97905,-4.68317,-25.6152,0.0986369,-1.6179,-1.95273
2.17489,1.60925,-24.9962,0.135395,-0.67439,0.970763,9.13934,2.28032,-19.3606,0.0999137,-0.930887,-2.58817
1.13356,-0.00209904,-23.6357,0.067229,-0.589143,1.10819,11.9347,-3.36819,-30.4078,-0.38012,-1.69082,-1.83377
-0.721202,-1.51587,-21.2623,0.0163642,-0.446598,1.2821,6.22582,10.4087,-14.5079,0.000670525,-1.12428,-3.37869
-0.729371,-1.4833,-21.252,0.0414736,-0.461341,1.32818,10.8859,2.05388,-27.8073,-0.176039,-1.52366,-2.21439
-0.960586,-1.72269,-20.8575,0.149001,-0.382899,1.19254,14.1909,-4.36166,-32.6882,-0.445937,-1.32473,-2.05714
0.0485439,-0.558908,-21.0318,0.0926275,-0.419771,1.19981,11.4452,1.87955,-22.4959,-0.716712,-1.00687,-2.90611
1.62953,1.46401,-24.1036,0.0644884,-0.626164,1.01911,10.5314,0.305215,-25.9866,-0.660173,-1.60178,-2.53432
0.261287,1.32297,-22.2287,-0.0157974,-0.535148,1.14737,12.6648,-4.46601,-28.8695,-0.194247,-1.29122,-1.78933
0.022204,1.02761,-22.2985,0.0385397,-0.515218,1.08857,8.62775,0.540224,-21.825,0.0305882,-1.24307,-2.39379
-0.245844,0.460256,-22.3274,-0.0397427,-0.613863,1.21704,9.48482,0.635743,-23.4443,-0.0790564,-1.21678,-2.01816
-1.5396,-0.704838,-20.9166,0.0671594,-0.432133,1.24375,11.5313,-3.8093,-31.9539,-0.368402,-1.78055,-1.90241
-1.2597,-0.963941,-21.0284,0.0426006,-0.422286,1.21107,7.37948,8.03949,-20.8162,-0.410051,-1.18551,-2.40927
-0.483086,-0.12504,-22.6201,-0.0122566,-0.561655,1.23055,9.34278,2.26135,-27.8802,-0.433852,-1.66672,-2.18161
2.17668,0.268072,-24.1025,0.0781015,-0.639795,1.1588,8.18349,7.34065,-19.6437,-0.281144,-0.826352,-2.80454
2.68521,0.664698,-24.0266,0.0498723,-0.645772,1.17445,10.2086,-0.0785465,-29.0057,-0.266268,-1.52341,-2.13596
1.10932,0.036726,-22.2847,0.104822,-0.500758,1.14148,10.0244,5.6895,-23.3949,-0.361414,-1.01426,-2.95988
-1.2711,-1.03093,-20.159,0.0801766,-0.368261,1.24859,10.2152,5.89406,-25.3803,-0.453229,-1.30329,-2.92027
-3.66574,-1.35999,-18.6842,0.0549509,-0.285922,1.30821,11.6771,3.12578,-28.6943,-0.498768,-1.60197,-2.73476
-1.5777,0.386926,-20.4317,0.000586446,-0.464866,1.17084,11.8564,4.25414,-27.3132,-0.520927,-1.45741,-2.73458
0.0496117,0.27789,-22.4148,0.0411047,-0.580096,1.11431,12.8516,1.90743,-29.0068,-0.585617,-1.52755,-2.49633
2.1336,1.64081,-24.5457,-0.0297744,-0.700001,1.13986,13.4003,-1.60803,-32.3335,-0.607142,-1.75453,-2.12786
1.89856,0.937875,-23.856,0.0516158,-0.610977,1.07139,14.3752,-2.45875,-32.4742,-0.533335,-1.73173,-2.0394
0.832032,0.125965,-23.4304,-0.00849127,-0.691286,1.25427,13.3604,-2.02638,-31.839,-0.517081,-1.66411,-1.90174
-0.472147,-0.607144,-22.2024,0.00253853,-0.582941,1.22435,10.2299,-0.381895,-29.2686,-0.378834,-1.72927,-2.15997
-1.52727,-1.35115,-20.5525,0.0691026,-0.46287,1.26586,9.54211,2.79047,-26.4343,-0.365091,-1.51838,-2.26465
-1.79664,-1.33848,-20.204,0.0164045,-0.376639,1.27419,8.4343,3.0997,-25.2965,-0.31702,-1.50485,-2.18049
-0.219392,0.138365,-21.6692,0.0669909,-0.454837,1.10633,6.46828,-1.24082,-27.223,-0.297903,-1.45566,-1.78533
1.8662,1.29742,-23.7383,-0.0157371,-0.635372,1.14477,6.66331,-1.33734,-27.4039,-0.332657,-1.47881,-1.62146
1.89631,0.93978,-23.8559,0.0518915,-0.610938,1.07119,7.4578,-0.831326,-29.0822,-0.336154,-1.66647,-1.72673
0.576689,0.428493,-22.5484,0.0663338,-0.515256,1.08644,8.80507,-1.12126,-29.5235,-0.30662,-1.71468,-1.69138
0.289047,0.330448,-21.6608,0.0642861,-0.480116,1.18193,10.6988,-1.67017,-32.3806,-0.330814,-1.73956,-1.58025
-2.85953,-1.9799,-18.0746,0.0818457,-0.222313,1.31212,10.145,-0.0435133,-30.5163,-0.256194,-1.7244,-1.72851
-1.53415,-0.967248,-19.6639,0.0549153,-0.318753,1.19837,10.979,0.150492,-32.1271,-0.278473,-1.67867,-1.46387
0.0601021,-0.0151176,-22.6388,0.0132307,-0.547916,1.18714,10.4592,1.06082,-30.4237,-0.219559,-1.61994,-1.63663
0.58173,0.0362911,-22.2301,0.0260078,-0.509464,1.16821,10.3715,-0.00883865,-30.994,-0.27289,-1.68398,-1.55691
1.88773,1.70488,-24.3681,0.037667,-0.717239,1.02359,9.97376,0.127447,-30.4644,-0.252755,-1.69,-1.70165
0.544639,0.855752,-22.4077,-0.0154344,-0.544667,1.17508,9.9332,-0.115108,-29.9793,-0.280167,-1.55626,-1.62088
0.0613897,0.172265,-22.5776,0.0667445,-0.519195,1.10067,9.96375,-0.0368509,-30.2282,-0.252309,-1.56159,-1.56316
-1.81702,-0.794213,-20.0262,0.00157633,-0.372364,1.26147,9.82944,1.83883,-29.1119,-0.209285,-1.38196,-1.51735
-1.00948,-0.482685,-20.8979,0.0412125,-0.413404,1.18343,10.0953,0.349027,-29.8885,-0.235814,-1.51131,-1.42677
-0.193728,-0.576436,-22.2197,0.0423582,-0.563933,1.16612,10.1754,0.146448,-30.1479,-0.208364,-1.7044,-1.57105
0.847012,-0.192142,-22.3311,0.0267463,-0.514333,1.18184,11.4802,-1.31132,-32.4141,-0.222751,-1.70362,-1.2907
1.87406,1.22,-24.08,-0.0284996,-0.725857,1.1486,9.61711,1.15385,-28.978,-0.150938,-1.64122,-1.54923
1.89155,0.835098,-23.3133,0.0387765,-0.637375,1.08073,10.6911,0.408619,-31.0241,-0.16166,-1.69127,-1.3883
-0.490974,0.144509,-22.0865,-0.000201779,-0.517972,1.19826,10.9398,-0.102388,-32.4221,-0.186906,-1.80008,-1.27579
-2.5965,-1.26265,-19.9701,-0.00978476,-0.436699,1.28886,10.4611,-0.103515,-33.3032,-0.163583,-1.74273,-1.07867
-1.51737,-1.6804,-20.6613,0.0426526,-0.48185,1.32283,9.91588,1.76066,-31.6571,-0.176169,-1.70294,-1.33309
-0.464202,-0.60254,-21.8843,0.0282298,-0.487517,1.20577,9.65673,1.03474,-31.0311,-0.100403,-1.81683,-1.32255
1.06958,1.21101,-23.239,-0.0288954,-0.609556,1.16959,10.0585,-2.72549,-34.1155,-0.0549009,-2.09614,-0.996566
0.553425,1.05655,-23.2286,0.0426153,-0.597134,1.14156,9.98915,-1.48242,-32.4615,-0.0405552,-1.93935,-1.03489
1.07419,1.52569,-23.8995,-0.00150175,-0.705874,1.09176,8.94674,0.698205,-30.2712,-0.0213591,-1.9168,-1.32759
0.842447,0.0196247,-22.7022,0.0574191,-0.546995,1.1878,10.0609,-0.340046,-31.8165,-0.0018575,-2.06677,-1.26464
-0.724174,-0.965114,-21.0837,0.120677,-0.413635,1.18455,9.7595,0.0578995,-31.5434,0.036842,-1.86791,-1.10042
-1.53956,-1.21287,-20.6292,0.020186,-0.423917,1.32326,9.71263,0.502431,-31.8567,0.0378562,-1.92881,-1.16973
-0.19796,-0.9584,-22.4736,-0.0110157,-0.546137,1.28171,10.2767,-0.423615,-33.2451,0.0282502,-1.81822,-0.862865
0.569109,0.668989,-23.3618,0.0262367,-0.593927,1.12489,9.97651,-0.739876,-32.9923,0.0280131,-2.02633,-1.10993
0.837318,0.771821,-23.3558,0.0526378,-0.579908,1.0815,9.75155,-0.187018,-33.2013,0.0408649,-2.12111,-1.10099
1.05701,0.982347,-23.1845,-0.0811949,-0.689659,1.24106,10.7964,-0.398578,-34.4117,0.0367581,-2.14218,-1.01145
1.36308,0.615256,-23.3326,0.0648565,-0.656082,1.14076,10.7936,0.623668,-31.6221,0.0559857,-2.08152,-1.25304
-1.77438,-2.01601,-19.9795,0.030563,-0.351239,1.29697,12.0075,-0.00263977,-33.4146,0.0763491,-2.11963,-1.06011
-3.64565,-1.27749,-18.6557,0.0969522,-0.237389,1.16072,12.04,0.251333,-32.8782,0.053117,-2.13705,-1.19083
-0.472798,0.190789,-22.0717,0.0806303,-0.479268,1.08178,10.6336,1.31775,-31.7687,0.0442932,-2.16901,-1.29559
2.15457,1.61115,-24.8733,0.0385526,-0.751829,1.02718,9.60384,1.99672,-30.6809,0.0617102,-2.02743,-1.12678
1.86604,1.09083,-23.6769,-0.0279719,-0.696177,1.15818,8.59157,0.880613,-29.8614,0.0873315,-1.98445,-1.02976
0.841165,0.325668,-22.6098,0.118295,-0.520644,1.1032,10.3283,-3.6169,-35.7268,0.143332,-2.37174,-0.70094
-0.215986,0.237765,-22.5296,0.0540177,-0.523766,1.11524,9.59788,-2.84739,-34.4754,0.163579,-2.36383,-0.712644
-2.31592,-1.49892,-20.2018,0.04408,-0.36618,1.24494,9.7461,-2.47769,-34.0634,0.140655,-2.34765,-0.800128
-1.53666,-0.820518,-20.9475,0.0602058,-0.429687,1.24141,8.56004,3.08007,-29.4296,0.0769168,-2.01273,-1.27884
0.854181,-0.240308,-22.795,0.0928689,-0.544149,1.17383,8.45992,2.50236,-29.6152,0.0746127,-2.11035,-1.34199
1.89566,0.180815,-23.2118,0.0128532,-0.580068,1.17636,9.10943,0.819923,-30.5653,0.061504,-2.01733,-1.05041
1.35004,0.377042,-23.0926,-0.0276228,-0.594119,1.22098,8.73145,0.247165,-30.9999,0.168506,-2.16355,-1.01465
0.543316,0.824988,-22.865,-0.028026,-0.583902,1.19362,9.25306,-2.75926,-33.5378,0.155641,-2.49201,-0.864464
-1.27663,-0.438561,-21.1753,0.080922,-0.504014,1.18999,10.3304,-2.09746,-34.2971,0.0452834,-2.41787,-0.886958
-1.01161,-0.648211,-21.2702,0.00266575,-0.518273,1.22998,9.80075,-0.42545,-32.1162,0.115154,-2.18645,-1.01714
-0.76034,0.26324,-21.8922,0.014569,-0.559309,1.15407,10.3422,0.217138,-32.8655,0.0506878,-2.14274,-0.962515
-0.475358,0.356279,-22.018,0.0936961,-0.469821,1.05329,9.40215,3.96583,-29.6108,0.0852185,-2.14192,-1.47279
0.589732,0.0812902,-22.6631,0.118887,-0.524867,1.11694,9.32084,1.80133,-30.936,0.0667329,-2.15289,-1.23646
0.844871,0.454862,-23.3311,0.0925102,-0.645597,1.11148,10.3095,-0.904502,-32.2659,0.113882,-2.28843,-1.0992
0.593343,0.047163,-23.1201,0.105733,-0.564055,1.13575,12.0757,-4.38044,-36.4173,0.0149976,-2.44425,-0.735675
-1.00816,-0.630157,-20.5014,0.120175,-0.374409,1.16667,10.1034,-0.918142,-34.3257,0.0625458,-2.08934,-0.651652
-0.221639,-0.488575,-21.875,0.039888,-0.507632,1.26657,9.09334,0.848572,-32.9215,0.0480556,-2.08786,-0.922048
-1.01328,-0.850482,-21.0191,0.054008,-0.442352,1.27187,8.62676,2.45239,-30.8698,0.065956,-2.12381,-1.24265
1.65114,0.294082,-24.041,0.0401056,-0.629301,1.12726,9.685,-0.217439,-32.8743,0.0463527,-2.33534,-1.1596
2.14516,0.9993,-23.864,-0.0019171,-0.635465,1.14365,10.3609,0.0245695,-33.0511,0.0636803,-2.15753,-1.03915
-0.225954,-0.2134,-21.7846,0.000622588,-0.493205,1.2215,10.2298,-0.965401,-34.1357,0.0541064,-2.31682,-1.06916
-1.55894,-0.403728,-20.2437,0.0669865,-0.444579,1.21076,11.1627,-2.12154,-34.6953,0.0482707,-2.41132,-1.06801
-1.56092,0.0054493,-20.556,0.0280423,-0.459731,1.15545,10.6436,1.45788,-32.397,0.10881,-2.1015,-1.29187
0.27624,0.88366,-21.9264,-0.00179252,-0.505088,1.15604,9.77328,2.99612,-31.2299,0.0744667,-2.07368,-1.4105
0.56703,0.569074,-22.8198,0.0133185,-0.62035,1.13404,9.89615,1.19762,-33.6651,0.0658838,-2.3288,-1.252
0.0334433,0.28795,-21.9651,0.0137073,-0.560326,1.15394,10.0339,-0.0118504,-32.2445,0.0658955,-2.17165,-1.1246
0.0625587,-0.58427,-21.9333,0.027795,-0.488297,1.20564,10.9012,-4.38315,-35.6956,0.0141291,-2.53854,-0.905328
-0.196051,-0.664893,-21.9324,0.04154,-0.483053,1.19104,10.3586,-0.648218,-33.9411,0.0827697,-2.19402,-0.915175
-2.06825,-1.11038,-20.1029,0.0158991,-0.371767,1.2606,9.28147,0.0582657,-32.73,0.0453029,-2.27792,-1.1187
0.855104,0.166518,-23.1073,0.0534237,-0.559362,1.11886,8.55123,2.0188,-31.8619,0.046772,-2.24533,-1.40284
2.14553,0.997017,-23.8638,-0.0021544,-0.635478,1.14391,9.60205,0.660551,-32.2067,0.0393998,-2.15786,-1.19532
2.399,1.28037,-24.2444,-0.0295129,-0.675344,1.16353,9.72368,0.942024,-32.5731,0.0402319,-2.25279,-1.29172
-0.487984,-0.132256,-22.0479,0.00157707,-0.573787,1.19663,10.8337,-1.78034,-35.0098,0.016636,-2.30999,-0.984817
-1.81661,-0.232453,-20.5994,0.0730841,-0.461907,1.17022,9.95413,-0.822206,-34.3436,0.0690296,-2.371,-1.20709
-2.86978,-2.04155,-18.9795,-0.0184376,-0.327341,1.43475,10.8378,-0.302629,-34.1801,0.0624994,-2.25343,-1.25336
-1.01248,-0.519601,-20.9117,0.0799623,-0.423349,1.21473,9.9146,1.45825,-32.2215,0.0626045,-2.30251,-1.50037
1.37157,0.584727,-23.3429,0.0400271,-0.641273,1.09437,9.90511,1.62152,-32.2313,0.0619693,-2.20333,-1.39199
2.16421,0.782501,-23.9341,0.0383817,-0.620802,1.09973,10.6083,-1.02572,-34.4687,0.0395368,-2.31332,-1.16696
2.69279,1.14195,-24.7564,0.0684933,-0.683744,1.09565,10.7834,-1.53305,-34.768,-0.0285474,-2.29767,-1.11561
-0.254205,0.699362,-21.9322,-0.0145186,-0.514037,1.18519,10.7326,-1.31903,-33.1814,0.0448623,-2.25968,-1.20383
-3.40373,-1.05134,-19.9477,0.0282724,-0.389792,1.32226,9.37917,0.848738,-32.4594,0.055659,-2.20191,-1.31995
-2.59179,-1.16087,-20.5107,0.00345052,-0.410214,1.2794,8.73531,1.86335,-31.0008,0.067414,-2.23552,-1.54707
1.37899,0.645456,-23.7697,0.0538165,-0.666008,1.06965,9.49771,0.206153,-33.4546,0.0498791,-2.42626,-1.45683
1.8846,0.744422,-23.3443,0.0126115,-0.651766,1.1237,9.34207,0.584636,-31.3117,0.0892426,-2.22869,-1.39259
1.36953,-0.00762081,-22.3263,0.0395794,-0.505643,1.15309,10.6731,-1.63862,-34.1408,0.0390075,-2.35113,-1.20516
0.0863906,-0.945239,-22.4978,0.107319,-0.51785,1.19723,10.2435,-1.32619,-34.0672,-0.0236873,-2.42793,-1.3408
-0.766677,0.0784283,-21.6353,-0.0130627,-0.492822,1.22251,9.53342,1.10228,-32.7486,0.0292875,-2.38753,-1.57523
-1.54558,-0.672379,-20.7783,0.0544763,-0.488347,1.24308,9.61946,1.86701,-31.8848,-0.0295631,-2.0905,-1.37243
-1.51624,-0.788222,-21.2618,0.0700993,-0.488533,1.14291,9.50062,-0.038662,-32.0523,0.0546767,-2.30716,-1.42874
1.88282,1.45865,-24.1257,0.0684323,-0.643738,1.07787,10.9017,-1.94831,-33.5454,0.0408133,-2.35842,-1.25081
0.830406,0.840874,-23.6508,0.0132353,-0.68018,1.11451,11.2829,-1.96762,-34.9974,0.0341072,-2.4158,-1.18854
0.836236,0.342902,-22.6035,0.0394453,-0.530048,1.12973,9.71076,1.39981,-32.1074,0.062421,-2.37756,-1.59353
0.321303,-0.665621,-22.8788,-0.038667,-0.586352,1.30122,9.19209,1.99507,-31.7647,0.0352529,-2.15924,-1.44563
-1.52507,-0.964515,-19.9813,0.148335,-0.385505,1.13205,9.56713,0.117702,-32.1596,-0.0100963,-2.28835,-1.42954
-1.55764,-0.818906,-20.3728,0.0585993,-0.47591,1.31186,11.2947,-1.59775,-33.8952,0.012374,-2.33814,-1.26563
-0.237494,-0.0695391,-21.7377,-0.0264103,-0.502988,1.25087,9.84584,-0.951785,-33.444,-0.0208182,-2.39486,-1.37726
1.59733,1.48736,-23.2034,0.010423,-0.58641,1.09764,9.49669,0.934373,-30.7356,0.0362498,-2.18448,-1.50755
1.3572,0.726553,-23.2959,0.0127604,-0.651159,1.1241,9.50671,1.02602,-30.6191,0.0829297,-2.15345,-1.52633
1.10347,1.0743,-24.0475,0.0394343,-0.695792,1.06136,9.60743,0.295945,-31.7293,0.030063,-2.40944,-1.64529
