-3.33142,2.05803,0.642035,-2.89807,-0.0241227,-0.229469,0.00477948,-3.13205,-2.08312,-0.621642,-2.82142,-0.00312831,-0.211551,-0.000729445
-3.32453,2.0451,0.638505,-2.89802,-0.0242841,-0.229387,0.00453908,-3.11992,-2.07026,-0.618336,-2.8195,-0.00302748,-0.210964,-0.000473449
-3.31133,2.01626,0.63188,-2.89698,-0.0245188,-0.229021,0.00412782,-3.10338,-2.05184,-0.613376,-2.81739,-0.00285252,-0.210274,-0.000106396
-3.30729,1.99104,0.625621,-2.89815,-0.0245949,-0.229005,0.0040027,-3.09262,-2.03537,-0.609182,-2.8169,-0.00274507,-0.209999,0.000118743
-3.30469,1.96424,0.619057,-2.89922,-0.0246825,-0.228999,0.00382016,-3.08488,-2.01711,-0.60441,-2.81669,-0.00281888,-0.20987,0.000182961
-3.30174,1.93351,0.611381,-2.90055,-0.0246971,-0.228999,0.00371324,-3.07837,-1.98793,-0.596664,-2.81671,-0.0029202,-0.209726,0.000288953
-3.29878,1.90422,0.603951,-2.90205,-0.0244754,-0.229028,0.00382179,-3.07241,-1.96755,-0.591337,-2.81647,-0.00323636,-0.209568,0.0001541
-3.29472,1.86755,0.59527,-2.9042,-0.0243491,-0.229166,0.0037307,-3.0656,-1.94767,-0.586282,-2.81699,-0.00372685,-0.209516,-0.00015405
-3.29309,1.84183,0.589543,-2.90669,-0.0242404,-0.229406,0.00372877,-3.06096,-1.93474,-0.583415,-2.8181,-0.00411786,-0.209572,-0.000426913
-3.29298,1.82273,0.585311,-2.90923,-0.0237679,-0.229663,0.00406312,-3.05889,-1.92258,-0.581056,-2.82062,-0.00458675,-0.209737,-0.000820723
-3.29398,1.80468,0.581391,-2.91144,-0.0233431,-0.229865,0.00433552,-3.05937,-1.91226,-0.57884,-2.82181,-0.00478458,-0.209781,-0.000973963
-3.29656,1.78434,0.5768,-2.91351,-0.0229674,-0.23007,0.00453838,-3.06021,-1.90607,-0.577242,-2.82205,-0.00484587,-0.209719,-0.00101509
-3.29876,1.77282,0.573921,-2.91426,-0.0225603,-0.230124,0.00484527,-3.06312,-1.9058,-0.576977,-2.82166,-0.00491896,-0.20959,-0.00108417
-3.30255,1.7645,0.571862,-2.91487,-0.0220499,-0.230204,0.00524489,-3.06831,-1.90807,-0.577151,-2.82062,-0.00494675,-0.209421,-0.00110122
-3.30391,1.75854,0.570113,-2.91481,-0.021916,-0.230166,0.00532445,-3.07007,-1.90896,-0.577146,-2.82008,-0.00495805,-0.209345,-0.00110858
-3.3046,1.75629,0.569568,-2.91492,-0.0218429,-0.230165,0.00538557,-3.06978,-1.90953,-0.577262,-2.82012,-0.00496499,-0.209355,-0.00111687
-3.30383,1.75731,0.569866,-2.91478,-0.0217687,-0.230144,0.00545889,-3.0677,-1.91276,-0.57813,-2.82037,-0.00500075,-0.20942,-0.00117037
-3.30394,1.75973,0.57045,-2.91484,-0.0217261,-0.230162,0.00551469,-3.06781,-1.91705,-0.5792,-2.8206,-0.00504974,-0.20947,-0.00123855
-3.30292,1.76465,0.57154,-2.91458,-0.0216761,-0.230136,0.00558268,-3.06862,-1.92287,-0.580571,-2.82024,-0.00511115,-0.209459,-0.00132505
-3.30183,1.77135,0.573078,-2.91405,-0.0216137,-0.230095,0.00567084,-3.07007,-1.93117,-0.582407,-2.81958,-0.00517239,-0.209413,-0.00141187
-3.29951,1.78228,0.575677,-2.91307,-0.0215642,-0.230006,0.00576944,-3.07111,-1.94227,-0.584633,-2.81795,-0.00527099,-0.209226,-0.00153608
-3.29727,1.78873,0.577258,-2.91237,-0.0216117,-0.229941,0.00575584,-3.0711,-1.94864,-0.585782,-2.81653,-0.0053183,-0.209052,-0.00159238
-3.295,1.79473,0.578731,-2.91185,-0.0216471,-0.229895,0.00575021,-3.06976,-1.95269,-0.586687,-2.8159,-0.00532819,-0.208975,-0.00161551
-3.2935,1.79816,0.579596,-2.91156,-0.0216733,-0.229866,0.00573231,-3.06359,-1.95371,-0.586986,-2.81534,-0.0053413,-0.208897,-0.00162405
-3.29147,1.79981,0.579967,-2.91148,-0.0216972,-0.22987,0.00571415,-3.05912,-1.95142,-0.587007,-2.81694,-0.00531981,-0.209115,-0.00161653
-3.28958,1.79938,0.579974,-2.91147,-0.0217074,-0.229868,0.0057034,-3.05663,-1.94887,-0.586611,-2.81767,-0.00529513,-0.209208,-0.00158812
-3.28778,1.79826,0.5797,-2.91144,-0.0217163,-0.22986,0.00568676,-3.05612,-1.94659,-0.586132,-2.81773,-0.00527439,-0.209206,-0.00155994
-3.28746,1.79629,0.57927,-2.9115,-0.0217199,-0.229849,0.00567388,-3.05563,-1.94616,-0.585923,-2.81733,-0.00526787,-0.209147,-0.00154662
-3.28766,1.79403,0.578804,-2.91146,-0.0217335,-0.229824,0.00564813,-3.05581,-1.94591,-0.585754,-2.81698,-0.00526811,-0.209091,-0.00154058
-3.28799,1.79117,0.577999,-2.91172,-0.0217583,-0.229848,0.00561113,-3.05612,-1.94577,-0.585479,-2.8162,-0.00526452,-0.208977,-0.00152544
-3.28859,1.78887,0.577496,-2.91194,-0.0217756,-0.22987,0.00558747,-3.05635,-1.9458,-0.585472,-2.81616,-0.00526767,-0.208964,-0.00152469
-3.28896,1.78653,0.576899,-2.91211,-0.0217899,-0.229872,0.00556079,-3.05585,-1.94567,-0.585476,-2.81619,-0.00527194,-0.208976,-0.00153227
-3.28968,1.78504,0.576585,-2.9123,-0.0217858,-0.229895,0.00555964,-3.05388,-1.94534,-0.585518,-2.81649,-0.00525832,-0.20901,-0.00151792
-3.29004,1.78421,0.576323,-2.91236,-0.0217714,-0.229894,0.00556176,-3.0532,-1.94478,-0.585735,-2.81757,-0.00525356,-0.209173,-0.00152938
-3.28985,1.78403,0.576333,-2.91225,-0.0217412,-0.229871,0.00559157,-3.05508,-1.94519,-0.585832,-2.81775,-0.00525076,-0.209208,-0.00152767
-3.28964,1.78572,0.576647,-2.91203,-0.021725,-0.229848,0.00561292,-3.05524,-1.94685,-0.585958,-2.81708,-0.00526413,-0.209115,-0.00153716
-3.28877,1.78745,0.577,-2.91175,-0.0217146,-0.229814,0.00562472,-3.05644,-1.94771,-0.585876,-2.81614,-0.00525928,-0.208982,-0.00152099
-3.28838,1.7888,0.577275,-2.91163,-0.021697,-0.229811,0.00564836,-3.05554,-1.94802,-0.585726,-2.81519,-0.00524508,-0.20884,-0.0014974
-3.28629,1.79163,0.577949,-2.91122,-0.0216705,-0.229768,0.00568365,-3.05324,-1.94729,-0.585557,-2.81507,-0.00523243,-0.208813,-0.00148116
-3.28482,1.79425,0.578509,-2.91092,-0.0216611,-0.229741,0.00570084,-3.05208,-1.94683,-0.585568,-2.81546,-0.0052338,-0.208868,-0.00148662
-3.28209,1.79577,0.578856,-2.91057,-0.0216517,-0.229696,0.00571224,-3.05002,-1.9457,-0.585489,-2.81599,-0.00522273,-0.208941,-0.00147715
-3.27921,1.79603,0.578848,-2.91024,-0.0216518,-0.229648,0.00570357,-3.0478,-1.94385,-0.585342,-2.81645,-0.00520878,-0.209001,-0.00146555
-3.27636,1.79642,0.57879,-2.90995,-0.0216581,-0.229609,0.00569119,-3.04788,-1.94267,-0.585218,-2.81697,-0.00520146,-0.20906,-0.00145974
-3.27279,1.79605,0.578643,-2.90949,-0.0216565,-0.229532,0.00567897,-3.04804,-1.94133,-0.584837,-2.81666,-0.00517871,-0.209014,-0.00142836
-3.26949,1.79585,0.578488,-2.90914,-0.0216538,-0.229465,0.00566794,-3.04737,-1.94023,-0.584431,-2.81592,-0.00517388,-0.208899,-0.00140992
-3.26752,1.79562,0.578436,-2.90913,-0.0216529,-0.229457,0.00566417,-3.04645,-1.94047,-0.58438,-2.81551,-0.00517884,-0.208839,-0.00140936
-3.26459,1.79488,0.578433,-2.90947,-0.0216595,-0.229493,0.00566089,-3.04615,-1.94004,-0.584285,-2.8156,-0.00516382,-0.208857,-0.00139203
-3.26128,1.7947,0.57843,-2.90936,-0.021653,-0.229465,0.00565929,-3.04607,-1.93969,-0.584234,-2.81562,-0.00516329,-0.20885,-0.00139002
-3.25944,1.79456,0.578428,-2.90931,-0.0216574,-0.229462,0.0056546,-3.04622,-1.9403,-0.584411,-2.81584,-0.00516004,-0.208892,-0.00139569
-3.25745,1.79433,0.578329,-2.90919,-0.0216579,-0.229439,0.00564953,-3.0466,-1.94014,-0.584425,-2.81607,-0.00514319,-0.208919,-0.00137992
-3.2546,1.79419,0.578294,-2.90902,-0.0216599,-0.229408,0.00564021,-3.04667,-1.94079,-0.584524,-2.81601,-0.00515423,-0.208911,-0.001396
-3.25232,1.79442,0.578282,-2.90896,-0.0216619,-0.229402,0.00563581,-3.04656,-1.94055,-0.584451,-2.81591,-0.00515238,-0.208894,-0.00139176
-3.24921,1.79416,0.578173,-2.9087,-0.0216614,-0.229364,0.00562856,-3.04621,-1.94011,-0.584313,-2.81575,-0.00514424,-0.208869,-0.00137923
-3.24747,1.79478,0.578216,-2.90843,-0.0216629,-0.229326,0.0056212,-3.04613,-1.93921,-0.584118,-2.81573,-0.00513542,-0.208858,-0.00136666
-3.24568,1.79575,0.57837,-2.90817,-0.0216496,-0.229283,0.00563317,-3.04552,-1.93867,-0.584022,-2.81567,-0.00512406,-0.208838,-0.0013482
-3.24491,1.79635,0.578471,-2.90818,-0.0216484,-0.229284,0.00563332,-3.04528,-1.93813,-0.583958,-2.81563,-0.00511681,-0.208823,-0.00133993
-3.24296,1.79651,0.578556,-2.90817,-0.0216549,-0.229278,0.00562775,-3.04547,-1.93856,-0.584038,-2.81562,-0.00511747,-0.208811,-0.00134163
-3.23809,1.79624,0.578595,-2.90793,-0.0216491,-0.229236,0.00562487,-3.04533,-1.93862,-0.58401,-2.81547,-0.00511559,-0.208783,-0.00133624
-3.23435,1.79553,0.578492,-2.90807,-0.0216582,-0.22925,0.00561255,-3.0455,-1.93851,-0.583958,-2.81547,-0.00511023,-0.208776,-0.0013293
-3.23105,1.7951,0.578459,-2.90827,-0.0216543,-0.22926,0.00561454,-3.04521,-1.93826,-0.583928,-2.81547,-0.00510788,-0.208762,-0.00132107
-3.22753,1.79416,0.578195,-2.9081,-0.0216692,-0.229222,0.00558528,-3.04528,-1.93819,-0.583924,-2.81544,-0.00511644,-0.208735,-0.0013257
-3.22576,1.79383,0.578108,-2.90804,-0.0216769,-0.229208,0.00557278,-3.04518,-1.93835,-0.583905,-2.81534,-0.0051182,-0.208684,-0.00131608
-3.22597,1.79349,0.577967,-2.908,-0.0216792,-0.229195,0.00556636,-3.04484,-1.93835,-0.583863,-2.81526,-0.00512579,-0.208661,-0.00132074
-3.22572,1.79278,0.577848,-2.90796,-0.0216968,-0.229186,0.00554475,-3.04511,-1.93862,-0.583917,-2.81525,-0.0051288,-0.208656,-0.00132486
-3.22601,1.79279,0.577915,-2.90818,-0.0216943,-0.229218,0.00555251,-3.04507,-1.93975,-0.584074,-2.81506,-0.00513974,-0.208634,-0.00133622
-3.2261,1.79304,0.577958,-2.90826,-0.0216894,-0.229229,0.00556161,-3.04523,-1.93992,-0.584138,-2.81512,-0.00514391,-0.208636,-0.00134217
-3.2262,1.79248,0.577926,-2.90839,-0.0216918,-0.229246,0.0055579,-3.04526,-1.93977,-0.584068,-2.81517,-0.0051363,-0.208642,-0.0013309
-3.22627,1.79288,0.578017,-2.90844,-0.0216896,-0.229254,0.00556407,-3.04508,-1.93956,-0.584015,-2.81518,-0.00514288,-0.208639,-0.00133687
-3.22664,1.79247,0.577974,-2.90848,-0.0216997,-0.229266,0.00555384,-3.0464,-1.93934,-0.583973,-2.81536,-0.00514591,-0.208642,-0.00133615
-3.22736,1.79206,0.577879,-2.90851,-0.0216994,-0.229264,0.00555296,-3.04735,-1.9403,-0.584128,-2.81529,-0.0051738,-0.208574,-0.00135485
-3.22809,1.7913,0.577722,-2.90867,-0.0217088,-0.229287,0.00554398,-3.04877,-1.94075,-0.584141,-2.81517,-0.00517151,-0.208551,-0.00134888
-3.22851,1.79112,0.577717,-2.90894,-0.021714,-0.229325,0.00554023,-3.04989,-1.94114,-0.584277,-2.81528,-0.00518346,-0.208573,-0.00136771
-3.22845,1.79006,0.577571,-2.90922,-0.0217195,-0.229351,0.00553532,-3.04994,-1.94113,-0.584329,-2.81543,-0.00518118,-0.208604,-0.00136836
-3.22847,1.78911,0.577483,-2.90967,-0.0217355,-0.229415,0.0055266,-3.05009,-1.94048,-0.584162,-2.81554,-0.00517397,-0.208612,-0.00135646
-3.22932,1.78889,0.577524,-2.91002,-0.0217425,-0.229472,0.00552753,-3.05121,-1.9393,-0.583918,-2.81565,-0.00517381,-0.208627,-0.00135422
-3.22852,1.78994,0.577679,-2.90985,-0.0217111,-0.229445,0.00555704,-3.05111,-1.93714,-0.583201,-2.81542,-0.00516272,-0.208583,-0.00132801
-3.22932,1.79393,0.578369,-2.90867,-0.02163,-0.229296,0.00562958,-3.06252,-1.92832,-0.581522,-2.81762,-0.00512046,-0.208806,-0.00126893
-3.2303,1.79776,0.578782,-2.9078,-0.021558,-0.229192,0.00568595,-3.07589,-1.9246,-0.580734,-2.81838,-0.00509377,-0.208907,-0.00125008
-3.22911,1.80485,0.579773,-2.90546,-0.0213713,-0.228868,0.00583126,-3.08564,-1.91622,-0.578891,-2.81908,-0.00507081,-0.208912,-0.00120688
-3.22734,1.81765,0.582556,-2.90356,-0.0211739,-0.22837,0.00598548,-3.09797,-1.90063,-0.574903,-2.81913,-0.0049502,-0.208815,-0.00102415
-3.22659,1.83252,0.586053,-2.9024,-0.0209054,-0.227743,0.00617576,-3.11504,-1.87506,-0.568211,-2.81918,-0.00470224,-0.20859,-0.0006533
-3.22704,1.85307,0.590794,-2.90075,-0.0206246,-0.227198,0.0064284,-3.12253,-1.85585,-0.562512,-2.81561,-0.0044535,-0.207942,-0.000288643
-3.22732,1.86412,0.593144,-2.89942,-0.0204965,-0.226874,0.00654521,-3.12613,-1.84376,-0.55955,-2.81557,-0.00416117,-0.2077,6.83116e-05
-3.22877,1.87227,0.595039,-2.89903,-0.0203863,-0.226809,0.00667635,-3.12563,-1.82982,-0.556844,-2.81698,-0.00393562,-0.207741,0.000334569
-3.22646,1.89115,0.598962,-2.89638,-0.0202801,-0.226512,0.00682747,-3.12385,-1.81453,-0.554534,-2.82093,-0.00383837,-0.2081,0.000469405
-3.22462,1.90729,0.603105,-2.89583,-0.0201855,-0.226565,0.00702416,-3.11134,-1.79453,-0.550733,-2.82444,-0.00369033,-0.208297,0.00069742
-3.21919,1.92047,0.606181,-2.89444,-0.0201257,-0.226433,0.00713051,-3.09455,-1.77507,-0.546979,-2.82711,-0.00369314,-0.208491,0.000781297
-3.20699,1.93012,0.608462,-2.89385,-0.0199576,-0.226411,0.00733044,-3.08141,-1.74892,-0.541681,-2.83162,-0.00354431,-0.209053,0.00100151
-3.19972,1.93913,0.610756,-2.89397,-0.0199666,-0.226651,0.00740877,-3.07501,-1.73398,-0.538345,-2.83318,-0.00347005,-0.209238,0.00113748
-3.18861,1.9513,0.613779,-2.89343,-0.019968,-0.226841,0.00751605,-3.07367,-1.72151,-0.535469,-2.83382,-0.00333081,-0.209286,0.00132101
-3.17465,1.96077,0.616515,-2.8934,-0.0200255,-0.22712,0.00752183,-3.075,-1.70893,-0.532758,-2.83484,-0.00317864,-0.209403,0.00150844
-3.16031,1.97038,0.618668,-2.89229,-0.0200605,-0.22706,0.00746483,-3.07415,-1.69714,-0.529331,-2.83347,-0.00301451,-0.209186,0.00173308
-3.14512,1.9793,0.620371,-2.88993,-0.019945,-0.226761,0.00756099,-3.07144,-1.68732,-0.527217,-2.83409,-0.00291838,-0.209231,0.00185826
-3.13073,1.99326,0.623699,-2.88826,-0.0199098,-0.226629,0.00761112,-3.06745,-1.66999,-0.523267,-2.83494,-0.00276904,-0.209245,0.00206385
-3.12633,2.0032,0.626164,-2.88703,-0.0200071,-0.22654,0.00750905,-3.06443,-1.66085,-0.52147,-2.83592,-0.00283548,-0.209301,0.00199055
-3.12636,2.01469,0.628804,-2.88576,-0.0198723,-0.22626,0.00764123,-3.06279,-1.65212,-0.51965,-2.83732,-0.00289459,-0.20938,0.00193058
-3.13643,2.02067,0.629776,-2.88503,-0.0197144,-0.226019,0.00777157,-3.06354,-1.64949,-0.519472,-2.83841,-0.00306535,-0.20943,0.0017218
-3.15089,2.02329,0.62887,-2.88265,-0.0196687,-0.225637,0.0077638,-3.06499,-1.64891,-0.519498,-2.83967,-0.00328392,-0.209527,0.0014528
-3.16725,2.02416,0.628433,-2.88174,-0.0197498,-0.22555,0.00764216,-3.06716,-1.64933,-0.520145,-2.84162,-0.00342999,-0.209776,0.00125671
-3.18411,2.02374,0.628511,-2.88299,-0.0198884,-0.225822,0.00750909,-3.06979,-1.65203,-0.521126,-2.84355,-0.00360406,-0.210053,0.00100714
-3.19325,2.01467,0.626622,-2.88415,-0.0200615,-0.226002,0.00729025,-3.0718,-1.65855,-0.522774,-2.84376,-0.00376587,-0.210111,0.00079864
-3.20572,1.99472,0.621873,-2.88694,-0.0201942,-0.226309,0.00712153,-3.07302,-1.66798,-0.52478,-2.84297,-0.00405413,-0.210202,0.000463998
-3.2271,1.97405,0.617498,-2.89102,-0.020123,-0.226521,0.00712582,-3.08069,-1.68098,-0.527335,-2.84192,-0.00460831,-0.210186,-0.000109444
-3.24718,1.95285,0.612701,-2.89359,-0.0202269,-0.226667,0.00696242,-3.08505,-1.70011,-0.530864,-2.83978,-0.0049628,-0.209956,-0.000495811
-3.27584,1.92763,0.60648,-2.89524,-0.0203047,-0.226744,0.00678318,-3.0913,-1.72901,-0.537651,-2.83882,-0.00529271,-0.20996,-0.000934156
-3.33016,1.89097,0.598157,-2.90012,-0.0205018,-0.227239,0.00649899,-3.09231,-1.76571,-0.546184,-2.83616,-0.0056962,-0.209741,-0.00146204
-3.37584,1.83272,0.583723,-2.90283,-0.0210416,-0.22735,0.00573915,-3.08996,-1.80105,-0.554414,-2.834,-0.00603162,-0.209595,-0.00192784
-3.42197,1.79468,0.57309,-2.90058,-0.021463,-0.226843,0.00511346,-3.0847,-1.83234,-0.561207,-2.83111,-0.00634233,-0.20934,-0.0023313
-3.46654,1.75334,0.562814,-2.90145,-0.0218575,-0.226772,0.00456777,-3.07949,-1.86877,-0.569125,-2.82845,-0.00677554,-0.209163,-0.00287437
-3.50586,1.69186,0.548447,-2.90646,-0.0224498,-0.227247,0.00379722,-3.07263,-1.93061,-0.58306,-2.82349,-0.00741243,-0.20882,-0.00371041
-3.52191,1.65151,0.53997,-2.91005,-0.0226749,-0.227576,0.00353143,-3.06714,-1.97353,-0.592695,-2.81989,-0.00780295,-0.208642,-0.00424646
-3.52647,1.60869,0.530712,-2.91427,-0.022869,-0.227913,0.00327728,-3.06828,-2.01583,-0.60192,-2.816,-0.00815422,-0.208474,-0.0047419
-3.52307,1.56729,0.522191,-2.91905,-0.022921,-0.228248,0.00314506,-3.08026,-2.07917,-0.616281,-2.81131,-0.00874424,-0.208339,-0.0055738
-3.51103,1.52414,0.512272,-2.92202,-0.0226186,-0.228347,0.00327545,-3.09271,-2.12737,-0.624808,-2.80329,-0.00876171,-0.207791,-0.00571652
-3.48948,1.46845,0.498689,-2.9235,-0.022233,-0.22796,0.00329066,-3.10254,-2.16636,-0.632315,-2.79638,-0.0082576,-0.207282,-0.00532203
-3.47422,1.43179,0.489861,-2.92396,-0.0220025,-0.227585,0.00321967,-3.11463,-2.22136,-0.644452,-2.7906,-0.00804286,-0.206966,-0.0053457
-3.45852,1.40017,0.482165,-2.92429,-0.0219299,-0.227245,0.00306196,-3.11974,-2.26329,-0.652419,-2.78382,-0.00779064,-0.206523,-0.00523995
-3.44408,1.37547,0.476372,-2.92486,-0.02183,-0.227103,0.00298999,-3.12034,-2.29618,-0.659304,-2.77959,-0.00766117,-0.206287,-0.00524025
-3.42225,1.34562,0.469301,-2.92544,-0.0219363,-0.226896,0.0026938,-3.11858,-2.32064,-0.664719,-2.77751,-0.00777588,-0.206324,-0.00548291
-3.40432,1.322,0.465288,-2.92956,-0.0218966,-0.22701,0.00266854,-3.11565,-2.3372,-0.668335,-2.77592,-0.00792813,-0.206281,-0.00570854
-3.38148,1.29709,0.459826,-2.93129,-0.021902,-0.226401,0.00243391,-3.11066,-2.35314,-0.671999,-2.77462,-0.00808482,-0.20624,-0.00593239
-3.35418,1.2796,0.455878,-2.93242,-0.0217563,-0.225927,0.00242315,-3.09993,-2.36563,-0.674008,-2.77097,-0.00821211,-0.2058,-0.00606768
-3.33245,1.26907,0.453825,-2.93341,-0.0216974,-0.225659,0.00241487,-3.09011,-2.36762,-0.674656,-2.77067,-0.00825651,-0.20567,-0.00608923
-3.30332,1.26073,0.451907,-2.93303,-0.0214982,-0.224939,0.00248597,-3.07896,-2.3674,-0.674015,-2.76843,-0.00831626,-0.204978,-0.00601274
-3.26882,1.25491,0.45069,-2.93307,-0.0213586,-0.224506,0.00254939,-3.05841,-2.36356,-0.672551,-2.76555,-0.00828593,-0.204336,-0.00585873
-3.2451,1.25233,0.450036,-2.93345,-0.0212501,-0.224279,0.00260409,-3.04252,-2.3603,-0.672435,-2.7657,-0.00821217,-0.204199,-0.00572363
-3.22574,1.2539,0.450432,-2.93385,-0.021067,-0.224341,0.00276562,-3.02107,-2.35314,-0.671153,-2.76539,-0.00799883,-0.204155,-0.00546617
-3.19822,1.2657,0.452806,-2.93163,-0.0208905,-0.22403,0.00293204,-2.99505,-2.34005,-0.668463,-2.76528,-0.00782179,-0.204084,-0.0052196
-3.18416,1.27957,0.456327,-2.93162,-0.0207153,-0.224074,0.00315982,-2.95686,-2.32273,-0.664269,-2.76321,-0.00776776,-0.203411,-0.00497943
-3.17483,1.29392,0.459928,-2.93131,-0.0203335,-0.224043,0.00357616,-2.92826,-2.2967,-0.657682,-2.76174,-0.00781929,-0.202726,-0.00478734
-3.16402,1.3258,0.467658,-2.92927,-0.0198127,-0.223712,0.00418425,-2.90861,-2.26855,-0.650956,-2.76137,-0.00772934,-0.202218,-0.00446736
-3.1578,1.36004,0.475758,-2.92752,-0.0193891,-0.223464,0.00471617,-2.89733,-2.24113,-0.644624,-2.76264,-0.00754609,-0.201874,-0.00407764
-3.14644,1.39626,0.483864,-2.92342,-0.0189924,-0.222903,0.00518171,-2.89485,-2.22072,-0.640919,-2.7655,-0.0072063,-0.202016,-0.00365115
-3.1275,1.44913,0.495685,-2.91783,-0.0183885,-0.222113,0.00587495,-2.89568,-2.18224,-0.633422,-2.76981,-0.00654766,-0.202001,-0.00280497
-3.11615,1.49945,0.507116,-2.91328,-0.0179881,-0.221605,0.00639622,-2.89469,-2.14697,-0.626326,-2.77458,-0.00597769,-0.202249,-0.0021138
-3.10643,1.5564,0.52027,-2.9094,-0.0177755,-0.221254,0.00678419,-2.89324,-2.10548,-0.617582,-2.77892,-0.00552581,-0.202486,-0.00151263
-3.0972,1.61945,0.535163,-2.90569,-0.0177999,-0.221056,0.00699919,-2.89067,-2.04402,-0.603728,-2.78463,-0.00486753,-0.20281,-0.000639243
-3.08831,1.67556,0.548553,-2.90348,-0.0179579,-0.221209,0.00712428,-2.8916,-1.99552,-0.594378,-2.79183,-0.00465215,-0.203244,-0.000292095
-3.06366,1.76025,0.569018,-2.89806,-0.0186255,-0.22141,0.00693119,-2.89632,-1.94522,-0.583748,-2.79853,-0.00460444,-0.203651,-0.000104674
-3.04171,1.82368,0.584358,-2.89374,-0.0192123,-0.221675,0.00667306,-2.90284,-1.88252,-0.569708,-2.80528,-0.00435893,-0.204143,0.000325998
-3.01681,1.88457,0.598561,-2.88814,-0.0195844,-0.222148,0.0066724,-2.91099,-1.8274,-0.55773,-2.81085,-0.00402333,-0.204748,0.000788025
-2.99013,1.94058,0.611613,-2.88271,-0.0199196,-0.222572,0.00662788,-2.924,-1.76975,-0.544726,-2.81759,-0.00389203,-0.205494,0.00105664
-2.97155,1.9988,0.625264,-2.87811,-0.0204091,-0.222986,0.0064775,-2.9356,-1.71749,-0.532503,-2.82233,-0.00388071,-0.205947,0.001187
-2.95256,2.06991,0.64259,-2.87238,-0.0203274,-0.222972,0.00687951,-2.94631,-1.67388,-0.522704,-2.82717,-0.00393826,-0.206419,0.0011883
-2.94516,2.11518,0.653583,-2.87083,-0.0207118,-0.223647,0.00683533,-2.96553,-1.62338,-0.512038,-2.83439,-0.00398623,-0.207221,0.00118158
-2.94077,2.16013,0.664605,-2.86816,-0.0212048,-0.223884,0.00666637,-2.97716,-1.58456,-0.503695,-2.83966,-0.00385219,-0.207758,0.00135491
-2.9331,2.21268,0.677578,-2.86408,-0.0212776,-0.223895,0.00690289,-2.98448,-1.54742,-0.495749,-2.84439,-0.00375852,-0.208223,0.00151559
-2.92993,2.24363,0.68489,-2.86247,-0.021486,-0.224221,0.00692281,-2.99339,-1.50776,-0.487283,-2.85011,-0.00358325,-0.208807,0.00174907
-2.92685,2.26417,0.689548,-2.86067,-0.0218465,-0.224792,0.00685115,-2.9942,-1.46703,-0.478489,-2.85364,-0.00331437,-0.209043,0.00212886
-2.92453,2.27766,0.692482,-2.85908,-0.021789,-0.224847,0.00698473,-2.99268,-1.43298,-0.470942,-2.85677,-0.00309461,-0.209213,0.00244724
-2.92838,2.28328,0.693697,-2.85873,-0.0217719,-0.224864,0.00702367,-2.98473,-1.4062,-0.46458,-2.85722,-0.00287272,-0.208911,0.00281842
-2.93696,2.29213,0.695983,-2.85868,-0.021689,-0.224935,0.00717731,-2.97302,-1.38012,-0.45814,-2.85712,-0.00265423,-0.208499,0.00319833
-2.95628,2.29674,0.69721,-2.85988,-0.0216199,-0.225133,0.00732994,-2.95997,-1.34945,-0.450992,-2.85784,-0.00234299,-0.208167,0.00367336
-2.96783,2.295,0.695947,-2.85947,-0.0214781,-0.225035,0.00746507,-2.95169,-1.33591,-0.448386,-2.85934,-0.00219577,-0.20814,0.00388084
-2.98232,2.29064,0.69403,-2.859,-0.0212605,-0.22494,0.00763335,-2.9391,-1.32133,-0.445408,-2.86111,-0.00208302,-0.208183,0.00405156
-2.99477,2.28573,0.691858,-2.85804,-0.0212443,-0.224769,0.0075938,-2.91733,-1.30466,-0.44166,-2.86266,-0.0020339,-0.208192,0.00417979
-3.01736,2.2729,0.688553,-2.85975,-0.0213871,-0.224963,0.00742833,-2.90625,-1.29782,-0.441464,-2.8689,-0.00235842,-0.209163,0.00381536
-3.03625,2.26367,0.686366,-2.86153,-0.0214926,-0.22519,0.00731845,-2.89293,-1.29828,-0.442058,-2.87232,-0.00310742,-0.209819,0.00311452
-3.05756,2.25457,0.683807,-2.86287,-0.02148,-0.225325,0.00731226,-2.87154,-1.32735,-0.449014,-2.87062,-0.00366502,-0.20972,0.00248665
-3.08506,2.23706,0.679031,-2.86576,-0.0209229,-0.225372,0.00778633,-2.85633,-1.3411,-0.451568,-2.86911,-0.00412461,-0.210151,0.00195022
-3.12069,2.21511,0.673749,-2.86923,-0.0207608,-0.225776,0.00790463,-2.8517,-1.35742,-0.455232,-2.86994,-0.00520778,-0.210679,0.000880672
-3.18228,2.17208,0.663547,-2.87568,-0.0211134,-0.226509,0.00751536,-2.85313,-1.38894,-0.461818,-2.86712,-0.00607674,-0.21057,-2.65513e-06
-3.24525,2.12974,0.653221,-2.87971,-0.0209819,-0.226808,0.00757656,-2.85522,-1.44283,-0.47448,-2.86382,-0.0065905,-0.210663,-0.00070017
-3.30516,2.09402,0.642704,-2.878,-0.0210864,-0.226358,0.00729076,-2.85651,-1.48961,-0.485923,-2.86175,-0.00683395,-0.210723,-0.00113149
-3.37254,2.05021,0.631176,-2.88011,-0.02145,-0.22648,0.00679605,-2.85406,-1.54717,-0.499729,-2.8581,-0.00723674,-0.210516,-0.00173619
-3.43025,2.00234,0.61873,-2.88144,-0.0218359,-0.226438,0.00623601,-2.84942,-1.6267,-0.518583,-2.85388,-0.00782502,-0.210311,-0.00261595
-3.49901,1.94824,0.606193,-2.887,-0.0223597,-0.227045,0.00558076,-2.84473,-1.66838,-0.528677,-2.85124,-0.0078983,-0.210375,-0.00286619
-3.55785,1.89008,0.592764,-2.89285,-0.0227519,-0.227621,0.00507703,-2.83893,-1.73537,-0.544511,-2.84676,-0.00781604,-0.210432,-0.00309265
-3.62258,1.80849,0.575206,-2.90315,-0.0233343,-0.228755,0.0043343,-2.83015,-1.82933,-0.565908,-2.83821,-0.00803083,-0.21017,-0.00366915
-3.65464,1.7587,0.564496,-2.90866,-0.0233661,-0.229122,0.00418948,-2.82724,-1.8891,-0.579294,-2.83168,-0.00792819,-0.210002,-0.0038172
-3.66668,1.70207,0.551792,-2.9131,-0.0234045,-0.22941,0.00393827,-2.83043,-1.94987,-0.592885,-2.82559,-0.00772152,-0.209979,-0.00386529
-3.66548,1.6456,0.539117,-2.91637,-0.023186,-0.229402,0.00385139,-2.84596,-2.0375,-0.612899,-2.81928,-0.00783652,-0.209962,-0.00427906
-3.65855,1.59533,0.527738,-2.91954,-0.0229436,-0.229368,0.0037644,-2.86163,-2.0947,-0.62461,-2.81109,-0.00748696,-0.209715,-0.00420095
-3.64211,1.54516,0.516096,-2.92223,-0.0227249,-0.229311,0.00364071,-2.881,-2.14702,-0.635594,-2.80478,-0.0073607,-0.209372,-0.00431712
-3.61978,1.48034,0.502184,-2.92773,-0.0229392,-0.229407,0.00311702,-2.91019,-2.21268,-0.650178,-2.80008,-0.00753568,-0.209114,-0.00479496
-3.59858,1.43635,0.49287,-2.93177,-0.0229082,-0.229356,0.00286018,-2.92997,-2.25648,-0.65808,-2.7923,-0.00759157,-0.208527,-0.00501349
-3.57871,1.39227,0.483192,-2.93485,-0.0228068,-0.229187,0.00265603,-2.95327,-2.30145,-0.667059,-2.7869,-0.00773936,-0.208279,-0.00536634
-3.5559,1.33696,0.470672,-2.93686,-0.0228651,-0.228803,0.0022504,-2.97719,-2.34464,-0.675967,-2.7826,-0.00783286,-0.208158,-0.0057144
-3.54094,1.30522,0.463361,-2.93798,-0.0227899,-0.228688,0.00218861,-2.99844,-2.38693,-0.683878,-2.77643,-0.00807546,-0.207799,-0.00617468
-3.52301,1.27681,0.456495,-2.93762,-0.0227542,-0.228408,0.00200403,-3.00851,-2.40892,-0.687393,-2.77161,-0.00827734,-0.20726,-0.00642703
-3.50492,1.24104,0.447598,-2.93678,-0.0227214,-0.227965,0.00174717,-3.01651,-2.42325,-0.689488,-2.76852,-0.00835451,-0.206925,-0.00654832
-3.49783,1.22055,0.442453,-2.93653,-0.022697,-0.227643,0.00161169,-3.02597,-2.42919,-0.690227,-2.76807,-0.00832755,-0.206919,-0.00655968
-3.49256,1.20889,0.43983,-2.93781,-0.0224139,-0.227263,0.00174399,-3.03604,-2.43622,-0.692017,-2.76868,-0.00833614,-0.207089,-0.00662726
-3.47922,1.20675,0.439604,-2.93817,-0.0223452,-0.227073,0.00176587,-3.03884,-2.43294,-0.691868,-2.77084,-0.008378,-0.20738,-0.00670353
-3.46152,1.20958,0.441083,-2.9406,-0.022199,-0.227181,0.00194048,-3.0385,-2.42956,-0.690946,-2.7708,-0.00850534,-0.207353,-0.00681511
-3.43725,1.2169,0.442837,-2.94047,-0.0216595,-0.226966,0.00248068,-3.03967,-2.41828,-0.688035,-2.77099,-0.00863982,-0.207249,-0.00685197
-3.41298,1.23114,0.445869,-2.93897,-0.021001,-0.226759,0.00311538,-3.05027,-2.38336,-0.678947,-2.77174,-0.00854329,-0.206549,-0.00644449
-3.39539,1.25015,0.449757,-2.9367,-0.0204989,-0.226386,0.00360047,-3.05681,-2.35538,-0.670808,-2.76826,-0.00833653,-0.205354,-0.00591678
-3.38331,1.27828,0.455794,-2.93381,-0.0199253,-0.225953,0.004188,-3.07332,-2.32058,-0.662955,-2.77096,-0.00786566,-0.205235,-0.00525875
-3.37804,1.33093,0.466831,-2.92876,-0.0192933,-0.225368,0.00493001,-3.09372,-2.27814,-0.653848,-2.77518,-0.00701541,-0.205598,-0.00431472
-3.37586,1.38905,0.47998,-2.92445,-0.0189483,-0.224983,0.00541547,-3.10496,-2.22833,-0.643707,-2.78199,-0.00648119,-0.206039,-0.00361891
-3.37289,1.45734,0.495931,-2.92001,-0.0189466,-0.22461,0.00570962,-3.10721,-2.16336,-0.630432,-2.7887,-0.00594553,-0.206442,-0.00287643
-3.35521,1.55464,0.518884,-2.91491,-0.0187411,-0.224367,0.00623044,-3.10585,-2.06911,-0.609207,-2.79726,-0.00541129,-0.206985,-0.00200623
-3.33482,1.63288,0.537916,-2.91119,-0.0187034,-0.224141,0.0065566,-3.10471,-2.02991,-0.601022,-2.80059,-0.00547145,-0.206977,-0.00192433
-3.31347,1.70413,0.555271,-2.90706,-0.0189674,-0.223975,0.00657361,-3.10807,-1.9329,-0.579262,-2.80835,-0.00509217,-0.207235,-0.00117427
-3.26979,1.80596,0.578882,-2.89706,-0.0186124,-0.22306,0.00723276,-3.11006,-1.86365,-0.56369,-2.81363,-0.00444222,-0.207593,-0.000290232
-3.23153,1.88642,0.596173,-2.88944,-0.0188942,-0.222657,0.00714155,-3.11173,-1.79869,-0.549677,-2.81953,-0.00386853,-0.20802,0.000497408
-3.19673,1.96479,0.61381,-2.88153,-0.019088,-0.222886,0.00733241,-3.10923,-1.73553,-0.535582,-2.8245,-0.00354533,-0.208239,0.00106217
-3.16623,2.04471,0.632283,-2.87368,-0.0191732,-0.222819,0.00759585,-3.09304,-1.64358,-0.515223,-2.83148,-0.0031953,-0.208635,0.00171544
-3.13719,2.13052,0.652409,-2.86568,-0.0197111,-0.222479,0.0074451,-3.08411,-1.5836,-0.503152,-2.8421,-0.0039174,-0.20951,0.00103577
-3.12637,2.18515,0.665403,-2.86191,-0.020231,-0.223016,0.00732687,-3.05138,-1.52558,-0.490206,-2.84785,-0.00480596,-0.209816,0.000413322
-3.1209,2.23374,0.677287,-2.85851,-0.0206005,-0.223066,0.00730706,-3.02621,-1.47589,-0.479853,-2.85501,-0.00504188,-0.210219,0.000348665
-3.11702,2.27706,0.687217,-2.85589,-0.0211801,-0.223407,0.00707119,-3.00772,-1.43257,-0.470607,-2.86138,-0.00552207,-0.210692,8.9628e-05
-3.11327,2.3037,0.693693,-2.85405,-0.021677,-0.223855,0.00689227,-2.98637,-1.39354,-0.462035,-2.86517,-0.00574899,-0.210812,9.38994e-05
-3.10285,2.34572,0.703728,-2.85023,-0.0217076,-0.224017,0.00714828,-2.97462,-1.35225,-0.452911,-2.86967,-0.00559811,-0.211079,0.000431841
-3.08563,2.3608,0.706456,-2.84644,-0.0218294,-0.223744,0.00706102,-2.95993,-1.32774,-0.447366,-2.87051,-0.0056138,-0.210881,0.000556302
-3.0659,2.35962,0.706407,-2.84608,-0.0219089,-0.223768,0.00696036,-2.94348,-1.3026,-0.441129,-2.86992,-0.00538144,-0.210548,0.00093703
-3.044,2.35388,0.70487,-2.8455,-0.0219731,-0.223653,0.00683706,-2.91545,-1.2802,-0.435414,-2.86683,-0.00509775,-0.209749,0.00138119
-3.03628,2.34607,0.704221,-2.8484,-0.0220404,-0.223997,0.00679686,-2.89862,-1.26449,-0.43145,-2.86615,-0.00488313,-0.209454,0.00168677
-3.02662,2.34129,0.703422,-2.84916,-0.0218644,-0.223889,0.00697638,-2.88198,-1.25777,-0.430081,-2.86549,-0.00467524,-0.209214,0.0019326
-3.02344,2.33329,0.701237,-2.84965,-0.0214144,-0.223807,0.00736162,-2.85284,-1.24895,-0.427966,-2.86521,-0.0044506,-0.208988,0.00220787
-3.02249,2.32023,0.697481,-2.84969,-0.0213212,-0.223698,0.00736661,-2.83959,-1.24587,-0.428945,-2.87165,-0.00439291,-0.20982,0.00221369
-3.02981,2.29901,0.691942,-2.85146,-0.0214078,-0.223826,0.00719437,-2.82269,-1.24582,-0.429402,-2.87422,-0.00437963,-0.2102,0.0021986
-3.03722,2.28699,0.688858,-2.85267,-0.0215793,-0.223984,0.0069898,-2.79753,-1.25033,-0.430449,-2.87467,-0.0045042,-0.210316,0.00206907
-3.04555,2.27367,0.686109,-2.85524,-0.0217411,-0.224336,0.0068306,-2.78183,-1.26997,-0.435361,-2.87492,-0.0049554,-0.210457,0.00157445
-3.05397,2.25259,0.681403,-2.85901,-0.0217678,-0.224762,0.00679096,-2.76721,-1.2915,-0.440651,-2.87433,-0.00519201,-0.211331,0.00113053
-3.06581,2.21978,0.673833,-2.86361,-0.0214573,-0.22513,0.00698274,-2.76371,-1.31036,-0.44495,-2.8735,-0.00567192,-0.211564,0.000587908
-3.07751,2.18982,0.667427,-2.86703,-0.0215969,-0.225486,0.00677317,-2.76753,-1.3511,-0.454297,-2.87217,-0.00647665,-0.211753,-0.000326123
-3.09421,2.15867,0.660201,-2.87041,-0.0215859,-0.225779,0.00673676,-2.77573,-1.39469,-0.464411,-2.86952,-0.00698174,-0.211714,-0.00098194
-3.13344,2.10826,0.648497,-2.87634,-0.0214681,-0.226358,0.00672593,-2.7833,-1.44553,-0.476851,-2.86732,-0.00742046,-0.211675,-0.00161346
-3.16569,2.06966,0.63914,-2.87888,-0.0214465,-0.226524,0.00662985,-2.78879,-1.52398,-0.495677,-2.86306,-0.00799309,-0.211539,-0.00248737
-3.20824,2.03173,0.629937,-2.88194,-0.0215901,-0.22676,0.00642851,-2.78846,-1.58232,-0.509279,-2.85856,-0.00802826,-0.211365,-0.00277715
-3.25641,1.98095,0.618045,-2.88665,-0.0219591,-0.22724,0.00590398,-2.78604,-1.64774,-0.524728,-2.8543,-0.00822431,-0.211322,-0.00327416
-3.32351,1.90566,0.599746,-2.89127,-0.0225869,-0.227574,0.0050247,-2.78098,-1.73844,-0.54645,-2.84833,-0.00827399,-0.211301,-0.00380925
-3.37727,1.85622,0.587938,-2.89551,-0.0229285,-0.227947,0.00454977,-2.77475,-1.8103,-0.563143,-2.8418,-0.00791824,-0.211296,-0.00382764
-3.42499,1.80197,0.575777,-2.90118,-0.023159,-0.228532,0.00417116,-2.76925,-1.87871,-0.578896,-2.83544,-0.00787008,-0.211222,-0.0041045
-3.46199,1.72813,0.55967,-2.90918,-0.0235208,-0.229332,0.00363483,-2.77053,-1.96288,-0.598815,-2.82858,-0.00786723,-0.211215,-0.00451312
-3.47295,1.67713,0.54889,-2.91464,-0.0237198,-0.22976,0.0033307,-2.77401,-2.02422,-0.612232,-2.82233,-0.00752895,-0.211137,-0.00437691
-3.46517,1.62607,0.537587,-2.91895,-0.0233171,-0.230032,0.00347455,-2.78131,-2.08087,-0.624802,-2.81645,-0.00705703,-0.211013,-0.00409551
-3.43111,1.55415,0.51998,-2.92124,-0.0232422,-0.229927,0.00309472,-2.79193,-2.13703,-0.637385,-2.81089,-0.00700668,-0.210809,-0.00429846
-3.40666,1.49671,0.507992,-2.92823,-0.0229703,-0.230442,0.00312121,-2.81064,-2.20667,-0.652148,-2.80263,-0.00700334,-0.210329,-0.00458198
-3.38721,1.45093,0.497747,-2.93319,-0.0224495,-0.230568,0.00330782,-2.83257,-2.24888,-0.660876,-2.79835,-0.00709512,-0.210318,-0.00491232
-3.36625,1.3923,0.484251,-2.93739,-0.0226203,-0.230498,0.00275108,-2.86138,-2.28877,-0.669299,-2.79486,-0.00735835,-0.210434,-0.00542342
-3.35271,1.34815,0.475141,-2.94123,-0.0226929,-0.230449,0.00239008,-2.8851,-2.3271,-0.677165,-2.79084,-0.00747452,-0.210442,-0.00576946
-3.33868,1.31497,0.467779,-2.94414,-0.022718,-0.230208,0.00212956,-2.92012,-2.37254,-0.685518,-2.78491,-0.00760194,-0.210432,-0.00620066
-3.32045,1.26961,0.456516,-2.9442,-0.0230034,-0.229763,0.00154097,-2.93757,-2.40459,-0.690965,-2.77828,-0.00770931,-0.210146,-0.00652395
-3.29661,1.2404,0.44938,-2.94244,-0.0231594,-0.229064,0.00118313,-2.94694,-2.42244,-0.692879,-2.77183,-0.00773996,-0.209327,-0.00655862
-3.27136,1.22135,0.44449,-2.94133,-0.023029,-0.228316,0.00114108,-2.96216,-2.4362,-0.694244,-2.76756,-0.00789363,-0.208733,-0.00673663
-3.23339,1.19544,0.437529,-2.93989,-0.022985,-0.227608,0.000969237,-2.97673,-2.44269,-0.695534,-2.76863,-0.00804674,-0.208904,-0.00694287
-3.20368,1.1843,0.43529,-2.94164,-0.022682,-0.227552,0.00114863,-2.9911,-2.44668,-0.696264,-2.76879,-0.00813376,-0.208945,-0.00706811
-3.17777,1.17856,0.434836,-2.94628,-0.02225,-0.228039,0.00158327,-3.00335,-2.44554,-0.695721,-2.76907,-0.00820797,-0.208949,-0.00714114
-3.15253,1.17859,0.434926,-2.94782,-0.0216885,-0.228085,0.0020868,-3.01761,-2.44229,-0.694762,-2.7696,-0.00824424,-0.208869,-0.00714683
-3.13518,1.18555,0.436242,-2.94764,-0.0209659,-0.228039,0.00278429,-3.03693,-2.41701,-0.688198,-2.77062,-0.00812169,-0.208691,-0.00688077
-3.12577,1.20245,0.440141,-2.94625,-0.0203778,-0.22782,0.00336482,-3.04199,-2.39439,-0.68081,-2.76648,-0.00797279,-0.207675,-0.00648979
-3.12561,1.24252,0.449269,-2.94307,-0.019627,-0.227461,0.00418418,-3.05475,-2.36347,-0.673017,-2.76728,-0.00762764,-0.207424,-0.0059297
-3.12481,1.28006,0.457286,-2.93854,-0.0192286,-0.226916,0.00465434,-3.07621,-2.32619,-0.665118,-2.77132,-0.00710165,-0.207667,-0.00526733
-3.13178,1.32586,0.467604,-2.93414,-0.0188404,-0.226433,0.00514083,-3.09592,-2.27636,-0.654933,-2.77831,-0.00649297,-0.207869,-0.00443174
-3.13589,1.38661,0.48181,-2.92962,-0.0186049,-0.22604,0.00563,-3.10939,-2.21747,-0.642927,-2.78601,-0.00605064,-0.208132,-0.0037294
-3.13456,1.48502,0.505022,-2.9234,-0.0184201,-0.225555,0.00619099,-3.12026,-2.14829,-0.62793,-2.79341,-0.00563574,-0.208333,-0.0030163
-3.13123,1.56262,0.523651,-2.9187,-0.0185821,-0.225342,0.00626091,-3.12818,-2.08419,-0.613787,-2.79921,-0.00557498,-0.208247,-0.00261317
-3.1289,1.61491,0.536363,-2.91632,-0.0187605,-0.225329,0.00627189,-3.14158,-2.00636,-0.596235,-2.80582,-0.00533471,-0.208445,-0.00204618
-3.1108,1.72602,0.56269,-2.90884,-0.0186886,-0.22496,0.00671724,-3.15228,-1.91425,-0.574869,-2.81329,-0.00463798,-0.208766,-0.000973035
-3.09226,1.8006,0.579984,-2.90244,-0.0187642,-0.224687,0.00688221,-3.15815,-1.84226,-0.55951,-2.81906,-0.00398499,-0.208886,-2.01303e-05
-3.07154,1.87809,0.597875,-2.89478,-0.0192599,-0.224654,0.0067802,-3.15777,-1.77404,-0.544642,-2.82501,-0.00342553,-0.209174,0.000801383
-3.04297,1.98508,0.622711,-2.88366,-0.0190415,-0.224086,0.00745339,-3.15253,-1.70205,-0.529043,-2.83172,-0.00305454,-0.209692,0.00140475
-3.03109,2.06492,0.639951,-2.8752,-0.0195337,-0.223743,0.00728034,-3.14287,-1.64187,-0.516626,-2.84029,-0.00339986,-0.210389,0.00119656
-3.02888,2.13138,0.655953,-2.87018,-0.0203625,-0.22411,0.00693317,-3.11266,-1.56403,-0.499284,-2.84835,-0.00397874,-0.211078,0.000848267
-3.03457,2.21141,0.675644,-2.8646,-0.0205866,-0.224134,0.00712698,-3.08529,-1.51473,-0.488798,-2.85439,-0.0044226,-0.211554,0.000579032
-3.04257,2.26409,0.68717,-2.86031,-0.0211746,-0.224227,0.00691181,-3.06493,-1.47637,-0.480922,-2.86051,-0.00494011,-0.212157,0.000197603
-3.05253,2.30903,0.697266,-2.85607,-0.0217797,-0.224689,0.00675215,-3.04559,-1.43657,-0.47221,-2.86481,-0.00522242,-0.212499,0.000114275
-3.05686,2.35508,0.70754,-2.85106,-0.0219346,-0.224466,0.00688256,-3.02787,-1.385,-0.461057,-2.8699,-0.00496734,-0.212671,0.000600896
-3.05425,2.37705,0.711677,-2.84658,-0.0220839,-0.224158,0.00680322,-3.01351,-1.358,-0.455184,-2.87191,-0.00487762,-0.212607,0.000826624
-3.05062,2.38471,0.713421,-2.84603,-0.0221261,-0.224339,0.00684673,-2.99838,-1.32755,-0.447871,-2.87229,-0.00459606,-0.212281,0.00128806
-3.04547,2.38417,0.713179,-2.84606,-0.022114,-0.224438,0.00689798,-2.97263,-1.29976,-0.441072,-2.87041,-0.00424674,-0.211672,0.00180515
-3.04441,2.37932,0.712518,-2.84787,-0.0221275,-0.224716,0.00692759,-2.95003,-1.27982,-0.436109,-2.86888,-0.00393346,-0.211011,0.00227161
-3.04562,2.37423,0.711542,-2.84899,-0.0221069,-0.224846,0.00696902,-2.927,-1.2653,-0.432942,-2.86893,-0.00361347,-0.210624,0.00268529
-3.04907,2.36299,0.709185,-2.85127,-0.021884,-0.224948,0.00721789,-2.89806,-1.25333,-0.430063,-2.8685,-0.0033184,-0.210195,0.00307021
-3.04827,2.34918,0.705302,-2.8516,-0.0214983,-0.224861,0.00751508,-2.8772,-1.24805,-0.430085,-2.8732,-0.00323521,-0.210591,0.00316336
-3.05791,2.33056,0.700372,-2.85355,-0.0212211,-0.225044,0.00769778,-2.8554,-1.24588,-0.430068,-2.87552,-0.00320881,-0.210749,0.00320486
-3.08298,2.30468,0.693927,-2.8572,-0.0214627,-0.225453,0.0074232,-2.83491,-1.24921,-0.431416,-2.87842,-0.00338538,-0.211126,0.00301457
-3.09895,2.28356,0.688471,-2.85851,-0.0216696,-0.225528,0.00713732,-2.81709,-1.25937,-0.433859,-2.87861,-0.00360361,-0.211455,0.00272754
-3.11543,2.26461,0.683855,-2.86086,-0.0217647,-0.225753,0.00701839,-2.79828,-1.27753,-0.438165,-2.87807,-0.00399298,-0.212107,0.00220402
-3.12936,2.24504,0.67941,-2.86478,-0.0215001,-0.226196,0.00726311,-2.79456,-1.29865,-0.443339,-2.87748,-0.00430411,-0.212566,0.00175988
-3.16403,2.20386,0.670457,-2.87161,-0.0214943,-0.22693,0.0072415,-2.7938,-1.3302,-0.450205,-2.87581,-0.00494395,-0.213008,0.00100362
-3.18594,2.16847,0.662668,-2.87561,-0.0214208,-0.22723,0.00724178,-2.80317,-1.37029,-0.45962,-2.87393,-0.00547872,-0.21309,0.000364766
-3.21747,2.12594,0.652821,-2.88058,-0.0211636,-0.227473,0.0073221,-2.82038,-1.44107,-0.47698,-2.87048,-0.00621001,-0.213023,-0.000626454
-3.264,2.07438,0.640196,-2.88434,-0.0207451,-0.227596,0.00753946,-2.82952,-1.50051,-0.490115,-2.86556,-0.00657651,-0.212878,-0.00120549
-3.30661,2.03255,0.629998,-2.88668,-0.0207642,-0.227678,0.00734652,-2.83499,-1.56165,-0.504715,-2.86108,-0.00667717,-0.212648,-0.00159216
-3.35962,1.98359,0.618,-2.8901,-0.0211735,-0.227959,0.00678779,-2.83259,-1.64861,-0.52561,-2.85522,-0.00709881,-0.212163,-0.00237289
-3.4063,1.93795,0.606644,-2.89162,-0.0215771,-0.227958,0.00620158,-2.82902,-1.72337,-0.542947,-2.85038,-0.00736857,-0.211916,-0.00295223
-3.46924,1.8618,0.588956,-2.89763,-0.0222564,-0.228462,0.00526809,-2.82604,-1.7992,-0.560704,-2.84402,-0.00713356,-0.211692,-0.0030609
-3.50606,1.80193,0.575405,-2.90332,-0.022662,-0.22899,0.00469209,-2.82562,-1.88961,-0.58222,-2.83603,-0.00732117,-0.211351,-0.0036208
-3.53109,1.74985,0.563899,-2.90904,-0.0229263,-0.229551,0.00429663,-2.82883,-1.96063,-0.597394,-2.82839,-0.00698524,-0.211361,-0.00358864
-3.53882,1.69987,0.552725,-2.91292,-0.0228657,-0.229836,0.00412537,-2.83894,-2.02134,-0.610577,-2.8216,-0.00639039,-0.211602,-0.00328586
-3.5247,1.62916,0.536099,-2.91622,-0.0231269,-0.229966,0.00351594,-2.85557,-2.07805,-0.622944,-2.81573,-0.0060413,-0.211348,-0.00317279
-3.50251,1.5733,0.525322,-2.92375,-0.0229975,-0.230725,0.00352805,-2.87127,-2.12686,-0.633386,-2.81027,-0.00580835,-0.211191,-0.00317514
-3.47772,1.52021,0.513716,-2.92897,-0.0229086,-0.231019,0.00335971,-2.88747,-2.17458,-0.643816,-2.80551,-0.00576617,-0.210983,-0.00336268
-3.4578,1.47038,0.502464,-2.93338,-0.0226388,-0.231099,0.00332465,-2.91845,-2.23369,-0.657061,-2.80186,-0.0063736,-0.210864,-0.00422124
-3.44099,1.42659,0.492528,-2.93674,-0.022404,-0.230985,0.00322763,-2.94125,-2.27087,-0.662916,-2.79452,-0.00668286,-0.210304,-0.00465203
-3.42029,1.39019,0.483924,-2.93807,-0.022278,-0.230752,0.00305215,-2.97163,-2.30435,-0.669234,-2.7905,-0.00699667,-0.210135,-0.00512685
-3.39193,1.34482,0.473114,-2.93917,-0.0225148,-0.230504,0.00250992,-3.00249,-2.33802,-0.67604,-2.78745,-0.00725988,-0.210305,-0.00562552
-3.36864,1.30995,0.465462,-2.93996,-0.0228149,-0.230185,0.00198688,-3.02586,-2.36353,-0.680198,-2.78327,-0.00737768,-0.210313,-0.00594425
-3.34651,1.2813,0.45954,-2.94288,-0.0229935,-0.22983,0.00157658,-3.04537,-2.38724,-0.684285,-2.77928,-0.00750499,-0.210266,-0.00625923
-3.31438,1.24636,0.450684,-2.94277,-0.0231161,-0.229079,0.00112783,-3.06215,-2.40078,-0.685584,-2.77556,-0.00775198,-0.209728,-0.00653271
-3.28544,1.22873,0.446968,-2.94415,-0.022968,-0.22854,0.001041,-3.07464,-2.40772,-0.686097,-2.77329,-0.00785247,-0.209416,-0.00663097
-3.25468,1.21822,0.444148,-2.94362,-0.0227318,-0.228093,0.00109564,-3.08808,-2.40865,-0.685883,-2.7736,-0.0079747,-0.209427,-0.00679832
-3.21817,1.21374,0.44295,-2.94359,-0.0224594,-0.227867,0.00124913,-3.103,-2.40869,-0.68642,-2.77556,-0.00800454,-0.209701,-0.00687724
-3.1951,1.21302,0.442927,-2.94489,-0.0222831,-0.228045,0.0014358,-3.10592,-2.40697,-0.686097,-2.77609,-0.00804834,-0.20973,-0.00693435
-3.17096,1.21888,0.444218,-2.94522,-0.0219006,-0.228036,0.00184242,-3.11013,-2.40103,-0.684334,-2.77566,-0.00819407,-0.209333,-0.00697606
-3.1522,1.23579,0.448189,-2.94434,-0.0213604,-0.227944,0.00245466,-3.11559,-2.3702,-0.675995,-2.77568,-0.00813967,-0.208865,-0.00669491
-3.14056,1.25404,0.452192,-2.94239,-0.0209341,-0.227688,0.00292954,-3.11973,-2.34693,-0.668898,-2.77213,-0.00804799,-0.207804,-0.00632542
-3.13433,1.29717,0.461973,-2.9389,-0.0201833,-0.227305,0.00381804,-3.13176,-2.31821,-0.661965,-2.7733,-0.0077289,-0.20747,-0.00579205
-3.1352,1.3364,0.470628,-2.93525,-0.0197579,-0.226894,0.004341,-3.16431,-2.28142,-0.654032,-2.77915,-0.0072324,-0.208068,-0.00520224
-3.13686,1.38923,0.482748,-2.93064,-0.0192591,-0.226395,0.00498822,-3.18807,-2.23362,-0.64446,-2.78516,-0.00677118,-0.208449,-0.00456267
-3.13541,1.45331,0.497801,-2.9253,-0.0193283,-0.225852,0.00513134,-3.20819,-2.17578,-0.63216,-2.79101,-0.00630158,-0.208382,-0.0037813
-3.13337,1.54788,0.520655,-2.91867,-0.0188982,-0.22527,0.00584134,-3.22498,-2.10887,-0.617316,-2.79683,-0.00580222,-0.208379,-0.0029772
-3.13053,1.62756,0.538839,-2.91354,-0.0187324,-0.224899,0.0062028,-3.2346,-2.04837,-0.603794,-2.80104,-0.00549503,-0.208275,-0.00241596
-3.12615,1.69654,0.555265,-2.90855,-0.0190551,-0.2247,0.00607666,-3.24752,-1.95146,-0.581891,-2.80785,-0.00482803,-0.208259,-0.00132697
-3.11447,1.76949,0.572257,-2.90254,-0.019144,-0.224257,0.00621345,-3.25224,-1.88574,-0.567329,-2.81267,-0.00418376,-0.20843,-0.000424533
-3.08494,1.87213,0.595518,-2.89314,-0.0188288,-0.22361,0.00684528,-3.25493,-1.81772,-0.552619,-2.81941,-0.0035956,-0.20882,0.000435143
-3.06323,1.94118,0.611264,-2.88586,-0.0190922,-0.223693,0.00690488,-3.25216,-1.73462,-0.535311,-2.82871,-0.00305651,-0.209526,0.00124808
-3.04277,2.01575,0.628706,-2.87889,-0.0196121,-0.223446,0.00679313,-3.2456,-1.66746,-0.521273,-2.83744,-0.00285137,-0.210214,0.00166082
-3.02928,2.1028,0.649149,-2.87083,-0.019629,-0.223149,0.00715796,-3.22722,-1.60805,-0.508428,-2.84376,-0.00313537,-0.210692,0.0015221
-3.0329,2.16691,0.663464,-2.86598,-0.0198289,-0.223387,0.00721621,-3.20692,-1.55864,-0.498034,-2.84984,-0.00358555,-0.211123,0.00120253
-3.04499,2.22026,0.676046,-2.86212,-0.0202113,-0.223678,0.00719841,-3.18227,-1.51373,-0.488247,-2.85422,-0.0040887,-0.21141,0.000890976
-3.06119,2.27375,0.688789,-2.85837,-0.0206993,-0.223919,0.00713202,-3.15203,-1.45549,-0.475982,-2.8606,-0.00415297,-0.211784,0.0010388
-3.06746,2.30855,0.696106,-2.85427,-0.0211261,-0.223953,0.0070109,-3.13233,-1.41722,-0.468029,-2.86494,-0.00416796,-0.21207,0.00115298
-3.0703,2.33197,0.701541,-2.85254,-0.0215737,-0.224502,0.00691643,-3.11908,-1.37287,-0.458475,-2.8698,-0.00393484,-0.212313,0.00157397
-3.06931,2.34389,0.703142,-2.84939,-0.021812,-0.224208,0.00676731,-3.09171,-1.32868,-0.447655,-2.87052,-0.00348473,-0.2121,0.00222158
-3.06595,2.34444,0.703117,-2.84914,-0.0217942,-0.224234,0.00680053,-3.06948,-1.30095,-0.442054,-2.87254,-0.00321609,-0.212006,0.00261941
-3.06585,2.3507,0.705251,-2.85005,-0.0217291,-0.224395,0.00692918,-3.04217,-1.27706,-0.436424,-2.87215,-0.00294049,-0.21161,0.00303699
-3.06467,2.35558,0.706533,-2.85006,-0.0215138,-0.224246,0.0071914,-2.99417,-1.24986,-0.429112,-2.8693,-0.0026048,-0.210671,0.0035996
-3.06109,2.3545,0.705904,-2.8498,-0.0211602,-0.224044,0.00754304,-2.95973,-1.23323,-0.426125,-2.87192,-0.00246139,-0.210558,0.00385111
-3.06186,2.34939,0.704167,-2.84986,-0.0206391,-0.223969,0.00801461,-2.9285,-1.22208,-0.424287,-2.87517,-0.00237577,-0.210701,0.00399016
-3.06758,2.34003,0.700948,-2.8495,-0.0206086,-0.223839,0.00800253,-2.89663,-1.21772,-0.423817,-2.87755,-0.00242098,-0.210814,0.00397322
-3.07142,2.3323,0.698879,-2.84965,-0.0207315,-0.223929,0.00787012,-2.8747,-1.21731,-0.424863,-2.88269,-0.00249093,-0.211517,0.00385415
-3.07456,2.32549,0.697456,-2.85077,-0.0209243,-0.224124,0.00768679,-2.84708,-1.22883,-0.427523,-2.88212,-0.00274702,-0.211489,0.00357364
-3.0762,2.31694,0.695826,-2.85286,-0.0210142,-0.224393,0.00760597,-2.82143,-1.24478,-0.431152,-2.88105,-0.00300083,-0.212011,0.00320574
-3.07456,2.30184,0.69354,-2.85828,-0.0209687,-0.225082,0.00771593,-2.80557,-1.26492,-0.435723,-2.87958,-0.00329916,-0.212551,0.00277185
-3.07501,2.28039,0.688962,-2.86232,-0.0207671,-0.225431,0.00786289,-2.80067,-1.29121,-0.44216,-2.87951,-0.00372163,-0.213098,0.00221593
-3.08186,2.24238,0.68106,-2.86705,-0.0209478,-0.225893,0.0075959,-2.79812,-1.33409,-0.452516,-2.87748,-0.00420449,-0.213306,0.00156969
-3.09385,2.21039,0.673324,-2.86893,-0.021028,-0.226003,0.00740632,-2.79947,-1.3867,-0.464747,-2.87552,-0.00472701,-0.213326,0.000875273
-3.12952,2.16846,0.663321,-2.87337,-0.021149,-0.226431,0.00718135,-2.79991,-1.4238,-0.473745,-2.87368,-0.00494966,-0.213337,0.000510057
-3.17694,2.12832,0.653493,-2.87709,-0.0213196,-0.226773,0.00692288,-2.79783,-1.51084,-0.49499,-2.86807,-0.00560707,-0.213241,-0.000522919
-3.21944,2.09416,0.64523,-2.87866,-0.0215908,-0.226847,0.00653499,-2.79375,-1.57971,-0.510494,-2.86255,-0.00579086,-0.213103,-0.00100427
-3.28741,2.02957,0.630374,-2.88502,-0.022243,-0.227491,0.00573099,-2.78924,-1.64106,-0.525054,-2.85728,-0.00557604,-0.213025,-0.00108506
-3.33302,1.9741,0.616998,-2.88933,-0.0226732,-0.227816,0.00516984,-2.78625,-1.73793,-0.548444,-2.85015,-0.00586731,-0.212736,-0.00177572
-3.3666,1.92073,0.60455,-2.89406,-0.02297,-0.228178,0.004789,-2.78276,-1.81588,-0.565903,-2.84306,-0.00568118,-0.212572,-0.00192013
-3.39415,1.86845,0.592794,-2.89946,-0.0230958,-0.228613,0.00462006,-2.78194,-1.88711,-0.582342,-2.83675,-0.00549996,-0.21237,-0.00202657
-3.40256,1.79714,0.576421,-2.9049,-0.0236056,-0.229032,0.00386623,-2.78428,-1.95527,-0.59786,-2.83054,-0.00509559,-0.21241,-0.00187074
-3.39673,1.7396,0.56503,-2.91135,-0.0236236,-0.229627,0.00370115,-2.79301,-2.03794,-0.616642,-2.82304,-0.00522357,-0.21225,-0.00231164
-3.37695,1.68412,0.552647,-2.91648,-0.0229385,-0.230071,0.00404494,-2.79936,-2.09747,-0.629475,-2.81527,-0.00509322,-0.211847,-0.002379
-3.34532,1.60675,0.534145,-2.92113,-0.0229339,-0.230331,0.00362137,-2.81635,-2.15167,-0.641225,-2.80956,-0.00513118,-0.21176,-0.00270248
-3.32451,1.54503,0.520604,-2.92673,-0.0228751,-0.230829,0.0033921,-2.83307,-2.19923,-0.651327,-2.80357,-0.00501784,-0.211468,-0.00286859
-3.31292,1.48963,0.508812,-2.93499,-0.0227114,-0.231263,0.00330661,-2.85489,-2.24136,-0.660358,-2.7996,-0.00491609,-0.21145,-0.00304238
-3.29863,1.43058,0.4947,-2.93892,-0.0227634,-0.231295,0.00288772,-2.8982,-2.28686,-0.669498,-2.79604,-0.00524696,-0.211784,-0.0037417
-3.28753,1.38464,0.484613,-2.94123,-0.0229201,-0.231164,0.00247482,-2.92343,-2.31416,-0.673939,-2.79198,-0.00534069,-0.21204,-0.00407877
-3.27051,1.34248,0.474693,-2.94248,-0.023077,-0.230807,0.00204267,-2.94262,-2.34379,-0.679414,-2.78711,-0.00545716,-0.211837,-0.00439731
-3.25407,1.30233,0.465135,-2.94237,-0.023289,-0.230128,0.00151329,-2.97166,-2.3743,-0.685756,-2.78505,-0.00577998,-0.21194,-0.00493074
-3.23137,1.26685,0.456596,-2.94253,-0.0233405,-0.229592,0.00119502,-2.98659,-2.39258,-0.687551,-2.77963,-0.00601196,-0.211287,-0.00518368
-3.20015,1.22116,0.444871,-2.94164,-0.0232126,-0.228604,0.000917158,-2.99828,-2.40788,-0.688894,-2.77388,-0.00647383,-0.21025,-0.00558335
-3.17956,1.19866,0.438966,-2.9411,-0.0227338,-0.228075,0.00115918,-3.02492,-2.41152,-0.688758,-2.77444,-0.00699685,-0.210205,-0.00605428
-3.16405,1.18114,0.434915,-2.94392,-0.0224266,-0.228023,0.00133098,-3.04613,-2.41767,-0.690495,-2.77593,-0.00728003,-0.21035,-0.00637718
-3.14809,1.17687,0.434227,-2.94626,-0.0220651,-0.228142,0.00164973,-3.05875,-2.41704,-0.690155,-2.77635,-0.00750053,-0.210095,-0.00654162
-3.12501,1.17671,0.434061,-2.94676,-0.0216639,-0.228038,0.0020049,-3.07535,-2.41567,-0.689465,-2.77588,-0.00765233,-0.209865,-0.00665225
-3.10907,1.19091,0.437661,-2.94786,-0.0209923,-0.228197,0.00271111,-3.08002,-2.40259,-0.68491,-2.77291,-0.00767434,-0.209159,-0.00649268
-3.09941,1.21002,0.44222,-2.94783,-0.0202214,-0.228245,0.00353677,-3.08976,-2.37691,-0.677043,-2.77052,-0.00760826,-0.208637,-0.00622534
-3.09462,1.24229,0.449492,-2.94481,-0.0195079,-0.227908,0.00426286,-3.10443,-2.34903,-0.66929,-2.76972,-0.00733616,-0.208288,-0.00575646
-3.09269,1.2816,0.458156,-2.94039,-0.0189697,-0.227392,0.0048586,-3.14843,-2.30596,-0.659542,-2.77509,-0.00690686,-0.208607,-0.00514431
-3.09552,1.32215,0.467137,-2.9356,-0.0185553,-0.226827,0.00535183,-3.18635,-2.27306,-0.652193,-2.77856,-0.00640107,-0.208743,-0.00451042
-3.10623,1.40726,0.486924,-2.92921,-0.0179637,-0.226237,0.00615974,-3.22081,-2.22447,-0.642077,-2.78593,-0.00580432,-0.208927,-0.00369299
-3.11237,1.47828,0.503833,-2.92463,-0.0180351,-0.225898,0.00633691,-3.25342,-2.14794,-0.625935,-2.79463,-0.00509341,-0.209506,-0.00272805
-3.11661,1.54659,0.520185,-2.92034,-0.0184457,-0.225691,0.00621651,-3.26663,-2.08451,-0.611981,-2.80014,-0.00469405,-0.209239,-0.00198539
-3.11503,1.62154,0.538421,-2.91621,-0.0188288,-0.225466,0.00614781,-3.27082,-2.01732,-0.596889,-2.80436,-0.00433578,-0.208893,-0.00128112
-3.09553,1.73322,0.564687,-2.90806,-0.0185407,-0.224798,0.00680211,-3.27456,-1.94391,-0.580479,-2.81027,-0.00408972,-0.208929,-0.000715483
-3.07049,1.81256,0.583078,-2.90128,-0.0185389,-0.22451,0.00695768,-3.27567,-1.88399,-0.567388,-2.81512,-0.00377344,-0.208999,-0.000120927
-3.04774,1.89492,0.602148,-2.89384,-0.0184335,-0.224687,0.00740456,-3.2772,-1.813,-0.55204,-2.82154,-0.00343955,-0.209355,0.000520265
-3.02544,1.97179,0.61933,-2.88531,-0.0187176,-0.224437,0.00746137,-3.27589,-1.71045,-0.529453,-2.83132,-0.00271355,-0.210247,0.00159432
-3.01046,2.04942,0.637187,-2.87794,-0.0191634,-0.224121,0.00731394,-3.27832,-1.66899,-0.52188,-2.83919,-0.00277506,-0.210806,0.00165673
-3.00592,2.11914,0.653672,-2.87181,-0.0200329,-0.224395,0.00691051,-3.2698,-1.61327,-0.510059,-2.8464,-0.00315594,-0.211655,0.0014189
-3.00718,2.18405,0.669083,-2.86638,-0.0206104,-0.224346,0.00670534,-3.23177,-1.53945,-0.493063,-2.85118,-0.002998,-0.211953,0.00180217
-3.01167,2.23774,0.681577,-2.86206,-0.021093,-0.22443,0.00655946,-3.19949,-1.49022,-0.484231,-2.85983,-0.00310536,-0.212919,0.00175796
-3.02249,2.28026,0.691472,-2.85869,-0.0216869,-0.224675,0.0063824,-3.162,-1.44531,-0.475095,-2.866,-0.00341773,-0.213538,0.00155949
-3.03618,2.32569,0.701616,-2.85466,-0.0219465,-0.224862,0.00651783,-3.12333,-1.3897,-0.462292,-2.87002,-0.00370601,-0.21392,0.00152177
-3.04292,2.34675,0.70582,-2.85222,-0.0221042,-0.224758,0.00653105,-3.09903,-1.34016,-0.451379,-2.87388,-0.00354681,-0.214041,0.00188988
-3.04701,2.358,0.70793,-2.84998,-0.0222163,-0.224603,0.00648793,-3.07196,-1.30875,-0.44497,-2.87789,-0.00351258,-0.214263,0.00205181
-3.04561,2.35667,0.707985,-2.85102,-0.0222333,-0.224807,0.00651113,-3.04855,-1.28772,-0.439903,-2.87752,-0.00328966,-0.213953,0.00239965
-3.04262,2.36211,0.709492,-2.85105,-0.0221525,-0.224864,0.00663135,-3.02801,-1.26476,-0.434207,-2.87737,-0.00294373,-0.213633,0.00286836
-3.04017,2.37672,0.712932,-2.84986,-0.0220289,-0.224762,0.00681634,-3.02875,-1.26202,-0.434302,-2.87835,-0.00295136,-0.213487,0.0029089
-3.03962,2.36771,0.710848,-2.85169,-0.0216651,-0.224923,0.00721581,-2.93928,-1.22101,-0.423765,-2.87349,-0.00209837,-0.21215,0.00403778
-3.04285,2.35481,0.707452,-2.85297,-0.0212925,-0.224974,0.00757772,-2.9073,-1.21079,-0.421936,-2.87554,-0.00197071,-0.212038,0.00424565
-3.04813,2.34122,0.703662,-2.85396,-0.021077,-0.225028,0.0077306,-2.8707,-1.20643,-0.421059,-2.87649,-0.00204031,-0.211658,0.00428385
-3.05305,2.32928,0.700452,-2.85462,-0.0211141,-0.225044,0.00765739,-2.82258,-1.20684,-0.421215,-2.87735,-0.00226048,-0.211425,0.00414728
-3.0616,2.31643,0.697506,-2.85638,-0.0212455,-0.225226,0.00750658,-2.79178,-1.21601,-0.42467,-2.88346,-0.00260168,-0.212152,0.0037587
-3.06949,2.30592,0.694945,-2.85808,-0.0212457,-0.225399,0.00750381,-2.76225,-1.23062,-0.428443,-2.88428,-0.00281701,-0.212851,0.00342092
-3.07938,2.29186,0.691705,-2.86095,-0.0209287,-0.2257,0.00783488,-2.741,-1.25691,-0.4348,-2.88356,-0.0033365,-0.213386,0.0027891
-3.09503,2.27909,0.688997,-2.86423,-0.020782,-0.226092,0.00800804,-2.73378,-1.28524,-0.441359,-2.8816,-0.00379154,-0.213697,0.00223222
-3.11273,2.24852,0.682132,-2.86808,-0.0209553,-0.226489,0.00778167,-2.73273,-1.31801,-0.448846,-2.87964,-0.00402091,-0.21384,0.00188699
-3.13537,2.22094,0.675549,-2.87034,-0.0210382,-0.226635,0.00765538,-2.73838,-1.38151,-0.464182,-2.87654,-0.00461952,-0.213914,0.00102719
-3.17876,2.17419,0.664416,-2.87483,-0.0212064,-0.227038,0.0073717,-2.74067,-1.4355,-0.477007,-2.87274,-0.00493133,-0.21387,0.000491873
-3.22636,2.13738,0.655705,-2.87877,-0.02132,-0.227415,0.00720933,-2.73996,-1.49031,-0.490231,-2.86901,-0.00512028,-0.213848,6.03169e-05
-3.2736,2.10305,0.647887,-2.88236,-0.0215947,-0.227754,0.0068642,-2.73054,-1.56795,-0.508636,-2.86351,-0.00538944,-0.213624,-0.000542454
-3.32395,2.06179,0.637862,-2.88556,-0.0219925,-0.227976,0.00636686,-2.72113,-1.62703,-0.522549,-2.8595,-0.00535238,-0.213712,-0.000781193
-3.379,1.99771,0.623071,-2.8917,-0.0225391,-0.228508,0.00567251,-2.71326,-1.70631,-0.542197,-2.854,-0.00565835,-0.213463,-0.00141065
-3.41334,1.94474,0.610381,-2.89565,-0.0228128,-0.228733,0.00529986,-2.7109,-1.77289,-0.557526,-2.84988,-0.00584678,-0.213502,-0.00186308
-3.44169,1.88443,0.596353,-2.90186,-0.0231355,-0.229295,0.00485543,-2.71256,-1.83117,-0.570987,-2.84416,-0.0055478,-0.213679,-0.00184748
-3.44829,1.83065,0.584786,-2.90598,-0.0233787,-0.229666,0.00442805,-2.71965,-1.88545,-0.583012,-2.83774,-0.00499856,-0.213607,-0.00146976
-3.44377,1.78335,0.574252,-2.90956,-0.0236878,-0.22995,0.00394875,-2.74002,-1.95501,-0.5991,-2.83257,-0.00492821,-0.213456,-0.00168878
-3.43312,1.73926,0.565081,-2.91391,-0.0236437,-0.230259,0.00379829,-2.76681,-2.01353,-0.611982,-2.82612,-0.0047659,-0.213019,-0.00174937
-3.40566,1.67296,0.549773,-2.91768,-0.0233555,-0.230419,0.00364411,-2.79145,-2.06079,-0.622341,-2.82084,-0.00462571,-0.212764,-0.00187338
-3.3861,1.62171,0.537968,-2.92149,-0.023113,-0.23068,0.0035901,-2.82811,-2.11705,-0.635107,-2.81703,-0.00489855,-0.212752,-0.0024396
-3.37407,1.57594,0.528262,-2.92753,-0.0230285,-0.231316,0.00348753,-2.85465,-2.16314,-0.643441,-2.80964,-0.00512449,-0.212833,-0.00299264
-3.352,1.52464,0.516123,-2.93112,-0.0231864,-0.23154,0.0030491,-2.88336,-2.19849,-0.650402,-2.80535,-0.00543189,-0.212822,-0.00351599
-3.33719,1.4853,0.508344,-2.93644,-0.0233762,-0.232021,0.00270554,-2.92853,-2.2415,-0.659105,-2.8014,-0.00579553,-0.212951,-0.00417508
-3.30607,1.43888,0.497618,-2.93757,-0.0237486,-0.231682,0.00202912,-2.95262,-2.27077,-0.664771,-2.79788,-0.00594262,-0.21285,-0.00450946
-3.28308,1.40002,0.489274,-2.94126,-0.0239917,-0.231588,0.00155234,-2.9873,-2.29679,-0.669678,-2.79543,-0.00618501,-0.212807,-0.0049241
-3.25768,1.36295,0.480525,-2.94246,-0.0239473,-0.230747,0.00118468,-3.01802,-2.31672,-0.672616,-2.79241,-0.00626111,-0.212697,-0.00513565
-3.23333,1.32655,0.471338,-2.94224,-0.0237178,-0.229871,0.00101847,-3.04476,-2.3338,-0.67476,-2.78915,-0.00655996,-0.212282,-0.00547929
-3.20688,1.29919,0.463911,-2.94124,-0.0231216,-0.229273,0.00125346,-3.0566,-2.34508,-0.674918,-2.78261,-0.00678219,-0.211304,-0.00565737
-3.18874,1.27731,0.458334,-2.9417,-0.0229369,-0.229132,0.0012477,-3.08319,-2.34942,-0.674484,-2.7805,-0.00694502,-0.210836,-0.00580038
-3.16329,1.26537,0.455004,-2.9416,-0.0225813,-0.228946,0.0014325,-3.10338,-2.35,-0.674694,-2.78162,-0.00703819,-0.210834,-0.00589646
-3.14009,1.26443,0.455715,-2.94534,-0.0224669,-0.229503,0.00160189,-3.12087,-2.34891,-0.674403,-2.78227,-0.00712425,-0.210786,-0.00598634
-3.11068,1.27396,0.458612,-2.94698,-0.022205,-0.229685,0.00192127,-3.14432,-2.34014,-0.671912,-2.78357,-0.00723216,-0.210775,-0.00606196
-3.08145,1.29199,0.462885,-2.94644,-0.0216899,-0.229678,0.00243495,-3.1855,-2.30635,-0.663495,-2.78824,-0.00722687,-0.210834,-0.0058402
-3.05806,1.3061,0.465871,-2.94485,-0.0209051,-0.229463,0.00316762,-3.21211,-2.28521,-0.656782,-2.78573,-0.00729424,-0.209867,-0.00564536
-3.03666,1.35052,0.47567,-2.94046,-0.0201181,-0.228914,0.00397428,-3.27138,-2.24933,-0.648247,-2.79146,-0.00697292,-0.210155,-0.0051545
-3.0312,1.38576,0.48371,-2.93761,-0.0196023,-0.228588,0.00453738,-3.31399,-2.22078,-0.640731,-2.79158,-0.00670965,-0.209961,-0.00475877
-3.03682,1.46881,0.503179,-2.93166,-0.0188117,-0.228013,0.00556351,-3.36411,-2.17482,-0.630488,-2.79689,-0.00619441,-0.210333,-0.00408662
-3.04442,1.54084,0.519049,-2.9224,-0.0190105,-0.227018,0.00549541,-3.40929,-2.10686,-0.614687,-2.80192,-0.00551969,-0.210151,-0.00309913
-3.05472,1.60981,0.535496,-2.91616,-0.0197025,-0.226422,0.0051009,-3.4294,-2.05016,-0.601973,-2.80589,-0.00508242,-0.209878,-0.00237038
-3.06116,1.71082,0.55941,-2.90847,-0.0196913,-0.225833,0.00543744,-3.43872,-1.99781,-0.590217,-2.8081,-0.00485862,-0.209349,-0.00187547
-3.05474,1.78059,0.575699,-2.90211,-0.0198634,-0.225353,0.00555266,-3.44214,-1.93661,-0.576457,-2.81137,-0.00460901,-0.208903,-0.00125978
-3.0455,1.84133,0.589853,-2.89713,-0.0198624,-0.224963,0.00583591,-3.44218,-1.85035,-0.557593,-2.81713,-0.00399046,-0.208858,-0.00023242
-3.02201,1.93037,0.609917,-2.8879,-0.019496,-0.224161,0.00643541,-3.44321,-1.77948,-0.54234,-2.82436,-0.00366144,-0.209332,0.000398049
-3.00437,1.99216,0.62375,-2.88077,-0.0196255,-0.223656,0.00646879,-3.43886,-1.70028,-0.525564,-2.83213,-0.00353021,-0.209825,0.000801297
-2.99433,2.04461,0.636075,-2.87596,-0.0197825,-0.223497,0.00651641,-3.43373,-1.64409,-0.513952,-2.83865,-0.00359,-0.210296,0.000904575
-2.99508,2.1107,0.651222,-2.87049,-0.0198878,-0.223275,0.00667149,-3.41881,-1.59398,-0.502608,-2.842,-0.0035532,-0.210477,0.00111256
-3.00412,2.15827,0.662164,-2.86655,-0.0199614,-0.223451,0.00689483,-3.39848,-1.5509,-0.493452,-2.84564,-0.00340708,-0.210788,0.00136137
-3.01722,2.19614,0.670972,-2.86412,-0.0201898,-0.223781,0.0069561,-3.36654,-1.50227,-0.482846,-2.84737,-0.0029991,-0.210892,0.00192183
-3.03042,2.22806,0.678102,-2.86123,-0.0204399,-0.223904,0.00698226,-3.33872,-1.46567,-0.476186,-2.85416,-0.0027816,-0.211528,0.00219382
-3.0427,2.26156,0.685573,-2.85846,-0.0203997,-0.224102,0.00729889,-3.30083,-1.42505,-0.467566,-2.85798,-0.00259682,-0.211607,0.00255312
-3.04742,2.27382,0.688262,-2.85776,-0.0204309,-0.224496,0.00743546,-3.27399,-1.3951,-0.462157,-2.86256,-0.00252709,-0.211989,0.00271629
-3.05046,2.2785,0.688884,-2.85666,-0.0205471,-0.224698,0.00742864,-3.2423,-1.36881,-0.457039,-2.86614,-0.00237836,-0.211993,0.00298671
-3.05392,2.2799,0.688957,-2.85589,-0.0205438,-0.224748,0.0074785,-3.20521,-1.34409,-0.45187,-2.8676,-0.00221072,-0.211641,0.00332115
-3.056,2.28761,0.691312,-2.85677,-0.0204749,-0.22493,0.00763454,-3.172,-1.32873,-0.448427,-2.86735,-0.00209788,-0.211243,0.00356095
-3.05823,2.29104,0.692081,-2.85692,-0.0202392,-0.224876,0.00794044,-3.12275,-1.3097,-0.443407,-2.86389,-0.00184699,-0.210337,0.00400665
-3.05677,2.29069,0.691198,-2.85566,-0.0198393,-0.224552,0.00829106,-3.09201,-1.29897,-0.441154,-2.86366,-0.00167099,-0.209917,0.00429527
-3.05743,2.28988,0.690154,-2.85439,-0.0192885,-0.224317,0.00879928,-3.06115,-1.28918,-0.439253,-2.86409,-0.00147782,-0.2097,0.00456354
-3.05662,2.28881,0.688855,-2.8525,-0.0191886,-0.224005,0.00887848,-3.03119,-1.28343,-0.438854,-2.86727,-0.00130629,-0.209933,0.00474487
-3.05819,2.28654,0.688404,-2.85298,-0.0192692,-0.224123,0.00881261,-2.99827,-1.28025,-0.438625,-2.8697,-0.00123443,-0.210124,0.00482909
-3.06395,2.28163,0.687838,-2.85539,-0.0194004,-0.224539,0.0087411,-2.96775,-1.28578,-0.440448,-2.87174,-0.00129816,-0.210436,0.00472666
-3.07154,2.27725,0.687508,-2.85836,-0.0194375,-0.225012,0.00877541,-2.92907,-1.29405,-0.442331,-2.87218,-0.0018125,-0.210758,0.00420593
-3.08003,2.27313,0.687045,-2.86106,-0.0194065,-0.225372,0.00885792,-2.88759,-1.31337,-0.446788,-2.87148,-0.00266583,-0.210949,0.00336361
-3.09933,2.24597,0.681251,-2.86552,-0.019641,-0.225852,0.0085946,-2.86821,-1.33028,-0.451493,-2.87484,-0.00344694,-0.211746,0.00253876
-3.11954,2.21893,0.675078,-2.86848,-0.0199107,-0.226163,0.00826477,-2.84704,-1.37082,-0.461007,-2.87281,-0.00410199,-0.211763,0.00177297
-3.14376,2.19198,0.668612,-2.8712,-0.020126,-0.22641,0.00799678,-2.83745,-1.41611,-0.471441,-2.87056,-0.00461069,-0.211878,0.00111707
-3.18681,2.14901,0.658937,-2.87706,-0.0205041,-0.227043,0.00756387,-2.83154,-1.46727,-0.483483,-2.8671,-0.00508146,-0.211844,0.000454522
-3.2253,2.10515,0.648541,-2.87927,-0.0208454,-0.227137,0.00710448,-2.82705,-1.51794,-0.495174,-2.86301,-0.00528965,-0.211841,4.66154e-05
-3.25712,2.06246,0.638213,-2.88218,-0.0211287,-0.227305,0.00672797,-2.82008,-1.59923,-0.514107,-2.85637,-0.00547148,-0.211377,-0.000423028
-3.31063,1.99133,0.621516,-2.89001,-0.0217393,-0.228087,0.00598385,-2.81275,-1.66552,-0.529759,-2.85117,-0.00561003,-0.2111,-0.000810053
-3.34828,1.93371,0.607442,-2.89223,-0.0220392,-0.228058,0.00553848,-2.80495,-1.73044,-0.544848,-2.84609,-0.00572221,-0.211081,-0.00120433
-3.37934,1.88229,0.595825,-2.89724,-0.02222,-0.228417,0.00531213,-2.79186,-1.81769,-0.565401,-2.83868,-0.00578459,-0.210807,-0.00166544
-3.40458,1.83192,0.585004,-2.90346,-0.022537,-0.229017,0.00494342,-2.78061,-1.88231,-0.580141,-2.83204,-0.00531839,-0.210848,-0.00142548
-3.41397,1.76076,0.569482,-2.90957,-0.0229482,-0.229514,0.00433364,-2.77883,-1.96659,-0.599724,-2.82533,-0.00551355,-0.210853,-0.00192949
-3.41022,1.70642,0.5575,-2.91447,-0.0230925,-0.229858,0.00399193,-2.77954,-2.02818,-0.613622,-2.81846,-0.00525901,-0.210755,-0.00189432
-3.39423,1.65086,0.544511,-2.91762,-0.0225342,-0.230018,0.00423033,-2.7875,-2.08399,-0.626097,-2.81278,-0.00513497,-0.210558,-0.00202171
-3.36401,1.5751,0.526339,-2.92019,-0.0227637,-0.229983,0.00359948,-2.80184,-2.13563,-0.637363,-2.80746,-0.00515556,-0.210316,-0.00228211
-3.34861,1.52382,0.515497,-2.92786,-0.0227679,-0.230707,0.00343841,-2.82061,-2.18022,-0.647133,-2.80311,-0.00525203,-0.210305,-0.00264016
-3.33509,1.47346,0.504449,-2.93323,-0.0226964,-0.230743,0.00321834,-2.85,-2.23823,-0.660215,-2.79894,-0.00575559,-0.210269,-0.00343289
-3.31988,1.4359,0.496022,-2.93594,-0.0225086,-0.230647,0.00313226,-2.87127,-2.2739,-0.665925,-2.79193,-0.00597115,-0.209979,-0.00384228
-3.30812,1.3766,0.483204,-2.94109,-0.0227275,-0.23052,0.00256277,-2.90637,-2.31494,-0.674277,-2.78861,-0.00622981,-0.21025,-0.00439104
-3.29577,1.34022,0.474768,-2.94261,-0.0227236,-0.23012,0.00227288,-2.92406,-2.346,-0.679705,-2.78339,-0.00632737,-0.210035,-0.00468954
-3.28418,1.30029,0.465223,-2.94356,-0.0228125,-0.229767,0.00189635,-2.93668,-2.37536,-0.685198,-2.77845,-0.00663598,-0.209777,-0.00516081
-3.26676,1.25404,0.453846,-2.94293,-0.0230416,-0.22928,0.00141843,-2.94144,-2.39468,-0.687586,-2.77242,-0.00691479,-0.209005,-0.00545248
-3.24909,1.22026,0.444993,-2.94171,-0.0229184,-0.228388,0.00127976,-2.945,-2.40528,-0.689035,-2.77002,-0.00731883,-0.208702,-0.00587907
-3.23344,1.19835,0.439102,-2.941,-0.0224704,-0.227959,0.00151532,-2.96523,-2.41372,-0.689743,-2.76903,-0.0076921,-0.208423,-0.0062387
-3.21923,1.17908,0.434416,-2.94278,-0.0220931,-0.227662,0.00172639,-2.99692,-2.4187,-0.69128,-2.77175,-0.00803699,-0.208457,-0.00656902
-3.2124,1.17643,0.434265,-2.94486,-0.0216498,-0.227806,0.00214394,-3.02089,-2.42001,-0.690886,-2.77081,-0.00813911,-0.208127,-0.00662469
-3.19807,1.17912,0.434989,-2.94572,-0.0212168,-0.227652,0.0025324,-3.04436,-2.41425,-0.688304,-2.7688,-0.00816365,-0.207571,-0.00654844
-3.1804,1.19996,0.440091,-2.94609,-0.0204165,-0.227734,0.00335107,-3.06553,-2.38899,-0.680818,-2.76766,-0.0079171,-0.20706,-0.00610496
-3.17265,1.2288,0.446749,-2.94459,-0.0195703,-0.227533,0.00421205,-3.08073,-2.36248,-0.672853,-2.76572,-0.00762572,-0.206592,-0.00561601
-3.17313,1.27842,0.458035,-2.94046,-0.0185658,-0.227038,0.00527177,-3.11127,-2.31369,-0.660888,-2.768,-0.00720891,-0.206221,-0.00488471
-3.17926,1.32635,0.468428,-2.93511,-0.0180804,-0.226422,0.00582455,-3.14053,-2.27724,-0.652749,-2.77253,-0.00684302,-0.206328,-0.00434678
-3.19055,1.38906,0.482432,-2.92907,-0.0175243,-0.225797,0.00651229,-3.18488,-2.22684,-0.642412,-2.78156,-0.00638126,-0.206883,-0.0036872
-3.20281,1.46275,0.499127,-2.92293,-0.0172372,-0.225284,0.00702121,-3.21546,-2.1468,-0.625738,-2.79033,-0.00569826,-0.20719,-0.00268579
-3.21306,1.55476,0.521012,-2.91762,-0.0176958,-0.224996,0.00699192,-3.23715,-2.08791,-0.612576,-2.79637,-0.00528769,-0.207183,-0.00199334
-3.21587,1.63938,0.54135,-2.91343,-0.0179859,-0.224854,0.00701636,-3.26056,-1.99046,-0.591259,-2.80448,-0.00475724,-0.207648,-0.00116655
-3.21081,1.73489,0.564709,-2.9071,-0.0180855,-0.224404,0.00731806,-3.27383,-1.91718,-0.574461,-2.80925,-0.00454527,-0.207362,-0.000609914
-3.19454,1.82256,0.584434,-2.89943,-0.0181886,-0.223786,0.00748067,-3.28235,-1.84288,-0.55799,-2.81474,-0.00411294,-0.207581,5.5941e-05
-3.16995,1.90079,0.601974,-2.89152,-0.0182998,-0.223406,0.00753049,-3.28476,-1.76838,-0.541448,-2.82064,-0.00370439,-0.207938,0.00076227
-3.13881,1.9922,0.622954,-2.88142,-0.0181657,-0.222752,0.00798339,-3.28556,-1.66596,-0.519964,-2.83218,-0.00300513,-0.209006,0.00177832
-3.12104,2.06397,0.638441,-2.8745,-0.018435,-0.222828,0.00806436,-3.27902,-1.59799,-0.505458,-2.84027,-0.00331159,-0.209722,0.00173115
-3.11032,2.12629,0.652736,-2.86872,-0.0189143,-0.222809,0.00788943,-3.26415,-1.51682,-0.487841,-2.84885,-0.00347836,-0.210403,0.00179589
-3.10492,2.20241,0.670942,-2.86361,-0.0193888,-0.222927,0.00778582,-3.23526,-1.46574,-0.476465,-2.85307,-0.00405269,-0.210326,0.00145299
-3.10773,2.25226,0.682938,-2.8607,-0.019657,-0.223002,0.00783885,-3.22145,-1.41968,-0.466869,-2.85848,-0.00414757,-0.210617,0.0014829
-3.10738,2.29302,0.692211,-2.8564,-0.0202244,-0.223213,0.0075814,-3.18553,-1.36879,-0.455789,-2.86291,-0.00430117,-0.210775,0.0015273
-3.10879,2.32808,0.699873,-2.85226,-0.0207513,-0.223374,0.00739973,-3.16204,-1.33613,-0.448732,-2.86591,-0.00427501,-0.210965,0.00167819
-3.10402,2.36146,0.706869,-2.84818,-0.0211179,-0.223541,0.00736826,-3.14235,-1.30503,-0.441921,-2.86835,-0.00413263,-0.211015,0.00196186
-3.09612,2.37262,0.709055,-2.84607,-0.0213933,-0.22378,0.00725408,-3.12142,-1.28403,-0.437874,-2.87069,-0.00399788,-0.211161,0.00217282
-3.08856,2.37612,0.710218,-2.84622,-0.0214549,-0.224016,0.00727314,-3.09661,-1.2627,-0.432908,-2.87047,-0.00357847,-0.210916,0.00267927
-3.07897,2.3854,0.712591,-2.84494,-0.0213418,-0.223928,0.00743372,-3.06267,-1.24381,-0.428662,-2.86976,-0.0031946,-0.210428,0.00318239
-3.07453,2.391,0.714665,-2.84644,-0.0212636,-0.22418,0.00760004,-3.03656,-1.23249,-0.425744,-2.86853,-0.00291055,-0.209984,0.00355063
-3.07036,2.3909,0.714665,-2.84667,-0.0210526,-0.224095,0.00786311,-2.99397,-1.22527,-0.424089,-2.86731,-0.00242379,-0.209573,0.00407694
-3.06632,2.38625,0.713109,-2.84634,-0.0206614,-0.223977,0.0081979,-2.95989,-1.22116,-0.423584,-2.86843,-0.00205938,-0.209502,0.00445553
-3.06896,2.3775,0.710406,-2.84611,-0.0205022,-0.223822,0.00833012,-2.93727,-1.21788,-0.423767,-2.87217,-0.00201455,-0.209831,0.00450199
-3.07064,2.3648,0.706846,-2.84617,-0.020655,-0.223776,0.00811412,-2.89227,-1.2215,-0.425097,-2.8743,-0.00202604,-0.210077,0.00447138
-3.07979,2.34872,0.703051,-2.84794,-0.0208704,-0.223996,0.00786847,-2.86162,-1.22928,-0.42748,-2.87701,-0.00215783,-0.210539,0.00428262
-3.07011,2.34495,0.701205,-2.84532,-0.0209042,-0.22375,0.00781009,-2.82301,-1.23381,-0.428376,-2.87445,-0.00234482,-0.210304,0.00411904
