-0.0169033,0.200799,-0.126661,0.418237,-0.0662494,0.371231,-0.146208,-0.00426407,-0.199898,0.129205,0.445179,0.0751255,0.401017,0.150864
-0.0170178,0.198263,-0.127612,0.417293,-0.0651221,0.372481,-0.144086,-0.00322085,-0.197852,0.130004,0.443216,0.0742016,0.402088,0.14904
-0.0180342,0.196551,-0.12817,0.417677,-0.0644313,0.373241,-0.142736,-0.00487674,-0.196643,0.130281,0.444451,0.0738189,0.40259,0.148164
-0.0191979,0.19498,-0.12866,0.418282,-0.0638163,0.373918,-0.141518,-0.00688893,-0.195482,0.130507,0.446085,0.0734838,0.403045,0.147359
-0.0196831,0.193338,-0.129236,0.418138,-0.0631197,0.374675,-0.140182,-0.00741,-0.194379,0.130842,0.446181,0.0730653,0.40355,0.146472
-0.0193371,0.19131,-0.130034,0.416954,-0.0621882,0.37568,-0.138454,-0.00608389,-0.192965,0.131449,0.444203,0.0723832,0.404315,0.145163
-0.0181937,0.188656,-0.131144,0.414683,-0.0609146,0.377033,-0.136138,-0.00433323,-0.191494,0.132117,0.441769,0.0716428,0.40512,0.143768
-0.017535,0.186416,-0.132057,0.413127,-0.0598604,0.378125,-0.134212,-0.00275747,-0.190133,0.132736,0.439579,0.0709586,0.405849,0.142486
-0.0172591,0.184461,-0.132827,0.412101,-0.0589632,0.379045,-0.13256,-0.00281764,-0.189231,0.133046,0.439292,0.0705873,0.406268,0.141732
-0.0177529,0.182845,-0.133392,0.412034,-0.0582792,0.379745,-0.131256,-0.00403249,-0.188691,0.13312,0.440351,0.0704553,0.406459,0.141383
-0.0189058,0.181683,-0.133718,0.412844,-0.057853,0.380183,-0.130386,-0.00590607,-0.188611,0.132972,0.442284,0.0705654,0.406396,0.141478
-0.0203095,0.181307,-0.133718,0.414213,-0.0578004,0.380241,-0.130191,-0.0078594,-0.18896,0.132668,0.444476,0.0708595,0.406117,0.141942
-0.0210721,0.181495,-0.13357,0.415102,-0.0579471,0.380094,-0.130412,-0.00816655,-0.189743,0.132369,0.445112,0.0712062,0.405726,0.142628
-0.0207701,0.182073,-0.133382,0.414987,-0.05818,0.379857,-0.130868,-0.00702529,-0.19071,0.132141,0.444291,0.0715196,0.405336,0.143344
-0.0199857,0.18297,-0.133123,0.414472,-0.0585157,0.379515,-0.131549,-0.00499205,-0.191739,0.131973,0.442562,0.0717922,0.404965,0.144035
-0.0189338,0.184064,-0.132814,0.413748,-0.0589186,0.3791,-0.132372,-0.0036225,-0.19287,0.131706,0.441582,0.0721583,0.404495,0.144869
-0.0184231,0.185115,-0.132467,0.413593,-0.0593468,0.378656,-0.133205,-0.00402347,-0.193798,0.131346,0.442381,0.0725739,0.404024,0.145687
-0.0182197,0.186151,-0.132094,0.413765,-0.059794,0.378192,-0.134052,-0.00536964,-0.194436,0.131003,0.444056,0.0729392,0.403641,0.146343
-0.0184231,0.187031,-0.131741,0.414317,-0.0602037,0.377767,-0.134803,-0.00667207,-0.19481,0.130757,0.445582,0.0731905,0.403383,0.146773
-0.018438,0.187694,-0.131488,0.414587,-0.0605015,0.377456,-0.135357,-0.00785753,-0.194963,0.130599,0.446896,0.0733408,0.403236,0.147006
-0.0180635,0.188158,-0.131348,0.414365,-0.0606796,0.377267,-0.135714,-0.00704017,-0.194923,0.130686,0.446018,0.073264,0.403305,0.1469
-0.0176875,0.18849,-0.131259,0.41409,-0.0607984,0.377141,-0.135959,-0.00531579,-0.194753,0.130898,0.444129,0.0730672,0.40349,0.146606
-0.0173383,0.188567,-0.131263,0.413746,-0.0608051,0.377132,-0.135994,-0.00281409,-0.194394,0.131245,0.441354,0.0727337,0.403804,0.146085
-0.0168602,0.188381,-0.13138,0.413163,-0.0606842,0.377257,-0.135798,-0.00235199,-0.194092,0.131393,0.440753,0.0725735,0.403969,0.14579
-0.0168,0.187968,-0.131543,0.41294,-0.0604947,0.377455,-0.135449,-0.00308687,-0.193749,0.131446,0.441381,0.0724849,0.404098,0.145564
-0.017072,0.187365,-0.131746,0.412999,-0.060246,0.377718,-0.134969,-0.00439161,-0.193477,0.131423,0.442637,0.0724689,0.404161,0.145449
-0.0176912,0.1868,-0.1319,0.413446,-0.0600423,0.377935,-0.13455,-0.00559302,-0.19329,0.13138,0.443823,0.0724805,0.404184,0.145396
-0.0179915,0.186273,-0.13207,0.413568,-0.0598308,0.378157,-0.134136,-0.0066258,-0.193152,0.131335,0.444854,0.0725003,0.404191,0.14537
-0.0181785,0.185683,-0.132276,0.413545,-0.0595817,0.378416,-0.13366,-0.00637375,-0.193048,0.131394,0.444547,0.0724381,0.404255,0.14526
-0.018162,0.185439,-0.13237,0.413436,-0.0594714,0.37853,-0.133455,-0.0052063,-0.193014,0.131511,0.443304,0.0723373,0.40434,0.14513
-0.0181382,0.185339,-0.13241,0.413373,-0.0594249,0.378579,-0.13337,-0.00352025,-0.193226,0.13159,0.44162,0.0722995,0.404331,0.145162
-0.0180993,0.185466,-0.132366,0.413379,-0.0594786,0.378523,-0.133473,-0.00213633,-0.193536,0.131608,0.440298,0.072325,0.404252,0.145303
-0.0181077,0.185716,-0.13227,0.413482,-0.0595911,0.378407,-0.133682,-0.00279267,-0.193982,0.131393,0.441167,0.0725594,0.404002,0.145736
-0.018215,0.186139,-0.132099,0.413756,-0.0597891,0.378203,-0.134043,-0.00448366,-0.19439,0.131098,0.443105,0.072855,0.403716,0.146227
-0.0180702,0.186591,-0.131942,0.413772,-0.0599794,0.378005,-0.134408,-0.00621208,-0.194668,0.130847,0.445037,0.0730982,0.403483,0.146613
-0.0178232,0.186977,-0.13182,0.413654,-0.0601327,0.377844,-0.134709,-0.00694492,-0.194613,0.130801,0.445789,0.0731293,0.403464,0.146631
-0.0176412,0.187275,-0.131725,0.413573,-0.0602514,0.377719,-0.134942,-0.00600894,-0.194349,0.130976,0.444694,0.072951,0.403648,0.146326
-0.0175975,0.187617,-0.131599,0.413657,-0.0604011,0.377563,-0.135224,-0.00453839,-0.193971,0.131239,0.442992,0.0726856,0.403915,0.145879
-0.0172909,0.187679,-0.131605,0.413353,-0.0604044,0.377557,-0.13525,-0.00335557,-0.193592,0.131477,0.441597,0.0724403,0.404162,0.145455
-0.0170774,0.187667,-0.131631,0.41312,-0.0603821,0.377579,-0.135222,-0.00278317,-0.193233,0.131654,0.440853,0.0722483,0.404364,0.145103
-0.0169993,0.187668,-0.131638,0.413037,-0.0603763,0.377585,-0.135216,-0.00284921,-0.192911,0.13176,0.440792,0.0721191,0.404516,0.144838
-0.0169713,0.187563,-0.131681,0.412966,-0.060327,0.377636,-0.135126,-0.00397316,-0.192918,0.131656,0.441971,0.0722059,0.404454,0.144941
-0.0168337,0.187386,-0.131761,0.412752,-0.060237,0.37773,-0.134967,-0.00553215,-0.193194,0.131418,0.443719,0.0724371,0.404236,0.14531
-0.0164308,0.187256,-0.13185,0.412272,-0.0601467,0.377821,-0.134825,-0.00541911,-0.193303,0.131391,0.443647,0.0724738,0.404187,0.145392
-0.0159336,0.186992,-0.131998,0.41164,-0.0599888,0.377981,-0.134563,-0.0049278,-0.193468,0.131378,0.443197,0.0725054,0.404136,0.145488
-0.015733,0.186863,-0.132067,0.411377,-0.0599147,0.378056,-0.134438,-0.00422798,-0.193509,0.131427,0.442479,0.0724703,0.404155,0.145462
-0.0156267,0.186897,-0.132065,0.411277,-0.0599214,0.378048,-0.134457,-0.00385991,-0.193488,0.131468,0.442085,0.0724342,0.404185,0.145413
-0.0156494,0.186979,-0.132031,0.411333,-0.0599603,0.378008,-0.134528,-0.00360438,-0.193495,0.131489,0.44182,0.0724177,0.404195,0.145396
-0.0154267,0.187117,-0.132,0.411148,-0.0600044,0.37796,-0.134625,-0.00414414,-0.193474,0.131448,0.442377,0.0724491,0.404177,0.145425
-0.0152291,0.18725,-0.131969,0.410987,-0.0600483,0.377913,-0.134719,-0.00428534,-0.19357,0.131401,0.442564,0.0724996,0.404122,0.145519
-0.0148808,0.187419,-0.131939,0.410681,-0.0600961,0.377859,-0.13483,-0.00439019,-0.193643,0.131367,0.442704,0.0725373,0.404082,0.145589
-0.0151065,0.187603,-0.131847,0.410991,-0.060197,0.377757,-0.135003,-0.00443039,-0.193658,0.131358,0.442752,0.0725465,0.404072,0.145605
-0.0150375,0.187699,-0.131817,0.410954,-0.0602343,0.377717,-0.135077,-0.0042842,-0.193615,0.131386,0.442581,0.0725177,0.404101,0.145556
-0.0151024,0.187723,-0.131801,0.411033,-0.0602507,0.377701,-0.135103,-0.00409784,-0.193465,0.131455,0.442325,0.0724416,0.404184,0.145414
-0.0145812,0.187693,-0.131863,0.410466,-0.0601957,0.377753,-0.135034,-0.00408767,-0.19347,0.131454,0.442316,0.072443,0.404182,0.145417
-0.0138844,0.187638,-0.131952,0.409703,-0.0601151,0.377828,-0.134929,-0.00443506,-0.193533,0.131401,0.442706,0.0724949,0.404133,0.145501
-0.0132724,0.187514,-0.13206,0.409005,-0.0600102,0.377929,-0.134774,-0.00467809,-0.193603,0.131355,0.442989,0.0725418,0.404086,0.145581
-0.0130094,0.18744,-0.132114,0.408698,-0.0599559,0.377981,-0.13469,-0.00431133,-0.193542,0.13141,0.44258,0.0724892,0.404135,0.145497
-0.0129451,0.187409,-0.132132,0.408618,-0.059937,0.378,-0.134659,-0.0039009,-0.19355,0.131444,0.442152,0.072462,0.404154,0.145468
-0.0131383,0.187446,-0.132098,0.408838,-0.0599693,0.377969,-0.134707,-0.0041747,-0.193528,0.131427,0.442431,0.0724733,0.404149,0.145474
-0.013591,0.187446,-0.132054,0.409319,-0.0600055,0.377938,-0.134745,-0.0044601,-0.193495,0.131412,0.442717,0.0724808,0.40415,0.145471
-0.0137839,0.187469,-0.132027,0.409532,-0.0600311,0.377914,-0.13478,-0.00462577,-0.193545,0.13138,0.442911,0.072514,0.404116,0.145528
-0.0135103,0.187386,-0.132085,0.40921,-0.0599718,0.377972,-0.134687,-0.00489264,-0.193632,0.131326,0.443227,0.0725699,0.404059,0.145624
-0.0134473,0.187365,-0.132099,0.409135,-0.0599575,0.377986,-0.134665,-0.00452012,-0.193664,0.131349,0.442848,0.0725551,0.404065,0.145618
-0.0131176,0.187321,-0.132148,0.408768,-0.0599112,0.37803,-0.134601,-0.00414513,-0.19362,0.131398,0.442437,0.0725093,0.404107,0.145549
-0.013104,0.187339,-0.132143,0.408761,-0.0599184,0.378022,-0.134615,-0.0038688,-0.193555,0.131445,0.442121,0.0724615,0.404153,0.14547
-0.0130535,0.187377,-0.132133,0.408721,-0.0599314,0.378008,-0.134642,-0.00397275,-0.1935,0.131455,0.442208,0.0724465,0.404174,0.145433
-0.0134652,0.187458,-0.132062,0.409189,-0.0600009,0.377942,-0.134744,-0.00452066,-0.193467,0.131417,0.442769,0.0724736,0.40416,0.145453
-0.0138305,0.187447,-0.132031,0.409573,-0.060025,0.377921,-0.134765,-0.00542247,-0.193558,0.131304,0.443752,0.0725782,0.404067,0.145608
-0.0135003,0.1873,-0.132119,0.409166,-0.0599324,0.378013,-0.134615,-0.00521523,-0.193461,0.131356,0.443496,0.0725227,0.404124,0.145508
-0.013159,0.187078,-0.132237,0.408719,-0.0598052,0.37814,-0.134402,-0.00458367,-0.19339,0.131438,0.442803,0.0724462,0.404194,0.145393
-0.0127596,0.186918,-0.132338,0.408235,-0.059701,0.378242,-0.134234,-0.00437225,-0.193317,0.131483,0.442552,0.0724,0.404241,0.145313
-0.0126273,0.186788,-0.1324,0.408045,-0.059632,0.378312,-0.134116,-0.00457466,-0.193353,0.131452,0.442779,0.0724301,0.404212,0.145361
-0.0124694,0.186671,-0.132461,0.407833,-0.0595664,0.378377,-0.134004,-0.00452485,-0.19343,0.13143,0.442758,0.0724583,0.404178,0.145422
-0.0142004,0.186889,-0.132207,0.409752,-0.0598042,0.378158,-0.134331,-0.00507002,-0.193431,0.13138,0.443331,0.0724995,0.404147,0.14547
-0.0148851,0.187093,-0.132062,0.410561,-0.0599507,0.378012,-0.134559,-0.00608926,-0.193315,0.131328,0.444354,0.0725268,0.404146,0.145461
-0.0162881,0.187458,-0.131785,0.412194,-0.0602268,0.37774,-0.134981,-0.00679261,-0.19286,0.131422,0.444911,0.0723907,0.404325,0.145138
-0.0149699,0.188057,-0.131686,0.411018,-0.0603905,0.377556,-0.13537,-0.0096241,-0.191956,0.131479,0.447528,0.0722271,0.404593,0.144623
-0.013868,0.188981,-0.131441,0.4102,-0.0607173,0.377201,-0.136048,-0.0136375,-0.190566,0.131593,0.451222,0.0719523,0.404996,0.1438
-0.013787,0.190411,-0.130903,0.410668,-0.0613537,0.376531,-0.137234,-0.0182083,-0.18857,0.131858,0.45531,0.0714739,0.405607,0.142516
-0.0135817,0.192023,-0.130307,0.411084,-0.0620627,0.375776,-0.138563,-0.0188882,-0.185863,0.132713,0.454994,0.0704199,0.406808,0.14029
-0.0151925,0.193585,-0.129559,0.413422,-0.0628904,0.37491,-0.140005,-0.0176882,-0.183294,0.133695,0.452728,0.0692815,0.408085,0.13802
-0.0160897,0.194924,-0.128966,0.414926,-0.0635602,0.374189,-0.141202,-0.0137249,-0.181649,0.134635,0.447879,0.0683029,0.40913,0.136293
-0.0148346,0.19603,-0.128662,0.414039,-0.0639599,0.37374,-0.142022,-0.00906665,-0.180334,0.135542,0.442462,0.0673965,0.41003,0.134788
-0.0129306,0.1968,-0.128542,0.412326,-0.0641612,0.373499,-0.142506,-0.00536826,-0.179902,0.136061,0.438431,0.0669224,0.410427,0.134111
-0.0107701,0.197566,-0.128445,0.410346,-0.0643419,0.373269,-0.142963,-0.00345994,-0.17972,0.136317,0.43638,0.0666929,0.4106,0.133797
-0.0111833,0.198363,-0.128103,0.411119,-0.0647326,0.372845,-0.143667,-0.00370462,-0.179531,0.136359,0.43657,0.0666333,0.41067,0.13366
-0.00976351,0.198588,-0.128144,0.409707,-0.0647274,0.372827,-0.143735,-0.00527195,-0.17931,0.136278,0.438128,0.0666677,0.410687,0.133609
-0.00769775,0.198793,-0.128251,0.407607,-0.0646641,0.372856,-0.14373,-0.00737409,-0.178675,0.136288,0.440103,0.0665731,0.410853,0.133257
-0.0055787,0.199302,-0.128245,0.405587,-0.0647344,0.372728,-0.143976,-0.00919975,-0.177936,0.13636,0.441761,0.0664143,0.411071,0.132795
-0.00513303,0.200013,-0.128011,0.40542,-0.0650233,0.372396,-0.144534,-0.00795143,-0.17726,0.136721,0.440208,0.0660334,0.411444,0.132122
-0.00374853,0.200896,-0.127793,0.404338,-0.0653202,0.372032,-0.145156,-0.0070558,-0.176288,0.137149,0.438925,0.0655584,0.411922,0.131234
-0.00344385,0.202014,-0.127387,0.404495,-0.0658062,0.371486,-0.146067,-0.00608919,-0.175201,0.137627,0.437533,0.0650285,0.412451,0.130243
-0.00386246,0.20313,-0.126918,0.405413,-0.0663454,0.370898,-0.147039,-0.00470186,-0.173969,0.138201,0.435657,0.0644026,0.413061,0.129097
-0.00572935,0.204375,-0.126274,0.407913,-0.0670499,0.370163,-0.148244,-0.0060544,-0.173212,0.138324,0.436816,0.0641996,0.41331,0.12858
-0.010002,0.205693,-0.1254,0.412995,-0.0679599,0.369237,-0.149717,-0.00555208,-0.172552,0.138607,0.436069,0.0638837,0.41362,0.127988
-0.0129047,0.205605,-0.12519,0.416059,-0.0681289,0.36907,-0.149896,-0.00449219,-0.172473,0.138747,0.434935,0.063762,0.413711,0.127833
-0.0135008,0.204588,-0.125528,0.416252,-0.0677135,0.369545,-0.14909,-0.00392442,-0.172915,0.138654,0.434491,0.063898,0.413551,0.128153
-0.013499,0.203255,-0.126035,0.415666,-0.0671141,0.370227,-0.147967,-0.00336326,-0.173807,0.138401,0.434207,0.0642221,0.413199,0.12885
-0.0122138,0.201697,-0.126738,0.413621,-0.0663202,0.371109,-0.146546,-0.00454303,-0.17503,0.137849,0.435855,0.0648296,0.412612,0.129969
-0.0127688,0.199746,-0.127435,0.413381,-0.0654823,0.372049,-0.144954,-0.00612577,-0.176612,0.137132,0.438058,0.0656182,0.411838,0.131423
-0.0147601,0.196954,-0.128324,0.414327,-0.064374,0.3733,-0.142781,-0.00692232,-0.178667,0.136335,0.439621,0.0665356,0.410886,0.133209
-0.0186552,0.194151,-0.129039,0.417341,-0.0634095,0.374382,-0.140765,-0.00742818,-0.180132,0.135776,0.440685,0.067183,0.410198,0.134478
-0.0241621,0.191697,-0.129461,0.422282,-0.0627335,0.375114,-0.13918,-0.00713332,-0.181494,0.135333,0.440873,0.0677229,0.409603,0.135594
-0.0316207,0.18869,-0.129894,0.429192,-0.0619717,0.375862,-0.137298,-0.00607886,-0.183645,0.134692,0.440558,0.0685301,0.408691,0.137308
-0.0395661,0.185069,-0.130484,0.436537,-0.0609934,0.376711,-0.134944,-0.00597122,-0.186436,0.133733,0.441498,0.069679,0.407414,0.139641
-0.0458165,0.181014,-0.131363,0.441988,-0.0597153,0.377807,-0.13208,-0.00523844,-0.189343,0.132795,0.441857,0.0708274,0.406093,0.142022
-0.0481621,0.176872,-0.132626,0.443134,-0.0581128,0.379342,-0.12881,-0.00384945,-0.192605,0.131792,0.441697,0.0720747,0.404616,0.144648
-0.0482604,0.172896,-0.134045,0.441859,-0.0564091,0.381065,-0.125491,-0.00195655,-0.196189,0.130717,0.44118,0.0734223,0.402976,0.147506
-0.0458203,0.169128,-0.135654,0.43786,-0.0545858,0.382988,-0.12214,-0.00291487,-0.200298,0.129199,0.443914,0.0752039,0.40089,0.151062
-0.0415716,0.165532,-0.13741,0.431971,-0.0526728,0.385007,-0.118791,-0.00474442,-0.204654,0.127529,0.44774,0.0771448,0.398575,0.154914
-0.03973,0.16283,-0.1386,0.429124,-0.0513393,0.386295,-0.116399,-0.00836285,-0.208994,0.125733,0.453528,0.0791937,0.396098,0.158928
-0.0385406,0.160712,-0.13951,0.42718,-0.0503127,0.387275,-0.114547,-0.012083,-0.212854,0.124121,0.459313,0.0810324,0.393774,0.162561
-0.0385242,0.158549,-0.140307,0.426523,-0.049368,0.388137,-0.112757,-0.0132678,-0.215465,0.123147,0.461872,0.0821776,0.39224,0.16491
-0.0388272,0.156367,-0.141074,0.426224,-0.0484442,0.388961,-0.110978,-0.01492,-0.218069,0.122148,0.464924,0.0833463,0.390685,0.167298
-0.0383681,0.154518,-0.141808,0.425198,-0.0475964,0.389728,-0.109414,-0.014106,-0.220086,0.121527,0.465065,0.0841176,0.389618,0.168961
-0.0360634,0.152819,-0.142709,0.422199,-0.0466433,0.390631,-0.107827,-0.0120026,-0.221492,0.121199,0.46352,0.0845622,0.388987,0.16998
-0.0318623,0.151701,-0.143632,0.417314,-0.0457629,0.391491,-0.106569,-0.0106457,-0.222508,0.120949,0.462588,0.0848951,0.388509,0.170733
-0.0290278,0.151203,-0.144165,0.414125,-0.0452772,0.391938,-0.105934,-0.00973105,-0.222828,0.120903,0.461776,0.0849705,0.388392,0.170926
-0.0265871,0.151015,-0.144538,0.411447,-0.044963,0.39223,-0.105585,-0.0101278,-0.222771,0.120898,0.46217,0.0849703,0.3884,0.170914
-0.0242177,0.150719,-0.144944,0.408825,-0.0446064,0.392548,-0.105154,-0.00898295,-0.222118,0.121199,0.460613,0.0846326,0.388851,0.170246
-0.0209523,0.150472,-0.145445,0.405268,-0.0441845,0.392913,-0.104691,-0.0101198,-0.221428,0.121358,0.461474,0.0844175,0.389166,0.169757
-0.0191031,0.150547,-0.145649,0.403327,-0.0440399,0.393023,-0.104605,-0.00927923,-0.220605,0.121697,0.46016,0.0840277,0.389688,0.168972
-0.0152507,0.150587,-0.146119,0.399248,-0.0436868,0.393299,-0.104332,-0.00790642,-0.219744,0.122086,0.458266,0.0835891,0.390262,0.168106
-0.0149374,0.151065,-0.145975,0.399054,-0.0438705,0.393131,-0.104698,-0.00608266,-0.218868,0.122514,0.455893,0.0831146,0.390866,0.167187
-0.0135493,0.151557,-0.145961,0.397718,-0.0439576,0.393043,-0.104991,-0.00378112,-0.218512,0.122801,0.453283,0.0828227,0.3912,0.166673
-0.0116322,0.152419,-0.145871,0.395927,-0.0441598,0.392847,-0.105543,-0.00105341,-0.218121,0.123132,0.450218,0.0824881,0.391566,0.166092
-0.0101112,0.153997,-0.145453,0.394752,-0.0447248,0.392345,-0.106712,0.00218586,-0.217544,0.123567,0.44654,0.0820412,0.392046,0.165305
-0.0092284,0.155781,-0.144872,0.394313,-0.0454458,0.391715,-0.108101,0.00328751,-0.217208,0.123765,0.445237,0.0818293,0.392271,0.16492
-0.00915055,0.158135,-0.143969,0.394883,-0.0465032,0.390809,-0.110022,0.00324096,-0.216008,0.124183,0.4447,0.0813298,0.392928,0.163898
-0.00887355,0.161134,-0.14284,0.39545,-0.0478336,0.389644,-0.112457,0.00267302,-0.214168,0.124785,0.444403,0.080597,0.393906,0.162377
-0.00796589,0.164586,-0.14161,0.395523,-0.0493113,0.388307,-0.115216,0.00305643,-0.211027,0.125913,0.442509,0.0792585,0.395616,0.159663
-0.00834595,0.168024,-0.140232,0.396983,-0.0509037,0.386866,-0.118073,0.00392497,-0.207851,0.127095,0.440144,0.0778707,0.397324,0.156883
-0.00725471,0.172345,-0.138683,0.39722,-0.0527622,0.385113,-0.121542,0.00359527,-0.2047,0.128177,0.439072,0.0765723,0.398937,0.154237
-0.0061475,0.177263,-0.136898,0.397707,-0.054895,0.383046,-0.12551,0.00379513,-0.20082,0.129558,0.437159,0.0749317,0.400923,0.150931
-0.00310192,0.18248,-0.135199,0.396357,-0.057002,0.380884,-0.129573,0.00503707,-0.196289,0.131261,0.433949,0.0729414,0.403226,0.146994
-2.30479e-05,0.188118,-0.133319,0.39523,-0.0593139,0.378442,-0.133991,0.00645749,-0.191865,0.132954,0.430689,0.0709756,0.40541,0.143145
0.00351971,0.194066,-0.131343,0.393861,-0.0617458,0.375773,-0.138638,0.00575439,-0.187819,0.134326,0.429839,0.0693242,0.407282,0.13981
0.00518679,0.199992,-0.129172,0.394562,-0.0643362,0.372921,-0.143436,0.00482948,-0.183991,0.135598,0.429344,0.067784,0.409012,0.136683
0.00713405,0.205611,-0.127136,0.394962,-0.0667732,0.37014,-0.14797,0.00321025,-0.180347,0.136731,0.429679,0.0663803,0.410594,0.133776
0.00946644,0.210569,-0.125383,0.39478,-0.0688868,0.367629,-0.15193,0.000607174,-0.176445,0.137849,0.430981,0.064953,0.412217,0.130739
0.0116173,0.215022,-0.123801,0.394634,-0.0707917,0.365315,-0.155492,-9.39564e-05,-0.172222,0.139265,0.430265,0.0632435,0.414006,0.12728
0.0133214,0.218694,-0.122482,0.394644,-0.0723745,0.363358,-0.158441,-0.000805727,-0.168412,0.140532,0.429759,0.0617101,0.41557,0.124172
0.0133905,0.221045,-0.121553,0.395728,-0.0734635,0.362053,-0.160422,-0.000488641,-0.165424,0.141621,0.428493,0.0604338,0.416806,0.121666
0.0139803,0.22251,-0.121015,0.395852,-0.0741064,0.361251,-0.161612,0.000401052,-0.163165,0.142518,0.426884,0.0594119,0.417755,0.119722
0.0137281,0.223589,-0.120566,0.396646,-0.0746268,0.360645,-0.162548,0.00104818,-0.16157,0.143156,0.425741,0.0586866,0.418417,0.118348
0.013493,0.224124,-0.120335,0.397156,-0.0748939,0.360341,-0.163023,0.00152568,-0.160372,0.143636,0.424895,0.0581424,0.418912,0.11732
0.0128787,0.224209,-0.120254,0.397827,-0.0749767,0.360282,-0.163149,0.00260196,-0.158721,0.144347,0.423303,0.0573538,0.419607,0.115868
0.0128896,0.223802,-0.120414,0.397612,-0.0747897,0.360515,-0.162803,0.00221876,-0.157227,0.144833,0.423272,0.0567614,0.420172,0.114667
0.0117606,0.223021,-0.120638,0.398378,-0.0745053,0.360927,-0.16224,0.0022296,-0.155428,0.145473,0.422753,0.0560055,0.420866,0.113183
0.0105751,0.221887,-0.120996,0.399033,-0.074062,0.36153,-0.161383,0.00181605,-0.153667,0.14605,0.422693,0.0553043,0.42152,0.111765
0.0090588,0.221046,-0.121213,0.400181,-0.073777,0.361952,-0.160803,0.00362131,-0.151847,0.146916,0.420348,0.0543733,0.422275,0.11012
0.00567417,0.220519,-0.121166,0.403412,-0.0737632,0.362134,-0.16065,0.00655316,-0.150408,0.147792,0.416975,0.0534928,0.422909,0.1087
0.00264345,0.220003,-0.121139,0.406312,-0.0737312,0.362294,-0.160478,0.00999707,-0.149508,0.148546,0.413248,0.0527859,0.423336,0.107683
0.00116957,0.219401,-0.121262,0.407561,-0.0735558,0.362555,-0.160097,0.0137227,-0.1492,0.149129,0.409414,0.0522983,0.423531,0.107131
0.000996433,0.21884,-0.121465,0.407472,-0.0733129,0.362856,-0.159638,0.0162732,-0.149374,0.149392,0.406908,0.0521262,0.423503,0.10707
0.000217381,0.217957,-0.121747,0.407858,-0.0729635,0.363306,-0.158958,0.018239,-0.150402,0.149268,0.405208,0.0523751,0.423153,0.107754
-0.00231333,0.217139,-0.121871,0.410112,-0.0727625,0.363631,-0.158486,0.0211466,-0.15198,0.149061,0.402717,0.0527702,0.422603,0.108812
-0.00554463,0.216217,-0.121979,0.413069,-0.0725627,0.363959,-0.157988,0.018873,-0.155487,0.147484,0.405897,0.054496,0.421284,0.111867
-0.00976732,0.214383,-0.122359,0.416662,-0.0720185,0.3647,-0.156804,0.0150415,-0.158667,0.145849,0.410615,0.0562194,0.420012,0.114789
-0.016322,0.212043,-0.122742,0.422544,-0.0714101,0.365511,-0.155398,0.0145843,-0.161506,0.144764,0.411919,0.0574713,0.418868,0.117165
-0.0247254,0.208722,-0.123335,0.430067,-0.0704992,0.366591,-0.153325,0.0147784,-0.165026,0.14351,0.412773,0.0589535,0.417466,0.120052
-0.0338873,0.204227,-0.124275,0.438059,-0.0691402,0.368039,-0.150327,0.0158414,-0.169372,0.142058,0.413052,0.06071,0.415707,0.123553
-0.0415178,0.19898,-0.125569,0.444247,-0.0673763,0.369823,-0.14656,0.0188545,-0.174543,0.140519,0.411705,0.0626518,0.413574,0.127583
-0.046883,0.193416,-0.127124,0.447937,-0.0653471,0.371883,-0.142328,0.0210944,-0.180193,0.138701,0.411408,0.0648795,0.411126,0.132083
-0.0528146,0.187942,-0.12856,0.452424,-0.0634253,0.373717,-0.138226,0.0218406,-0.185856,0.136709,0.412726,0.0672483,0.408563,0.136729
-0.0558008,0.182265,-0.1303,0.453639,-0.0612233,0.375922,-0.1337,0.0222645,-0.191732,0.134604,0.414555,0.0697387,0.405813,0.141596
-0.0571976,0.176899,-0.132062,0.453266,-0.0590465,0.37813,-0.129307,0.0213706,-0.197593,0.132378,0.417818,0.0723276,0.402963,0.14658
-0.0573937,0.172058,-0.13375,0.451801,-0.0570043,0.38021,-0.125261,0.0198016,-0.202723,0.130369,0.421583,0.0746468,0.400367,0.151027
-0.0563094,0.168128,-0.135248,0.449262,-0.055246,0.38203,-0.121881,0.0176364,-0.207706,0.128377,0.425973,0.0769371,0.397772,0.15542
-0.0546691,0.16498,-0.136536,0.446396,-0.0537696,0.383567,-0.119114,0.0146059,-0.211692,0.126693,0.430893,0.0788508,0.395601,0.159063
-0.0523346,0.162353,-0.137723,0.442944,-0.0524509,0.384961,-0.116731,0.0121726,-0.215035,0.125307,0.434971,0.080436,0.393733,0.162121
-0.0486354,0.160017,-0.138968,0.438082,-0.0511308,0.386394,-0.114483,0.0100396,-0.217386,0.124311,0.438308,0.0815719,0.39238,0.164317
-0.0443142,0.157906,-0.14022,0.432645,-0.0498415,0.387771,-0.112376,0.00677914,-0.21906,0.12348,0.442493,0.0824903,0.391352,0.16604
-0.0418033,0.155914,-0.141234,0.429307,-0.048755,0.388834,-0.110524,0.00248795,-0.220833,0.122548,0.447827,0.0835093,0.3902,0.167946
-0.040945,0.153602,-0.142179,0.427715,-0.0476742,0.389822,-0.108544,-0.000149738,-0.221936,0.121981,0.451158,0.0841336,0.389445,0.169134
-0.0414739,0.150862,-0.143118,0.427548,-0.0465333,0.390804,-0.106327,-0.00228968,-0.223276,0.121372,0.454089,0.0848223,0.38858,0.170482
-0.0411288,0.148329,-0.144087,0.426499,-0.0454018,0.391789,-0.104211,-0.00390208,-0.224971,0.12068,0.45666,0.0856223,0.387529,0.172091
-0.0430635,0.145822,-0.144765,0.427985,-0.0444967,0.392489,-0.102303,-0.00543264,-0.226761,0.119966,0.459212,0.0864534,0.386414,0.173777
-0.0444038,0.143877,-0.145306,0.428982,-0.0437832,0.393032,-0.100811,-0.00603753,-0.227969,0.119516,0.460494,0.0869861,0.385676,0.174878
-0.0427067,0.142556,-0.146001,0.426787,-0.0430493,0.393705,-0.099589,-0.00447945,-0.228207,0.119537,0.458969,0.0869922,0.385636,0.174942
-0.041013,0.141883,-0.146463,0.424765,-0.0425943,0.394137,-0.0989021,-0.00169702,-0.227459,0.119974,0.455628,0.0865187,0.386238,0.17404
-0.0359489,0.142267,-0.146975,0.4193,-0.042268,0.394571,-0.0988164,-0.00145845,-0.226465,0.120335,0.454861,0.0860911,0.386822,0.173161
-0.0318433,0.14408,-0.146834,0.415284,-0.0426597,0.394337,-0.0999792,-0.00291362,-0.225037,0.120735,0.455647,0.085585,0.387569,0.172065
-0.0295456,0.146824,-0.146104,0.413482,-0.0436429,0.393563,-0.102046,-0.00633692,-0.223488,0.121042,0.458459,0.085149,0.388265,0.171045
-0.0285723,0.150014,-0.145031,0.413249,-0.0449568,0.392478,-0.104585,-0.0109527,-0.221302,0.121482,0.462245,0.0845258,0.389213,0.169587
-0.0289933,0.153206,-0.14378,0.414555,-0.0464078,0.391236,-0.107239,-0.0138913,-0.218296,0.122304,0.463886,0.0834717,0.390678,0.167271
-0.0313305,0.156914,-0.142104,0.418108,-0.0482658,0.38959,-0.110477,-0.0156769,-0.214861,0.123341,0.464116,0.0821783,0.39243,0.164482
-0.033817,0.16072,-0.140388,0.421925,-0.0501709,0.387832,-0.113818,-0.0135582,-0.210843,0.124851,0.45991,0.0804046,0.394765,0.16084
-0.0329818,0.164325,-0.139147,0.422124,-0.0516779,0.386442,-0.11673,-0.0108031,-0.206393,0.126572,0.454906,0.078402,0.397304,0.156786
-0.0293575,0.169617,-0.137592,0.419831,-0.053683,0.384624,-0.120814,-0.0100917,-0.201684,0.128241,0.45206,0.0764162,0.399756,0.152713
-0.0235634,0.176134,-0.135793,0.415714,-0.0560583,0.382378,-0.125739,-0.0107877,-0.196241,0.130051,0.450461,0.0742223,0.402431,0.148155
-0.0199786,0.18308,-0.133552,0.414337,-0.0588448,0.37956,-0.131213,-0.0115268,-0.19053,0.131947,0.448907,0.0719237,0.405143,0.14339
-0.016934,0.190405,-0.131083,0.413847,-0.061868,0.376384,-0.137061,-0.014664,-0.184525,0.133723,0.449896,0.0696862,0.40774,0.138602
-0.0133653,0.198255,-0.128439,0.413196,-0.0651067,0.372839,-0.143324,-0.0156071,-0.178562,0.135671,0.448701,0.0673128,0.410359,0.133671
-0.0110271,0.205503,-0.125882,0.413836,-0.0681927,0.369312,-0.14921,-0.0146566,-0.172636,0.137792,0.445616,0.064808,0.413007,0.128623
-0.00883264,0.212135,-0.12353,0.414521,-0.0710273,0.365963,-0.154612,-0.0114892,-0.166644,0.140179,0.44028,0.0620863,0.41574,0.123351
-0.00552885,0.217637,-0.121684,0.413645,-0.0732881,0.363177,-0.158983,-0.00805894,-0.161665,0.142278,0.435154,0.0597384,0.41794,0.118925
-0.00401856,0.222418,-0.119957,0.414411,-0.0753589,0.360603,-0.162909,-0.00286894,-0.157859,0.144199,0.428632,0.0577027,0.419704,0.115343
-0.00325535,0.226537,-0.118425,0.4157,-0.0771842,0.358308,-0.16635,0.00233677,-0.154535,0.145986,0.422337,0.0558427,0.421196,0.112172
-0.00293683,0.228921,-0.117527,0.416616,-0.0782516,0.356942,-0.168358,0.00510576,-0.152469,0.147062,0.418976,0.0547163,0.422043,0.110248
-0.00330303,0.230181,-0.117014,0.417669,-0.0788517,0.356192,-0.169469,0.00741169,-0.151269,0.147779,0.416316,0.0539922,0.422561,0.109077
-0.00376739,0.230409,-0.116891,0.418282,-0.0789889,0.356037,-0.169708,0.00834083,-0.150571,0.14815,0.415194,0.0536074,0.422847,0.108431
-0.00308508,0.229933,-0.117115,0.417311,-0.0787355,0.356359,-0.16924,0.00815577,-0.150351,0.14821,0.415324,0.0535304,0.422929,0.108268
-0.00090934,0.228816,-0.117685,0.41443,-0.0780985,0.357134,-0.168092,0.00844524,-0.149394,0.148594,0.41478,0.0530964,0.423297,0.10746
0.00107734,0.227337,-0.118386,0.411581,-0.0773044,0.358088,-0.166654,0.00704944,-0.148689,0.148675,0.416015,0.0529303,0.423521,0.106997
0.00321467,0.225293,-0.119322,0.408302,-0.0762392,0.359357,-0.164724,0.00852832,-0.147925,0.14914,0.414318,0.0524645,0.423847,0.106252
0.00529789,0.223036,-0.120344,0.405001,-0.0750739,0.360719,-0.162623,0.0107168,-0.147467,0.149587,0.411986,0.0520585,0.424075,0.105701
0.00347049,0.221694,-0.120733,0.406244,-0.0745806,0.361388,-0.161646,0.0148337,-0.147234,0.150201,0.407775,0.0515598,0.424256,0.10518
0.000964873,0.220947,-0.120838,0.408488,-0.074407,0.361696,-0.161233,0.0193859,-0.147469,0.150706,0.403286,0.0512151,0.424234,0.105008
-0.00133869,0.220464,-0.120853,0.410663,-0.0743418,0.361853,-0.161026,0.0226917,-0.147787,0.151021,0.400095,0.051026,0.424134,0.105003
-0.00373549,0.220004,-0.120852,0.412956,-0.074293,0.361985,-0.160847,0.0251691,-0.148658,0.151023,0.397869,0.0511566,0.423822,0.105517
-0.00249258,0.219091,-0.121293,0.411205,-0.0737982,0.362557,-0.159964,0.0275798,-0.149715,0.150946,0.395765,0.0513755,0.423433,0.106188
-0.000365272,0.218175,-0.121805,0.408526,-0.0732407,0.363176,-0.159,0.028021,-0.151233,0.15044,0.395718,0.0519886,0.422877,0.107392
-1.23385e-05,0.217573,-0.122064,0.407873,-0.0729441,0.363519,-0.158461,0.0272418,-0.15337,0.149546,0.397032,0.0529902,0.422096,0.109202
-0.000246222,0.215999,-0.122655,0.407362,-0.072243,0.36437,-0.15715,0.0249365,-0.156478,0.148101,0.400121,0.0545573,0.420942,0.111931
-0.00168373,0.213458,-0.123528,0.407663,-0.0711832,0.365674,-0.155126,0.0229343,-0.159195,0.14685,0.402866,0.0559191,0.419886,0.114324
-0.00543367,0.210579,-0.124343,0.410263,-0.0701341,0.367012,-0.153022,0.0221767,-0.16236,0.145594,0.404533,0.057352,0.418638,0.116987
-0.0110413,0.206729,-0.125369,0.414437,-0.0687838,0.368699,-0.150262,0.022075,-0.16633,0.144124,0.405821,0.059068,0.417046,0.120262
-0.0166631,0.202328,-0.126579,0.418499,-0.0672045,0.370557,-0.147043,0.0230195,-0.171433,0.142359,0.406479,0.061177,0.414947,0.124394
-0.023636,0.197565,-0.127779,0.423971,-0.0655832,0.372385,-0.143641,0.0241656,-0.176974,0.140452,0.407181,0.063461,0.412579,0.128882
-0.0315148,0.192306,-0.129046,0.430381,-0.0638367,0.374222,-0.139905,0.0252484,-0.182796,0.138428,0.408153,0.0658771,0.409998,0.133621
-0.0383483,0.186553,-0.130542,0.435644,-0.061828,0.376215,-0.135665,0.0266186,-0.188769,0.136371,0.409014,0.0683403,0.407251,0.138476
-0.0420723,0.180734,-0.13231,0.437609,-0.0595835,0.378435,-0.131106,0.0271488,-0.195233,0.134044,0.411019,0.0710897,0.404176,0.143827
-0.0429168,0.174952,-0.134323,0.43649,-0.0571455,0.380894,-0.12634,0.0268112,-0.201712,0.131629,0.414047,0.0739153,0.40097,0.149286
-0.0401153,0.169919,-0.136437,0.431684,-0.054736,0.383381,-0.121904,0.0261834,-0.207281,0.129531,0.417126,0.0763656,0.398103,0.15403
-0.0364976,0.166401,-0.138109,0.426584,-0.0529004,0.385235,-0.118679,0.0250127,-0.211493,0.127893,0.420232,0.0782653,0.395869,0.157693
-0.0329375,0.163858,-0.139438,0.421908,-0.0514812,0.386639,-0.116276,0.0239804,-0.215175,0.126469,0.423,0.0799215,0.393887,0.160906
-0.02784,0.161912,-0.140735,0.415777,-0.0501774,0.387927,-0.114249,0.0217126,-0.217839,0.125327,0.426566,0.0812203,0.392416,0.163371
-0.0248275,0.160149,-0.141742,0.412025,-0.0491282,0.388884,-0.112549,0.0187392,-0.219906,0.124357,0.430583,0.0823034,0.391241,0.165397
-0.0226382,0.158337,-0.142681,0.409156,-0.0481265,0.389783,-0.11088,0.0152577,-0.221555,0.123511,0.434942,0.0832338,0.390263,0.167116
-0.0209759,0.155956,-0.143779,0.406704,-0.0469152,0.390849,-0.108787,0.0110361,-0.222805,0.122765,0.439892,0.0840351,0.389459,0.168566
-0.021092,0.153353,-0.144752,0.406116,-0.0457674,0.391836,-0.10666,0.00679889,-0.223782,0.122124,0.444764,0.084714,0.388767,0.169789
-0.0217487,0.150647,-0.145698,0.406096,-0.0446255,0.392806,-0.104495,0.00138491,-0.225104,0.12129,0.451068,0.085604,0.387801,0.171417
-0.022215,0.147923,-0.146672,0.405892,-0.0434586,0.393778,-0.1023,-0.000776088,-0.225954,0.120853,0.453802,0.0860875,0.387184,0.172351
-0.0204146,0.145697,-0.147745,0.40342,-0.0422947,0.394732,-0.100336,-0.00165937,-0.227207,0.120364,0.455387,0.08666,0.386418,0.173515
-0.0169127,0.143928,-0.148871,0.399276,-0.0411621,0.395633,-0.0986136,-0.000441543,-0.227985,0.120178,0.454515,0.0869087,0.386036,0.174076
-0.0117312,0.143048,-0.14989,0.393612,-0.0402518,0.3963,-0.0974867,-0.000580303,-0.22835,0.120046,0.454854,0.0870672,0.385821,0.174405
-0.00665436,0.142962,-0.150599,0.388303,-0.0397015,0.396623,-0.097017,-0.000488067,-0.228291,0.120075,0.454724,0.0870363,0.385865,0.174347
-0.00272589,0.143776,-0.150808,0.384436,-0.0396717,0.396527,-0.0973696,-0.00189504,-0.227779,0.120163,0.455931,0.0869063,0.386095,0.174035
-0.00230458,0.145459,-0.150203,0.384407,-0.040396,0.395941,-0.0987052,-0.00486191,-0.226719,0.120338,0.458498,0.0866422,0.386551,0.173395
-0.00213785,0.147383,-0.14947,0.384698,-0.0412562,0.395258,-0.100256,-0.00943023,-0.225314,0.120523,0.462607,0.0863324,0.387086,0.172606
-0.0039815,0.149719,-0.14831,0.387177,-0.0425062,0.394322,-0.102304,-0.0123801,-0.222877,0.12116,0.464506,0.0855066,0.388267,0.170777
-0.0074597,0.153172,-0.146509,0.391666,-0.0444207,0.392864,-0.105396,-0.0142655,-0.219383,0.122217,0.464752,0.0841902,0.390099,0.167939
-0.00966362,0.156971,-0.144755,0.395008,-0.046355,0.39127,-0.108679,-0.0128921,-0.214596,0.123931,0.460904,0.0821503,0.39285,0.163692
-0.0108965,0.161051,-0.143025,0.397468,-0.048315,0.389584,-0.112122,-0.0110662,-0.209848,0.125677,0.456703,0.0800883,0.395518,0.159456
-0.0104666,0.166274,-0.141061,0.398574,-0.0506313,0.387502,-0.116377,-0.0110221,-0.204895,0.127373,0.454398,0.0780496,0.3981,0.155224
-0.00818225,0.172593,-0.138886,0.39817,-0.0532772,0.385002,-0.121394,-0.0125319,-0.199628,0.129053,0.453689,0.0759872,0.400673,0.150879
-0.00474661,0.179568,-0.136566,0.396927,-0.0561336,0.382161,-0.126871,-0.0148537,-0.193966,0.130792,0.453774,0.0738263,0.403304,0.146283
-0.00135559,0.186883,-0.13408,0.396037,-0.0591714,0.379008,-0.132648,-0.0170973,-0.187459,0.13281,0.45355,0.0713243,0.40625,0.140978
0.00119906,0.194524,-0.131352,0.396335,-0.0624507,0.375501,-0.138783,-0.018921,-0.181456,0.134681,0.453234,0.069009,0.408854,0.136079
0.00185001,0.201503,-0.128682,0.398551,-0.0655955,0.372062,-0.144552,-0.0192012,-0.175586,0.136644,0.451423,0.0666367,0.411431,0.131172
0.0030751,0.208448,-0.126076,0.400306,-0.068685,0.368552,-0.150267,-0.0171685,-0.17025,0.138664,0.447433,0.0642961,0.413869,0.126528
0.00323929,0.215033,-0.123515,0.403166,-0.0716937,0.365056,-0.155795,-0.0132698,-0.165804,0.140597,0.441858,0.0621516,0.415987,0.122487
0.00484003,0.220409,-0.121544,0.404108,-0.0740482,0.362161,-0.160204,-0.00968885,-0.161749,0.14239,0.436843,0.0601753,0.417842,0.118814
0.00524043,0.224711,-0.119893,0.405845,-0.0759981,0.359758,-0.163819,-0.00349402,-0.158106,0.144362,0.429283,0.058123,0.419633,0.115279
0.00416684,0.228487,-0.118343,0.408894,-0.0778038,0.35756,-0.167127,0.000273491,-0.155608,0.145688,0.42472,0.0567392,0.420729,0.112908
0.00133502,0.230938,-0.117196,0.413139,-0.0791084,0.35601,-0.169472,0.00247477,-0.153831,0.146585,0.421983,0.0557909,0.421482,0.111264
-0.00038741,0.231988,-0.116676,0.415516,-0.0796958,0.355305,-0.170526,0.00409946,-0.152735,0.147177,0.420027,0.0551781,0.421954,0.110232
-0.00166733,0.232123,-0.11654,0.416936,-0.0798376,0.355164,-0.170759,0.00439513,-0.152009,0.147476,0.419533,0.0548436,0.422239,0.109612
-0.000426969,0.231737,-0.116769,0.415425,-0.0795885,0.355464,-0.170319,0.00487171,-0.150632,0.148029,0.41868,0.0542182,0.422774,0.108443
0.000879594,0.230647,-0.117274,0.413475,-0.0790139,0.356175,-0.169272,0.0040926,-0.149704,0.148266,0.419235,0.0539001,0.423092,0.107746
0.00202944,0.22885,-0.118045,0.411328,-0.0781247,0.357279,-0.167636,0.00462516,-0.148866,0.148635,0.418474,0.0534956,0.423423,0.107015
0.00262266,0.226675,-0.118928,0.409584,-0.0770946,0.35856,-0.165729,0.00757755,-0.148255,0.149228,0.415304,0.0529556,0.42375,0.106275
0.00313321,0.224148,-0.119944,0.407767,-0.0759069,0.360022,-0.163533,0.0111503,-0.1476,0.149921,0.411519,0.052334,0.424087,0.10545
0.00141868,0.222242,-0.120562,0.408608,-0.0751473,0.361015,-0.162067,0.0154262,-0.147288,0.150585,0.40714,0.0517858,0.424289,0.10485
-0.00253123,0.22112,-0.120709,0.412184,-0.0748961,0.361455,-0.161463,0.0190974,-0.147306,0.151055,0.403485,0.0514338,0.424325,0.10457
-0.00591562,0.219865,-0.120944,0.415137,-0.0745493,0.361963,-0.160697,0.022631,-0.147909,0.151295,0.40013,0.0513442,0.424132,0.104779
-0.00776343,0.218571,-0.121304,0.416468,-0.0740864,0.362562,-0.159763,0.0245182,-0.148788,0.151218,0.39849,0.0515358,0.423815,0.105346
-0.00801024,0.217141,-0.121831,0.41604,-0.073458,0.363331,-0.158572,0.0262468,-0.150253,0.150902,0.397154,0.0519975,0.423284,0.106405
-0.00709565,0.215704,-0.12245,0.414381,-0.0727481,0.364174,-0.157273,0.025967,-0.152668,0.14997,0.398045,0.0530688,0.422402,0.108402
-0.00824593,0.214577,-0.122793,0.415067,-0.0723172,0.364713,-0.156421,0.0236817,-0.155658,0.148573,0.401083,0.0545815,0.421291,0.111034
-0.00813259,0.213237,-0.123314,0.414317,-0.0717049,0.365443,-0.155277,0.0206362,-0.158933,0.146987,0.405005,0.0562817,0.420026,0.113968
-0.010688,0.210899,-0.124008,0.415936,-0.0708253,0.366533,-0.153524,0.0180144,-0.162541,0.145348,0.408667,0.0580744,0.41858,0.11715
-0.0155574,0.20762,-0.124868,0.419621,-0.069688,0.367931,-0.151179,0.016482,-0.166535,0.143712,0.411414,0.0599218,0.416944,0.120569
-0.0216363,0.203339,-0.125988,0.424244,-0.0682005,0.369671,-0.148098,0.017659,-0.171303,0.142116,0.41174,0.0618513,0.414987,0.124412
-0.0297083,0.198527,-0.127108,0.430928,-0.0666422,0.37138,-0.144748,0.0206159,-0.177131,0.140324,0.410705,0.0640838,0.412539,0.128992
-0.0375654,0.19351,-0.128278,0.437491,-0.0650091,0.373018,-0.14121,0.0227781,-0.183414,0.13826,0.410763,0.0665948,0.409763,0.134028
-0.0421355,0.187972,-0.129887,0.440376,-0.062936,0.375113,-0.136947,0.0232444,-0.189604,0.136041,0.412622,0.0692183,0.406901,0.139146
-0.0466439,0.181839,-0.131688,0.443064,-0.0606233,0.377407,-0.132184,0.0229977,-0.195637,0.13381,0.415262,0.0718327,0.404007,0.144211
-0.047878,0.176142,-0.133616,0.442402,-0.0582654,0.379782,-0.127513,0.0213703,-0.201634,0.13147,0.419392,0.0745353,0.401025,0.149384
-0.0470424,0.171092,-0.135516,0.439738,-0.056025,0.382068,-0.12322,0.0180396,-0.207458,0.129062,0.4253,0.0772786,0.398004,0.154584
-0.0438795,0.166722,-0.137424,0.434782,-0.0538778,0.384298,-0.11931,0.0169409,-0.212023,0.127329,0.428542,0.0793021,0.395544,0.158551
-0.037493,0.163541,-0.139278,0.426717,-0.051952,0.386351,-0.116135,0.0149423,-0.215684,0.125858,0.432314,0.0809971,0.393528,0.161842
-0.0328648,0.161563,-0.140528,0.421087,-0.0506805,0.387603,-0.114117,0.0133714,-0.21794,0.124936,0.435026,0.0820585,0.392247,0.163908
-0.0313863,0.160453,-0.141109,0.419173,-0.0500621,0.388174,-0.113081,0.0109698,-0.219434,0.124229,0.438222,0.0828482,0.391362,0.1654
-0.0302446,0.159336,-0.141656,0.417605,-0.049469,0.388732,-0.112066,0.00673922,-0.220148,0.12367,0.442931,0.0834228,0.390839,0.166394
-0.0288129,0.157845,-0.142379,0.41562,-0.0486834,0.389461,-0.11072,0.00250834,-0.220616,0.123206,0.447562,0.0838882,0.39041,0.16718
-0.0276094,0.15606,-0.14319,0.413812,-0.047786,0.390272,-0.109152,-0.00155829,-0.220664,0.122904,0.451847,0.0841641,0.390189,0.167594
-0.0260472,0.153837,-0.144211,0.411509,-0.0466589,0.391272,-0.107196,-0.00533178,-0.220928,0.122551,0.455959,0.0845087,0.389834,0.168168
-0.0229121,0.151655,-0.145416,0.407554,-0.0453981,0.392373,-0.105151,-0.00770009,-0.221719,0.122117,0.458875,0.0849813,0.389242,0.169069
-0.020647,0.149319,-0.146583,0.404533,-0.0441437,0.393422,-0.103055,-0.00905854,-0.222621,0.121718,0.460781,0.0854347,0.388647,0.169973
-0.0187819,0.147454,-0.147529,0.402084,-0.0431315,0.394246,-0.10138,-0.0113512,-0.224223,0.12102,0.464043,0.0862315,0.38759,0.171568
-0.0164949,0.145575,-0.148541,0.399198,-0.0420681,0.395097,-0.0996623,-0.0102667,-0.225126,0.120788,0.463359,0.0865348,0.387146,0.172249
-0.0127592,0.144827,-0.149315,0.395083,-0.0413627,0.395622,-0.098756,-0.00888967,-0.225633,0.120709,0.462152,0.0866598,0.386954,0.172561
-0.0106111,0.145104,-0.149492,0.392909,-0.0412725,0.39565,-0.0988124,-0.00720342,-0.22525,0.120953,0.460155,0.0864014,0.387289,0.172074
-0.00594097,0.146373,-0.149616,0.388333,-0.0413775,0.395478,-0.0994763,-0.00894152,-0.224553,0.121078,0.461642,0.0862172,0.38758,0.171635
-0.00513787,0.148391,-0.148934,0.388008,-0.0422125,0.394777,-0.101056,-0.011529,-0.223406,0.121299,0.463809,0.0859005,0.388063,0.170886
-0.0046029,0.151068,-0.147958,0.388125,-0.0433756,0.393821,-0.103196,-0.015262,-0.221603,0.121662,0.466884,0.0853857,0.388818,0.169678
-0.00477855,0.154298,-0.146673,0.389149,-0.0448611,0.392601,-0.105845,-0.0180836,-0.218769,0.122426,0.468497,0.0844007,0.390182,0.167498
-0.00741277,0.15803,-0.144884,0.392901,-0.0468127,0.391031,-0.109107,-0.0201151,-0.215608,0.123346,0.469135,0.0832406,0.391756,0.164965
-0.00865196,0.161978,-0.143199,0.395338,-0.0487187,0.389389,-0.112442,-0.0199124,-0.211082,0.124875,0.466724,0.0813925,0.394233,0.161054
-0.00899783,0.166112,-0.141557,0.396946,-0.0506207,0.387688,-0.115865,-0.0206416,-0.206796,0.126258,0.465528,0.0796998,0.396425,0.157449
-0.00869196,0.171433,-0.139534,0.398292,-0.0529994,0.385494,-0.120219,-0.0219286,-0.201863,0.127812,0.464697,0.0777837,0.398861,0.153351
-0.00779667,0.177849,-0.137152,0.399487,-0.0558234,0.38278,-0.125441,-0.0244471,-0.196724,0.129328,0.465205,0.0758733,0.401215,0.149201
-0.00614374,0.184588,-0.134722,0.400154,-0.058734,0.379842,-0.130885,-0.0266614,-0.191208,0.130982,0.465322,0.0738,0.403698,0.144713
-0.00367341,0.191467,-0.132309,0.400172,-0.0616515,0.376759,-0.136394,-0.0285074,-0.185088,0.132856,0.464906,0.0714662,0.40641,0.139692
-0.00108277,0.198776,-0.129721,0.400398,-0.0647714,0.373344,-0.14227,-0.0278582,-0.178989,0.134943,0.461913,0.0689621,0.409239,0.134484
0.00158359,0.205868,-0.127202,0.400651,-0.0678045,0.369879,-0.147981,-0.0258959,-0.173497,0.136968,0.457845,0.0665938,0.411816,0.129691
0.00403,0.211986,-0.125025,0.400875,-0.0704252,0.366767,-0.152913,-0.022127,-0.168877,0.138904,0.452229,0.0644201,0.414098,0.125493
0.00527914,0.217614,-0.122925,0.402229,-0.0729206,0.36378,-0.157552,-0.0200462,-0.164795,0.140508,0.448709,0.0625862,0.41593,0.121908
0.00524041,0.222556,-0.120988,0.404689,-0.0751957,0.361038,-0.16174,-0.0156809,-0.160746,0.142367,0.442801,0.060561,0.417899,0.118166
0.00283203,0.226263,-0.119364,0.409071,-0.0770597,0.358835,-0.165103,-0.0126433,-0.157563,0.143808,0.438677,0.0589871,0.419331,0.115271
9.64026e-05,0.228331,-0.118368,0.413013,-0.0781839,0.357511,-0.16711,-0.00921605,-0.154946,0.145115,0.434337,0.0576009,0.420549,0.11282
-0.00102483,0.228897,-0.118073,0.414498,-0.0785144,0.357121,-0.167697,-0.00528718,-0.153091,0.146232,0.429729,0.0564735,0.421469,0.110964
-0.00252979,0.228816,-0.118002,0.416037,-0.0785737,0.357097,-0.167764,-0.00442833,-0.151785,0.146798,0.428503,0.0558494,0.421989,0.109818
-0.00358333,0.228152,-0.118186,0.416802,-0.0783395,0.357429,-0.167292,-0.00380291,-0.150743,0.147243,0.427578,0.0553564,0.422411,0.10891
-0.00246411,0.2271,-0.118665,0.415075,-0.0777937,0.358104,-0.166295,-0.00143082,-0.149446,0.147995,0.424778,0.0545924,0.423011,0.107648
-0.000803543,0.225655,-0.119335,0.412586,-0.0770335,0.359024,-0.164916,-0.000550265,-0.148187,0.148553,0.423552,0.0539819,0.423508,0.106543
0.000366575,0.22388,-0.120102,0.410462,-0.0761516,0.36009,-0.163302,0.00265465,-0.146757,0.149466,0.41989,0.053077,0.424167,0.105107
0.00124766,0.223038,-0.120491,0.409124,-0.0757111,0.360606,-0.16251,0.00678159,-0.145512,0.150439,0.415369,0.052155,0.424759,0.103751
-0.00104976,0.223064,-0.120315,0.411539,-0.0758748,0.360487,-0.162736,0.0121257,-0.144692,0.151427,0.409759,0.0512866,0.425196,0.102648
-0.00381162,0.22317,-0.120075,0.414494,-0.0761043,0.360287,-0.163072,0.016385,-0.144487,0.152062,0.405452,0.0507784,0.425333,0.102139
-0.00626874,0.223293,-0.119852,0.417152,-0.0763201,0.360078,-0.163396,0.0195815,-0.144812,0.152368,0.402352,0.0505985,0.425249,0.102148
-0.00498836,0.222864,-0.120108,0.415586,-0.076044,0.360396,-0.162918,0.0221522,-0.14576,0.152362,0.400031,0.0507476,0.424932,0.102715
-0.00188103,0.222196,-0.120587,0.411971,-0.0755403,0.360954,-0.162075,0.024948,-0.14734,0.15215,0.39765,0.0511487,0.424379,0.103781
0.00191914,0.221181,-0.121256,0.407484,-0.0748293,0.361714,-0.160878,0.0249416,-0.149884,0.151208,0.398284,0.0522463,0.423465,0.105859
0.00354827,0.220166,-0.121771,0.4053,-0.0742568,0.362339,-0.159875,0.0254209,-0.1529,0.150155,0.398582,0.0535002,0.422359,0.108286
0.00367903,0.218998,-0.122237,0.404598,-0.0737128,0.362988,-0.158875,0.0245111,-0.156052,0.148873,0.400316,0.0549488,0.421178,0.11094
-0.000163551,0.217172,-0.122657,0.407713,-0.073137,0.363829,-0.157666,0.0248035,-0.159366,0.147686,0.400948,0.0563498,0.419903,0.113635
-0.0047372,0.21473,-0.123252,0.411346,-0.0723352,0.364921,-0.156002,0.0242663,-0.163229,0.146194,0.402589,0.0580667,0.418388,0.116852
-0.0115894,0.210925,-0.124181,0.4168,-0.0710799,0.366557,-0.153385,0.0237736,-0.167838,0.144436,0.404467,0.060099,0.416526,0.120686
-0.0175285,0.206284,-0.125471,0.421051,-0.069406,0.368549,-0.149986,0.0237463,-0.173092,0.142498,0.406169,0.0623648,0.414334,0.125025
-0.0237073,0.20152,-0.126754,0.42563,-0.0677175,0.370469,-0.146509,0.0244401,-0.178733,0.140502,0.407383,0.0647333,0.411896,0.129637
-0.0304119,0.196473,-0.128063,0.430791,-0.0659669,0.372361,-0.142844,0.0248278,-0.184582,0.138393,0.409087,0.0672209,0.409276,0.134461
-0.0335928,0.191349,-0.129673,0.432217,-0.0639505,0.374497,-0.13881,0.025791,-0.190967,0.136145,0.410536,0.0698934,0.406316,0.139699
-0.0354139,0.186119,-0.131427,0.432181,-0.0617988,0.376766,-0.134575,0.0266706,-0.197539,0.133817,0.412289,0.0726579,0.403146,0.14512
-0.0341806,0.180463,-0.133621,0.42871,-0.0592299,0.37949,-0.12973,0.0258646,-0.203837,0.13143,0.415758,0.0754382,0.39999,0.150479
-0.0293816,0.175279,-0.136014,0.421624,-0.0565704,0.382275,-0.124995,0.024741,-0.20927,0.129345,0.419309,0.0778619,0.397163,0.15516
-0.0250145,0.171784,-0.137775,0.415752,-0.0546625,0.384146,-0.121726,0.0240849,-0.213693,0.127681,0.422026,0.0798101,0.394797,0.158964
-0.0220699,0.168982,-0.139148,0.411693,-0.0531668,0.385563,-0.119161,0.0209594,-0.217515,0.126045,0.426988,0.0816681,0.392705,0.162488
-0.0184869,0.166495,-0.140487,0.407075,-0.0517456,0.386883,-0.116809,0.0185688,-0.2199,0.125006,0.430593,0.0828471,0.391342,0.164736
-0.0164558,0.16417,-0.141603,0.404211,-0.0505249,0.387977,-0.114726,0.0157612,-0.221313,0.124294,0.434151,0.083633,0.390506,0.166197
-0.0164972,0.161408,-0.142655,0.403431,-0.0492912,0.389088,-0.112457,0.011805,-0.222348,0.123642,0.438711,0.0843278,0.38984,0.16744
-0.0168908,0.158423,-0.14375,0.402981,-0.0479899,0.390245,-0.110036,0.00627679,-0.222919,0.12305,0.444691,0.0849206,0.389352,0.168433
-0.0172176,0.15507,-0.144994,0.402386,-0.0465189,0.391527,-0.10731,0.00320336,-0.222544,0.12297,0.447718,0.0849548,0.389422,0.168395
-0.0161854,0.151703,-0.146408,0.400387,-0.0449142,0.392881,-0.104468,-4.47405e-05,-0.22218,0.122874,0.450928,0.0850054,0.389482,0.168382
-0.0145444,0.148694,-0.147768,0.397882,-0.043407,0.394109,-0.101874,-0.00334562,-0.222527,0.122527,0.454573,0.0853543,0.389119,0.168985
-0.0140949,0.146454,-0.148688,0.396862,-0.0423575,0.394948,-0.10001,-0.00426382,-0.223301,0.122199,0.455944,0.0857306,0.388626,0.169739
-0.0127987,0.144965,-0.149431,0.395141,-0.0415601,0.395569,-0.098693,-0.00537756,-0.224605,0.121678,0.457787,0.0863368,0.387827,0.170965
-0.00866043,0.143945,-0.150369,0.390558,-0.0406875,0.396199,-0.0975331,-0.00448697,-0.225807,0.121327,0.457467,0.0867781,0.387195,0.171921
-0.0064745,0.143384,-0.150879,0.388167,-0.040213,0.396509,-0.0969046,-0.00335272,-0.226051,0.121321,0.456396,0.0868103,0.387124,0.172029
-0.00294359,0.143558,-0.151285,0.384547,-0.0399335,0.396635,-0.0967673,-0.00523105,-0.226061,0.121195,0.458384,0.0869268,0.387015,0.172213
0.000333353,0.144734,-0.151265,0.381449,-0.0401344,0.396367,-0.0974632,-0.00778557,-0.225397,0.121256,0.460746,0.086805,0.387245,0.171878
0.00151065,0.146669,-0.150659,0.380704,-0.040899,0.395722,-0.0989423,-0.0121847,-0.224587,0.121243,0.465011,0.0867346,0.387422,0.17159
0.000500472,0.14956,-0.149383,0.382442,-0.0423248,0.394636,-0.101373,-0.0166844,-0.222511,0.121649,0.468776,0.0861533,0.388267,0.170219
-0.00262979,0.153168,-0.147553,0.386578,-0.0442866,0.393165,-0.104561,-0.0211239,-0.219146,0.122483,0.47187,0.0850505,0.389795,0.167731
-0.00534587,0.157258,-0.145606,0.390499,-0.0464146,0.39146,-0.108119,-0.0240055,-0.214882,0.123706,0.4729,0.083501,0.391886,0.164325
-0.00766179,0.161632,-0.143617,0.394161,-0.0486212,0.389605,-0.111888,-0.0238862,-0.210106,0.1253,0.470482,0.0815673,0.394468,0.160205
-0.00847341,0.166612,-0.141589,0.396508,-0.0509513,0.387534,-0.116043,-0.0251515,-0.205405,0.126769,0.469696,0.0797511,0.396812,0.156291
-0.00811294,0.172664,-0.139288,0.398045,-0.0536565,0.385022,-0.120996,-0.0265033,-0.19954,0.128612,0.468551,0.0774762,0.399691,0.151401
-0.00476747,0.179229,-0.137119,0.396757,-0.0563335,0.382356,-0.126141,-0.0275054,-0.193625,0.130494,0.467141,0.0751619,0.40251,0.146454
-0.000754402,0.186846,-0.134584,0.3953,-0.0594529,0.379122,-0.132114,-0.0279092,-0.18811,0.132291,0.465362,0.07297,0.405096,0.141809
0.00342355,0.194672,-0.131947,0.393985,-0.0626833,0.375598,-0.138266,-0.0284525,-0.182957,0.133955,0.463974,0.0709352,0.407423,0.137498
0.00479999,0.202218,-0.129113,0.395683,-0.0660385,0.371906,-0.144444,-0.0278362,-0.177986,0.135667,0.461472,0.0688867,0.409715,0.13325
0.00599048,0.208994,-0.126558,0.39743,-0.0690633,0.368451,-0.15002,-0.0273031,-0.172917,0.137411,0.459109,0.0668009,0.411975,0.12894
0.00663013,0.215104,-0.124212,0.399586,-0.0718291,0.365219,-0.155106,-0.0249255,-0.167652,0.139417,0.454767,0.0644829,0.414421,0.124319
0.00709337,0.21991,-0.122362,0.401427,-0.0740102,0.362595,-0.159127,-0.0236084,-0.163082,0.141097,0.451918,0.0625208,0.416384,0.120389
0.00691573,0.22386,-0.1208,0.40357,-0.0758426,0.360381,-0.162492,-0.0195505,-0.158632,0.143051,0.446214,0.0603654,0.418494,0.116337
0.00631335,0.226839,-0.11959,0.405711,-0.0772547,0.358667,-0.165078,-0.0133486,-0.155458,0.144848,0.438721,0.0585202,0.42017,0.113182
0.00443845,0.228797,-0.118694,0.40867,-0.0782776,0.357471,-0.166914,-0.00671674,-0.153353,0.146364,0.431192,0.0570509,0.421363,0.11089
0.00266716,0.229546,-0.118281,0.410913,-0.0787355,0.356963,-0.167713,-0.00353295,-0.152241,0.147143,0.427622,0.0562928,0.42191,0.109713
-0.000646321,0.229735,-0.117983,0.414473,-0.0790318,0.356709,-0.168171,-0.00103689,-0.151367,0.147759,0.424812,0.0556943,0.422353,0.108789
-0.000945651,0.229392,-0.118095,0.414617,-0.0788958,0.356891,-0.167907,0.00114846,-0.150169,0.148457,0.422247,0.0549864,0.422893,0.107625
0.00178435,0.228059,-0.118792,0.411052,-0.0781206,0.35781,-0.166526,0.00198436,-0.148495,0.149159,0.42096,0.0542039,0.42354,0.106181
0.00292948,0.226519,-0.119468,0.409071,-0.0773455,0.358743,-0.165113,0.00243544,-0.146931,0.149775,0.420104,0.0535031,0.424125,0.104861
0.00285601,0.224908,-0.120088,0.40833,-0.0766144,0.359658,-0.163749,0.003623,-0.145578,0.150411,0.418555,0.0528192,0.424657,0.103654
0.00304929,0.22367,-0.120583,0.407507,-0.0760364,0.360369,-0.162681,0.00723384,-0.144495,0.151266,0.414605,0.0520119,0.425171,0.102473
0.00267759,0.222886,-0.120861,0.407504,-0.075703,0.360796,-0.162049,0.0118936,-0.143751,0.152143,0.409712,0.051239,0.425559,0.101487
0.000548741,0.222701,-0.120778,0.409631,-0.0757601,0.360809,-0.162082,0.0179311,-0.143799,0.152924,0.403668,0.0506601,0.425652,0.10104
-0.00193997,0.222345,-0.120735,0.412061,-0.0757621,0.36089,-0.162,0.0240531,-0.144737,0.153396,0.397823,0.0504485,0.425362,0.101312
-0.00233691,0.22183,-0.120905,0.412227,-0.0755545,0.361156,-0.161599,0.0308606,-0.146229,0.153752,0.3915,0.0504079,0.424809,0.10198
-0.00157748,0.221192,-0.121206,0.411112,-0.0752152,0.361556,-0.16099,0.0341614,-0.147895,0.15357,0.388723,0.0507985,0.424143,0.103071
-0.000763193,0.22037,-0.121583,0.409853,-0.0747879,0.362058,-0.160221,0.0340646,-0.150405,0.152613,0.389435,0.0519029,0.423238,0.105124
-0.000708484,0.219433,-0.12195,0.409338,-0.0743579,0.362581,-0.159422,0.0323702,-0.153561,0.151206,0.391877,0.0534479,0.422111,0.107837
-0.00216395,0.218426,-0.12223,0.410374,-0.073997,0.363064,-0.158697,0.0308029,-0.156621,0.14986,0.394221,0.0549322,0.420975,0.110466
-0.00547136,0.217182,-0.12246,0.41325,-0.073655,0.363572,-0.157935,0.0286809,-0.159608,0.148481,0.397124,0.0564332,0.419846,0.113087
-0.00903929,0.215008,-0.123023,0.415985,-0.0729115,0.36454,-0.156408,0.0268125,-0.162593,0.147143,0.399821,0.0579028,0.418681,0.115692
-0.0142024,0.211708,-0.123883,0.419923,-0.0717749,0.365972,-0.15407,0.0277516,-0.166695,0.145737,0.400117,0.0595887,0.417034,0.118988
-0.0195802,0.207569,-0.125024,0.423799,-0.0702907,0.367741,-0.151043,0.0297282,-0.171629,0.144138,0.399709,0.0615441,0.414991,0.122889
-0.0271764,0.20326,-0.126021,0.430102,-0.0689058,0.369313,-0.148072,0.0327381,-0.17751,0.142291,0.398687,0.0638273,0.412459,0.127494
-0.0304574,0.19866,-0.127451,0.431742,-0.0671098,0.371277,-0.144478,0.0345506,-0.183099,0.140402,0.39888,0.0661034,0.409945,0.13197
-0.036008,0.193562,-0.128849,0.435712,-0.0652753,0.373219,-0.140668,0.0351282,-0.188773,0.13834,0.400409,0.0685304,0.407334,0.136631
-0.0372796,0.188454,-0.130602,0.435099,-0.0631406,0.3755,-0.136481,0.0343704,-0.194213,0.13623,0.403265,0.0709678,0.404764,0.141228
-0.03782,0.183544,-0.132346,0.433825,-0.0610416,0.377715,-0.132406,0.0318506,-0.199453,0.134036,0.40787,0.073453,0.402236,0.145825
-0.0350512,0.179365,-0.134144,0.429245,-0.0590012,0.379907,-0.128669,0.0298648,-0.203741,0.132267,0.411673,0.0754679,0.40008,0.149598
-0.0313401,0.175913,-0.13579,0.423971,-0.0571886,0.381809,-0.125473,0.0262287,-0.207741,0.130474,0.417038,0.0774715,0.398041,0.153283
-0.029481,0.173637,-0.136828,0.421193,-0.0560333,0.382957,-0.123424,0.0224864,-0.210657,0.129095,0.422119,0.0789983,0.396486,0.156079
-0.0260254,0.171782,-0.137887,0.416822,-0.0549235,0.384082,-0.121593,0.0196442,-0.212709,0.128122,0.425946,0.0800771,0.395357,0.158072
-0.0237077,0.169812,-0.138877,0.413684,-0.0538522,0.385117,-0.119767,0.0152511,-0.214412,0.127161,0.431194,0.0811082,0.394382,0.159911
-0.0222379,0.167567,-0.139885,0.411388,-0.0527276,0.38618,-0.117788,0.0112854,-0.21555,0.12645,0.435798,0.0818591,0.393665,0.161238
-0.0199901,0.164958,-0.141124,0.408164,-0.0513685,0.387443,-0.115448,0.0073133,-0.216571,0.125788,0.44038,0.0825545,0.392986,0.162469
-0.0175744,0.162182,-0.142456,0.40475,-0.0499122,0.388754,-0.11296,0.00444164,-0.217189,0.125359,0.443664,0.0830018,0.392534,0.163259
-0.014504,0.158983,-0.144037,0.400558,-0.0481993,0.390249,-0.110078,0.000231879,-0.218243,0.124681,0.448558,0.0837164,0.391781,0.164546
-0.0116919,0.155952,-0.145541,0.39675,-0.046574,0.391607,-0.107362,-0.00338374,-0.219161,0.124103,0.452815,0.084329,0.391082,0.165667
-0.0111913,0.153546,-0.146533,0.395589,-0.0454414,0.392544,-0.105353,-0.00564589,-0.220218,0.123581,0.455737,0.0849081,0.390361,0.166785
-0.0124331,0.151522,-0.147161,0.39636,-0.0446479,0.393228,-0.103799,-0.00913211,-0.221266,0.122979,0.459957,0.0855574,0.389565,0.16801
-0.0126106,0.149713,-0.147837,0.396081,-0.0438509,0.39389,-0.102336,-0.0110462,-0.221943,0.122619,0.462351,0.0859516,0.389047,0.168774
-0.00969951,0.148098,-0.148834,0.392616,-0.0428385,0.394674,-0.100783,-0.0102399,-0.222108,0.122622,0.461576,0.0859682,0.389011,0.168843
-0.00622912,0.147866,-0.149375,0.388945,-0.0423896,0.394954,-0.100318,-0.01057,-0.22151,0.122805,0.461624,0.0857416,0.389329,0.16836
0.000321252,0.148828,-0.149855,0.382389,-0.0421729,0.394945,-0.100579,-0.0129143,-0.220619,0.12295,0.463677,0.0855189,0.389671,0.167811
0.00446221,0.151143,-0.149485,0.378744,-0.042816,0.394239,-0.102132,-0.016186,-0.219319,0.123166,0.466535,0.0851875,0.390156,0.166998
0.00767349,0.154732,-0.148477,0.376397,-0.0441453,0.393001,-0.104795,-0.0222917,-0.217226,0.123447,0.472082,0.0847111,0.390829,0.165767
0.00861188,0.159027,-0.146883,0.376606,-0.0460343,0.391375,-0.108218,-0.0266535,-0.214041,0.124201,0.475294,0.0836928,0.392158,0.163435
0.00717608,0.163631,-0.144867,0.379378,-0.0482999,0.389507,-0.112091,-0.032599,-0.209923,0.125133,0.479847,0.0824108,0.393785,0.16045
0.00318115,0.168199,-0.142568,0.384838,-0.0507833,0.387505,-0.116155,-0.0374036,-0.205776,0.126131,0.483259,0.081063,0.395422,0.157338
-0.00195018,0.173153,-0.140018,0.39171,-0.0535265,0.385198,-0.120646,-0.0407827,-0.201487,0.127261,0.4851,0.0795826,0.397224,0.153973
-0.00440423,0.178683,-0.137585,0.396152,-0.0562645,0.382642,-0.125411,-0.0419847,-0.196877,0.128652,0.484434,0.0778418,0.399393,0.150134
-0.00410718,0.184706,-0.135277,0.398,-0.0589758,0.379934,-0.130373,-0.0441824,-0.191867,0.130083,0.484784,0.0760158,0.401578,0.146055
-0.000801441,0.191451,-0.132995,0.397086,-0.0617674,0.376965,-0.135698,-0.0435216,-0.18652,0.131857,0.481884,0.0738637,0.404206,0.141435
0.00299958,0.198031,-0.130799,0.395769,-0.0644654,0.373948,-0.14086,-0.0431155,-0.180678,0.133776,0.479183,0.0715296,0.406945,0.136434
0.00467714,0.203926,-0.128645,0.396529,-0.0670378,0.371047,-0.145645,-0.0416135,-0.175037,0.135741,0.475459,0.0691877,0.409627,0.131524
0.00702525,0.208604,-0.127017,0.396173,-0.0690101,0.368713,-0.149367,-0.0412448,-0.170238,0.137336,0.47341,0.0672585,0.411712,0.127446
0.00778751,0.213145,-0.125295,0.39745,-0.0710465,0.366348,-0.15312,-0.04014,-0.166008,0.138826,0.470793,0.0654928,0.413602,0.123791
0.00743505,0.216965,-0.123765,0.399612,-0.0728329,0.364275,-0.156372,-0.0391106,-0.162389,0.140117,0.468515,0.0639707,0.415187,0.120666
0.00567784,0.22023,-0.122346,0.403004,-0.0744596,0.362422,-0.159288,-0.0360444,-0.159436,0.141419,0.464235,0.0625376,0.416706,0.117931
0.00430808,0.222374,-0.121406,0.405492,-0.0755379,0.361169,-0.161228,-0.0347035,-0.157445,0.142227,0.462191,0.0616265,0.417615,0.116154
0.00134554,0.223544,-0.120733,0.409161,-0.0762721,0.36039,-0.162485,-0.0293938,-0.155797,0.143376,0.455906,0.0605038,0.41881,0.114328
0.000326264,0.223661,-0.120615,0.410295,-0.0763928,0.360272,-0.162677,-0.023684,-0.154909,0.144336,0.449496,0.0596392,0.419667,0.113108
-0.000977284,0.223272,-0.120672,0.411465,-0.0763013,0.360434,-0.162464,-0.0197099,-0.154479,0.14495,0.44514,0.0591069,0.420141,0.112419
-0.00147717,0.222488,-0.12094,0.411598,-0.0759775,0.360853,-0.161843,-0.015095,-0.153785,0.145735,0.440041,0.0584056,0.420754,0.111458
-0.00245142,0.221535,-0.121237,0.412147,-0.0756084,0.36134,-0.161121,-0.010703,-0.152921,0.146559,0.435178,0.0576489,0.421369,0.110377
-0.000357845,0.219917,-0.122015,0.409147,-0.0747348,0.362357,-0.159561,-0.0104667,-0.152155,0.146856,0.434741,0.0573096,0.421655,0.109726
0.000464073,0.218852,-0.12249,0.407776,-0.0741943,0.36298,-0.158587,-0.00835676,-0.151178,0.147453,0.432265,0.05671,0.422152,0.108744
-0.000892976,0.218836,-0.122394,0.409189,-0.074279,0.362926,-0.158694,-0.00775624,-0.150436,0.147787,0.431446,0.0563459,0.422459,0.108083
-0.00324294,0.219312,-0.122033,0.411882,-0.0746549,0.36255,-0.159306,-0.00500656,-0.149867,0.148327,0.428428,0.0558516,0.422826,0.107386
-0.00468457,0.219707,-0.121773,0.413597,-0.0749315,0.362251,-0.159771,-0.00133113,-0.149647,0.148863,0.424561,0.0554125,0.423091,0.106902
-0.00472982,0.220183,-0.121588,0.413878,-0.0751503,0.361988,-0.16018,0.00427713,-0.149664,0.14956,0.418791,0.0548861,0.423328,0.106454
-0.00246445,0.220461,-0.12165,0.411623,-0.0751259,0.361969,-0.160216,0.00910343,-0.150139,0.150001,0.414009,0.054623,0.423298,0.106448
-0.00054653,0.220422,-0.121808,0.409591,-0.0749809,0.362092,-0.160014,0.0157434,-0.151018,0.150526,0.407527,0.054356,0.423136,0.106625
0.000157767,0.220245,-0.121929,0.408769,-0.0748531,0.362225,-0.159802,0.0193528,-0.153015,0.150258,0.404463,0.0548584,0.422421,0.107967
-5.20837e-05,0.219716,-0.122119,0.40873,-0.0746261,0.36251,-0.159373,0.0221402,-0.155297,0.149774,0.402302,0.0555676,0.421584,0.109609
-0.00291166,0.219054,-0.122161,0.411401,-0.0745161,0.362737,-0.159064,0.0228536,-0.157719,0.148972,0.402259,0.0565408,0.420661,0.111537
-0.00643311,0.216901,-0.122726,0.414067,-0.0737743,0.363724,-0.15755,0.0225527,-0.160607,0.147871,0.403367,0.0578122,0.419545,0.113933
-0.0101285,0.21349,-0.123752,0.416359,-0.0724805,0.365344,-0.154986,0.0210965,-0.164162,0.146387,0.405845,0.0594775,0.418136,0.116978
-0.0153343,0.208979,-0.125063,0.419813,-0.070806,0.367387,-0.151629,0.0199951,-0.168582,0.144636,0.408289,0.061476,0.416334,0.120713
-0.0201228,0.204264,-0.126457,0.422857,-0.0690313,0.369447,-0.148069,0.0201425,-0.173514,0.14285,0.409727,0.0635772,0.414266,0.124778
-0.0255336,0.199237,-0.127889,0.426542,-0.0671824,0.37152,-0.144306,0.0212752,-0.179284,0.140867,0.410543,0.0659514,0.411783,0.129463
-0.0315862,0.193556,-0.129475,0.43078,-0.065115,0.37374,-0.140054,0.0227057,-0.185158,0.138871,0.411223,0.0683512,0.409151,0.134226
-0.0345041,0.187817,-0.131326,0.431729,-0.0628158,0.37615,-0.135486,0.0243003,-0.191172,0.136832,0.41191,0.0708045,0.406361,0.139105
-0.0352954,0.182053,-0.133369,0.430427,-0.0603554,0.378718,-0.130722,0.0258884,-0.197735,0.134581,0.412944,0.073503,0.403207,0.14446
-0.0341147,0.177292,-0.135236,0.427434,-0.0581791,0.380958,-0.126642,0.0260761,-0.203675,0.132419,0.415276,0.0760496,0.400225,0.149435
-0.030973,0.173175,-0.137077,0.422585,-0.0561168,0.383068,-0.122944,0.0256627,-0.208611,0.130576,0.417884,0.0782078,0.397667,0.153635
-0.0287679,0.170428,-0.138332,0.419301,-0.0547224,0.38443,-0.120479,0.0244689,-0.212362,0.129106,0.420806,0.0799089,0.395674,0.156915
-0.0260713,0.168056,-0.139511,0.415618,-0.0534436,0.385675,-0.118287,0.0224102,-0.215771,0.1277,0.424475,0.081519,0.393833,0.159991
-0.0223322,0.165664,-0.140825,0.410838,-0.0520568,0.386995,-0.115997,0.0191017,-0.218362,0.126505,0.429063,0.0828562,0.392381,0.162494
-0.0206249,0.163352,-0.141893,0.408317,-0.0508763,0.388064,-0.113949,0.0161032,-0.220053,0.125672,0.432946,0.0837773,0.39139,0.164208
-0.0195957,0.160792,-0.142984,0.406458,-0.0496427,0.389173,-0.111756,0.0108167,-0.221458,0.124782,0.439037,0.0847217,0.390496,0.16589
-0.0176793,0.157727,-0.144376,0.40353,-0.0480988,0.390534,-0.109078,0.00718039,-0.222327,0.124216,0.443243,0.0853215,0.389874,0.16697
-0.0175487,0.154463,-0.145638,0.402491,-0.0466264,0.3918,-0.106388,0.00579637,-0.222448,0.124078,0.444751,0.0854592,0.389746,0.167203
-0.0177781,0.15121,-0.146853,0.401869,-0.0451935,0.393011,-0.103741,0.00206802,-0.223398,0.123484,0.4491,0.0860929,0.38907,0.168363
-0.018902,0.148122,-0.147892,0.40227,-0.0439212,0.394071,-0.101305,0.00135265,-0.22407,0.123203,0.450205,0.0864168,0.388646,0.16901
-0.0193633,0.145457,-0.14885,0.402104,-0.0427771,0.395001,-0.0991643,0.00120978,-0.225159,0.122817,0.45091,0.0868782,0.388025,0.169961
-0.0190778,0.143621,-0.149587,0.401365,-0.04193,0.395676,-0.0976425,0.000321287,-0.226492,0.122296,0.452528,0.0874869,0.387225,0.171193
-0.0163005,0.142327,-0.150446,0.398119,-0.0410758,0.396342,-0.0963659,0.000610428,-0.227465,0.12198,0.452734,0.0878731,0.386681,0.172007
-0.0144866,0.142111,-0.150771,0.396166,-0.0407963,0.396538,-0.0960459,-0.00118591,-0.227506,0.121849,0.45464,0.0879982,0.386571,0.172211
-0.00988256,0.142713,-0.151155,0.391467,-0.0406012,0.396636,-0.0961709,-0.00565303,-0.227203,0.121662,0.459184,0.0881407,0.386511,0.172368
-0.00700855,0.144396,-0.150888,0.388874,-0.041069,0.3962,-0.0973121,-0.00964783,-0.226112,0.121776,0.462865,0.0879282,0.386882,0.171803
-0.00556029,0.147274,-0.149959,0.388056,-0.0422269,0.395249,-0.0995394,-0.0151465,-0.224396,0.121999,0.467856,0.087552,0.387481,0.17084
-0.00758708,0.151032,-0.148225,0.391092,-0.0441362,0.39377,-0.102764,-0.0178136,-0.221081,0.122939,0.469045,0.0863602,0.389138,0.168227
-0.0112543,0.155275,-0.146106,0.396036,-0.0464178,0.391958,-0.106525,-0.0199665,-0.216664,0.124273,0.469163,0.0846972,0.391419,0.164619
-0.0157116,0.160686,-0.143464,0.402239,-0.049284,0.389559,-0.111321,-0.0204675,-0.211253,0.126047,0.467088,0.0825354,0.394314,0.160009
-0.0180102,0.166088,-0.141125,0.406327,-0.0519184,0.387174,-0.115955,-0.0220912,-0.205301,0.127918,0.466095,0.0802281,0.3973,0.155058
-0.0173141,0.17195,-0.138974,0.407462,-0.0544758,0.38476,-0.120736,-0.0243971,-0.198516,0.130004,0.465599,0.0776365,0.400547,0.149475
-0.0155977,0.178504,-0.136668,0.407846,-0.057259,0.382044,-0.12602,-0.0272613,-0.1922,0.13187,0.46609,0.0752861,0.403357,0.144364
-0.0133135,0.185565,-0.134216,0.407958,-0.0602321,0.379017,-0.131691,-0.0309066,-0.185676,0.133715,0.467478,0.0729242,0.406084,0.139161
-0.0103341,0.192819,-0.13174,0.407583,-0.0632514,0.375802,-0.137485,-0.0322433,-0.179564,0.13561,0.466658,0.0705742,0.408714,0.134113
-0.00756723,0.199627,-0.129391,0.407443,-0.0661062,0.372633,-0.142942,-0.0308705,-0.17386,0.137627,0.463128,0.0681831,0.411353,0.129182
-0.00590914,0.206851,-0.12676,0.408799,-0.0692518,0.369068,-0.148863,-0.0287443,-0.167827,0.139845,0.458777,0.0655898,0.414118,0.123928
-0.00446227,0.213319,-0.124391,0.410231,-0.0720801,0.36573,-0.154191,-0.0255031,-0.162455,0.141985,0.453578,0.0631546,0.416595,0.119153
-0.00320834,0.218938,-0.122327,0.411597,-0.0745445,0.362737,-0.158837,-0.022549,-0.15821,0.143743,0.449154,0.0611812,0.418502,0.115363
-0.00073968,0.223266,-0.120845,0.411152,-0.076347,0.36045,-0.162297,-0.0211572,-0.154023,0.145323,0.446482,0.0593561,0.420213,0.111767
-0.0009404,0.226518,-0.119574,0.41302,-0.0778441,0.358592,-0.165086,-0.0173284,-0.150745,0.146892,0.441512,0.0576744,0.421737,0.108729
-0.00261338,0.228972,-0.11851,0.416048,-0.0790708,0.357099,-0.167331,-0.0141418,-0.148771,0.147958,0.437643,0.0565714,0.422671,0.106833
-0.00495603,0.230431,-0.117791,0.41929,-0.0798824,0.356123,-0.168792,-0.0107599,-0.147838,0.148701,0.433852,0.0558702,0.423229,0.105783
-0.00588439,0.230765,-0.117602,0.420457,-0.0800926,0.355873,-0.169165,-0.0089084,-0.147349,0.149104,0.431798,0.0554929,0.423514,0.105229
-0.00542443,0.230539,-0.117718,0.419849,-0.0799644,0.35604,-0.168932,-0.00694894,-0.1472,0.149405,0.429716,0.0552447,0.423685,0.104946
-0.00292765,0.229898,-0.118128,0.416866,-0.0795227,0.35657,-0.168159,-0.00467827,-0.14691,0.149795,0.427281,0.0549076,0.423917,0.104521
-0.0020372,0.228896,-0.118572,0.415408,-0.0790138,0.357201,-0.167223,-0.00390454,-0.14715,0.14981,0.426542,0.0549329,0.423872,0.104656
-0.000319632,0.227255,-0.119319,0.412749,-0.0781618,0.358243,-0.165669,-0.00324517,-0.147218,0.149872,0.425875,0.0548978,0.423886,0.104659
0.000894603,0.22613,-0.119838,0.410905,-0.0775728,0.358946,-0.164603,0.00043843,-0.147338,0.150298,0.422093,0.0545944,0.424025,0.104455
0.000281624,0.225723,-0.119952,0.411343,-0.0774277,0.35915,-0.164312,0.00595578,-0.147344,0.151,0.416434,0.0540648,0.424246,0.104005
-0.00218423,0.225621,-0.119818,0.413873,-0.0775412,0.359092,-0.164447,0.0108972,-0.14765,0.151526,0.411506,0.0537135,0.424271,0.103851
-0.00558228,0.225471,-0.119637,0.417376,-0.077692,0.358995,-0.164624,0.0154694,-0.147963,0.152004,0.406989,0.0533996,0.424247,0.103734
-0.00634626,0.224942,-0.119786,0.417925,-0.077502,0.359244,-0.164243,0.0207624,-0.148343,0.152552,0.401801,0.0530423,0.424177,0.103611
-0.0046927,0.223923,-0.120293,0.415657,-0.0769359,0.359926,-0.163226,0.0223827,-0.14909,0.152489,0.400402,0.0532024,0.423897,0.104091
