0.236891,-0.265427,-0.0453927,0.698697,-0.578163,-0.26154,0.330373
0.23665,-0.264583,-0.0453927,0.698697,-0.578163,-0.26154,0.330373
0.236821,-0.263862,-0.0453927,0.698697,-0.578163,-0.26154,0.330373
0.237255,-0.263216,-0.0453927,0.698697,-0.578163,-0.26154,0.330373
0.237574,-0.262609,-0.0453927,0.698697,-0.578163,-0.26154,0.330373
0.237536,-0.261922,-0.0453927,0.698697,-0.578163,-0.26154,0.330373
0.23725,-0.261177,-0.0453927,0.698697,-0.578163,-0.26154,0.330373
0.236866,-0.260433,-0.0453927,0.698697,-0.578163,-0.26154,0.330373
0.236696,-0.259826,-0.0453927,0.698697,-0.578163,-0.26154,0.330373
0.236819,-0.259393,-0.0453927,0.698697,-0.578163,-0.26154,0.330373
0.23719,-0.259174,-0.0453927,0.698697,-0.578163,-0.26154,0.330373
0.237692,-0.259175,-0.0453927,0.698697,-0.578163,-0.26154,0.330373
0.237983,-0.259383,-0.0453927,0.698697,-0.578163,-0.26154,0.330373
0.237927,-0.259729,-0.0453927,0.698697,-0.578163,-0.26154,0.330373
0.23755,-0.260151,-0.0453927,0.698697,-0.578163,-0.26154,0.330373
0.23712,-0.260644,-0.0453927,0.698697,-0.578163,-0.26154,0.330373
0.236957,-0.261138,-0.0453927,0.698697,-0.578163,-0.26154,0.330373
0.237088,-0.261565,-0.0453927,0.698697,-0.578163,-0.26154,0.330373
0.237363,-0.26189,-0.0453927,0.698697,-0.578163,-0.26154,0.330373
0.237692,-0.262104,-0.0453927,0.698697,-0.578163,-0.26154,0.330373
0.237723,-0.262192,-0.0453927,0.698697,-0.578163,-0.26154,0.330373
0.237458,-0.262175,-0.0453927,0.698697,-0.578163,-0.26154,0.330373
0.236918,-0.262047,-0.0453927,0.698697,-0.578163,-0.26154,0.330373
0.236577,-0.2619,-0.0453927,0.698697,-0.578163,-0.26154,0.330373
0.236532,-0.261744,-0.0453927,0.698697,-0.578163,-0.26154,0.330373
0.236729,-0.261607,-0.0453927,0.698697,-0.578163,-0.26154,0.330373
0.237028,-0.261502,-0.0453927,0.698697,-0.578163,-0.26154,0.330373
0.237349,-0.261423,-0.0453927,0.698697,-0.578163,-0.26154,0.330373
0.237469,-0.261354,-0.0453927,0.698697,-0.578163,-0.26154,0.330373
0.237338,-0.261299,-0.0453927,0.698697,-0.578163,-0.26154,0.330373
0.236992,-0.261311,-0.0453927,0.698697,-0.578163,-0.26154,0.330373
0.236586,-0.261384,-0.0453927,0.698697,-0.578163,-0.26154,0.330373
0.236485,-0.261544,-0.0453927,0.698697,-0.578163,-0.26154,0.330373
0.236707,-0.261747,-0.0453927,0.698697,-0.578163,-0.26154,0.330373
0.237098,-0.261939,-0.0453927,0.698697,-0.578163,-0.26154,0.330373
0.237415,-0.262028,-0.0453927,0.698697,-0.578163,-0.26154,0.330373
0.237424,-0.261994,-0.0453927,0.698697,-0.578163,-0.26154,0.330373
0.237191,-0.261863,-0.0453927,0.698697,-0.578163,-0.26154,0.330373
0.236886,-0.261687,-0.0453927,0.698697,-0.578163,-0.26154,0.330373
0.236644,-0.261499,-0.0453927,0.698697,-0.578163,-0.26154,0.330373
0.236539,-0.261322,-0.0453927,0.698697,-0.578163,-0.26154,0.330373
0.236671,-0.261246,-0.0453927,0.698697,-0.578163,-0.26154,0.330373
0.23699,-0.261295,-0.0453927,0.698697,-0.578163,-0.26154,0.330373
0.237129,-0.261348,-0.0453927,0.698697,-0.578163,-0.26154,0.330373
0.237116,-0.261412,-0.0453927,0.698697,-0.578163,-0.26154,0.330373
0.236993,-0.261448,-0.0453927,0.698697,-0.578163,-0.26154,0.330373
0.236871,-0.261457,-0.0453927,0.698697,-0.578163,-0.26154,0.330373
0.236768,-0.261461,-0.0453927,0.698697,-0.578163,-0.26154,0.330373
0.236806,-0.261463,-0.0453927,0.698697,-0.578163,-0.26154,0.330373
0.236847,-0.26149,-0.0453927,0.698697,-0.578163,-0.26154,0.330373
0.236883,-0.261524,-0.0453927,0.698697,-0.578163,-0.26154,0.330373
0.236908,-0.261545,-0.0453927,0.698697,-0.578163,-0.26154,0.330373
0.236897,-0.261543,-0.0453927,0.698697,-0.578163,-0.26154,0.330373
0.236863,-0.261501,-0.0453927,0.698697,-0.578163,-0.26154,0.330373
0.236844,-0.261481,-0.0453927,0.698697,-0.578163,-0.26154,0.330373
0.236891,-0.261491,-0.0453927,0.698697,-0.578163,-0.26154,0.330373
0.236953,-0.261516,-0.0453927,0.698697,-0.578163,-0.26154,0.330373
0.236925,-0.26151,-0.0453927,0.698697,-0.578163,-0.26154,0.330373
0.236843,-0.261504,-0.0453927,0.698697,-0.578163,-0.26154,0.330373
0.236848,-0.261499,-0.0453927,0.698697,-0.578163,-0.26154,0.330373
0.236897,-0.26149,-0.0453927,0.698697,-0.578163,-0.26154,0.330373
0.236949,-0.261501,-0.0453927,0.698697,-0.578163,-0.26154,0.330373
0.237017,-0.261531,-0.0453927,0.698697,-0.578163,-0.26154,0.330373
0.23699,-0.261551,-0.0453927,0.698697,-0.578163,-0.26154,0.330373
0.236915,-0.261546,-0.0453927,0.698697,-0.578163,-0.26154,0.330373
0.236833,-0.261523,-0.0453927,0.698697,-0.578163,-0.26154,0.330373
0.23681,-0.261499,-0.0453927,0.698697,-0.578163,-0.26154,0.330373
0.236889,-0.261483,-0.0453927,0.698697,-0.578163,-0.26154,0.330373
0.237075,-0.261508,-0.0453927,0.698697,-0.578163,-0.26154,0.330373
0.237136,-0.261493,-0.0453927,0.698697,-0.578163,-0.26154,0.330373
0.237063,-0.261461,-0.0453927,0.698697,-0.578163,-0.26154,0.330373
0.236993,-0.261424,-0.0453927,0.698697,-0.578163,-0.26154,0.330373
0.236991,-0.261416,-0.0453927,0.698697,-0.578163,-0.26154,0.330373
0.236981,-0.261432,-0.0453927,0.698697,-0.578163,-0.26154,0.330373
0.237065,-0.261446,-0.0453927,0.698697,-0.578163,-0.26154,0.330373
0.237277,-0.261433,-0.0453927,0.698697,-0.578163,-0.26154,0.330373
0.237505,-0.261314,-0.0453927,0.698697,-0.578163,-0.26154,0.330373
0.238098,-0.261045,-0.0453927,0.698697,-0.578163,-0.26154,0.330373
0.239073,-0.260587,-0.0453927,0.698697,-0.578163,-0.26154,0.330373
0.240335,-0.259879,-0.0453927,0.698697,-0.578163,-0.26154,0.330373
0.241113,-0.258823,-0.0453927,0.698697,-0.578163,-0.26154,0.330373
0.241339,-0.257612,-0.0453927,0.698697,-0.578163,-0.26154,0.330373
0.240824,-0.256539,-0.0453927,0.698697,-0.578163,-0.26154,0.330373
0.239818,-0.255615,-0.0453927,0.698697,-0.578163,-0.26154,0.330373
0.238712,-0.255006,-0.0453927,0.698697,-0.578163,-0.26154,0.330373
0.237847,-0.254636,-0.0453927,0.698697,-0.578163,-0.26154,0.330373
0.237456,-0.254403,-0.0453927,0.698697,-0.578163,-0.26154,0.330373
0.237522,-0.254245,-0.0453927,0.698697,-0.578163,-0.26154,0.330373
0.237908,-0.25402,-0.0453927,0.698697,-0.578163,-0.26154,0.330373
0.23841,-0.253733,-0.0453927,0.698697,-0.578163,-0.26154,0.330373
0.238463,-0.253401,-0.0453927,0.698697,-0.578163,-0.26154,0.330373
0.238353,-0.252974,-0.0453927,0.698697,-0.578163,-0.26154,0.330373
0.238151,-0.252468,-0.0453927,0.698697,-0.578163,-0.26154,0.330373
0.237836,-0.251881,-0.0453927,0.698697,-0.578163,-0.26154,0.330373
0.237908,-0.251404,-0.0453927,0.698697,-0.578163,-0.26154,0.330373
0.237869,-0.250989,-0.0453927,0.698697,-0.578163,-0.26154,0.330373
0.237676,-0.250751,-0.0453927,0.698697,-0.578163,-0.26154,0.330373
0.237481,-0.250741,-0.0453927,0.698697,-0.578163,-0.26154,0.330373
0.237281,-0.250963,-0.0453927,0.698697,-0.578163,-0.26154,0.330373
0.237363,-0.251403,-0.0453927,0.698697,-0.578163,-0.26154,0.330373
0.237647,-0.25205,-0.0453927,0.698697,-0.578163,-0.26154,0.330373
0.237897,-0.252916,-0.0453927,0.698697,-0.578163,-0.26154,0.330373
0.238087,-0.253736,-0.0453927,0.698697,-0.578163,-0.26154,0.330373
0.238118,-0.254498,-0.0453927,0.698697,-0.578163,-0.26154,0.330373
0.237933,-0.25543,-0.0453927,0.698697,-0.578163,-0.26154,0.330373
0.237787,-0.256623,-0.0453927,0.698697,-0.578163,-0.26154,0.330373
0.237555,-0.257973,-0.0453927,0.698697,-0.578163,-0.26154,0.330373
0.237165,-0.259486,-0.0453927,0.698697,-0.578163,-0.26154,0.330373
0.236605,-0.261163,-0.0453927,0.698697,-0.578163,-0.26154,0.330373
0.23642,-0.263087,-0.0453927,0.698697,-0.578163,-0.26154,0.330373
0.236558,-0.265212,-0.0453927,0.698697,-0.578163,-0.26154,0.330373
0.237147,-0.267454,-0.0453927,0.698697,-0.578163,-0.26154,0.330373
0.237982,-0.269632,-0.0453927,0.698697,-0.578163,-0.26154,0.330373
0.238542,-0.271425,-0.0453927,0.698697,-0.578163,-0.26154,0.330373
0.239042,-0.273027,-0.0453927,0.698697,-0.578163,-0.26154,0.330373
0.239118,-0.274354,-0.0453927,0.698697,-0.578163,-0.26154,0.330373
0.238783,-0.275368,-0.0453927,0.698697,-0.578163,-0.26154,0.330373
0.238372,-0.276129,-0.0453927,0.698697,-0.578163,-0.26154,0.330373
0.238009,-0.276585,-0.0453927,0.698697,-0.578163,-0.26154,0.330373
0.237894,-0.276802,-0.0453927,0.698697,-0.578163,-0.26154,0.330373
0.237663,-0.276725,-0.0453927,0.698697,-0.578163,-0.26154,0.330373
0.237747,-0.276516,-0.0453927,0.698697,-0.578163,-0.26154,0.330373
0.237669,-0.276184,-0.0453927,0.698697,-0.578163,-0.26154,0.330373
0.237421,-0.275776,-0.0453927,0.698697,-0.578163,-0.26154,0.330373
0.237016,-0.275322,-0.0453927,0.698697,-0.578163,-0.26154,0.330373
0.236441,-0.274977,-0.0453927,0.698697,-0.578163,-0.26154,0.330373
0.235712,-0.274673,-0.0453927,0.698697,-0.578163,-0.26154,0.330373
0.234825,-0.274335,-0.0453927,0.698697,-0.578163,-0.26154,0.330373
0.234205,-0.274067,-0.0453927,0.698697,-0.578163,-0.26154,0.330373
0.233926,-0.273616,-0.0453927,0.698697,-0.578163,-0.26154,0.330373
0.233916,-0.27291,-0.0453927,0.698697,-0.578163,-0.26154,0.330373
0.233906,-0.271726,-0.0453927,0.698697,-0.578163,-0.26154,0.330373
0.233814,-0.270288,-0.0453927,0.698697,-0.578163,-0.26154,0.330373
0.233877,-0.268745,-0.0453927,0.698697,-0.578163,-0.26154,0.330373
0.233939,-0.266952,-0.0453927,0.698697,-0.578163,-0.26154,0.330373
0.233836,-0.264856,-0.0453927,0.698697,-0.578163,-0.26154,0.330373
0.233615,-0.262636,-0.0453927,0.698697,-0.578163,-0.26154,0.330373
0.233676,-0.260478,-0.0453927,0.698697,-0.578163,-0.26154,0.330373
0.233909,-0.258408,-0.0453927,0.698697,-0.578163,-0.26154,0.330373
0.234339,-0.25644,-0.0453927,0.698697,-0.578163,-0.26154,0.330373
0.235029,-0.254465,-0.0453927,0.698697,-0.578163,-0.26154,0.330373
0.235536,-0.252386,-0.0453927,0.698697,-0.578163,-0.26154,0.330373
0.235945,-0.250364,-0.0453927,0.698697,-0.578163,-0.26154,0.330373
0.236124,-0.248575,-0.0453927,0.698697,-0.578163,-0.26154,0.330373
0.236087,-0.247087,-0.0453927,0.698697,-0.578163,-0.26154,0.330373
0.235975,-0.245924,-0.0453927,0.698697,-0.578163,-0.26154,0.330373
0.23585,-0.245028,-0.0453927,0.698697,-0.578163,-0.26154,0.330373
0.235623,-0.244143,-0.0453927,0.698697,-0.578163,-0.26154,0.330373
0.235585,-0.243318,-0.0453927,0.698697,-0.578163,-0.26154,0.330373
0.235577,-0.242441,-0.0453927,0.698697,-0.578163,-0.26154,0.330373
0.235654,-0.241551,-0.0453927,0.698697,-0.578163,-0.26154,0.330373
0.235407,-0.240619,-0.0453927,0.698697,-0.578163,-0.26154,0.330373
0.234809,-0.239755,-0.0453927,0.698697,-0.578163,-0.26154,0.330373
0.233945,-0.239059,-0.0453927,0.698697,-0.578163,-0.26154,0.330373
0.232897,-0.238596,-0.0453927,0.698697,-0.578163,-0.26154,0.330373
0.231947,-0.238386,-0.0453927,0.698697,-0.578163,-0.26154,0.330373
0.231139,-0.238526,-0.0453927,0.698697,-0.578163,-0.26154,0.330373
0.23024,-0.238975,-0.0453927,0.698697,-0.578163,-0.26154,0.330373
0.230145,-0.240124,-0.0453927,0.698697,-0.578163,-0.26154,0.330373
0.23071,-0.241557,-0.0453927,0.698697,-0.578163,-0.26154,0.330373
0.231045,-0.243012,-0.0453927,0.698697,-0.578163,-0.26154,0.330373
0.231149,-0.244648,-0.0453927,0.698697,-0.578163,-0.26154,0.330373
0.230984,-0.246581,-0.0453927,0.698697,-0.578163,-0.26154,0.330373
0.230346,-0.248858,-0.0453927,0.698697,-0.578163,-0.26154,0.330373
0.229589,-0.251441,-0.0453927,0.698697,-0.578163,-0.26154,0.330373
0.229015,-0.254197,-0.0453927,0.698697,-0.578163,-0.26154,0.330373
0.228577,-0.257103,-0.0453927,0.698697,-0.578163,-0.26154,0.330373
0.228421,-0.260096,-0.0453927,0.698697,-0.578163,-0.26154,0.330373
0.228522,-0.262953,-0.0453927,0.698697,-0.578163,-0.26154,0.330373
0.22885,-0.265712,-0.0453927,0.698697,-0.578163,-0.26154,0.330373
0.229447,-0.268171,-0.0453927,0.698697,-0.578163,-0.26154,0.330373
0.230087,-0.270308,-0.0453927,0.698697,-0.578163,-0.26154,0.330373
0.230716,-0.272019,-0.0453927,0.698697,-0.578163,-0.26154,0.330373
0.231538,-0.27335,-0.0453927,0.698697,-0.578163,-0.26154,0.330373
0.232624,-0.274528,-0.0453927,0.698697,-0.578163,-0.26154,0.330373
0.233579,-0.275437,-0.0453927,0.698697,-0.578163,-0.26154,0.330373
0.234381,-0.276268,-0.0453927,0.698697,-0.578163,-0.26154,0.330373
0.235012,-0.277149,-0.0453927,0.698697,-0.578163,-0.26154,0.330373
0.235541,-0.27808,-0.0453927,0.698697,-0.578163,-0.26154,0.330373
0.235878,-0.278873,-0.0453927,0.698697,-0.578163,-0.26154,0.330373
0.235785,-0.279316,-0.0453927,0.698697,-0.578163,-0.26154,0.330373
0.235297,-0.279309,-0.0453927,0.698697,-0.578163,-0.26154,0.330373
0.235035,-0.27904,-0.0453927,0.698697,-0.578163,-0.26154,0.330373
0.235175,-0.278541,-0.0453927,0.698697,-0.578163,-0.26154,0.330373
0.235841,-0.277917,-0.0453927,0.698697,-0.578163,-0.26154,0.330373
0.236977,-0.277073,-0.0453927,0.698697,-0.578163,-0.26154,0.330373
0.238087,-0.275884,-0.0453927,0.698697,-0.578163,-0.26154,0.330373
0.239001,-0.274399,-0.0453927,0.698697,-0.578163,-0.26154,0.330373
0.239187,-0.272572,-0.0453927,0.698697,-0.578163,-0.26154,0.330373
0.238908,-0.270459,-0.0453927,0.698697,-0.578163,-0.26154,0.330373
0.23873,-0.268158,-0.0453927,0.698697,-0.578163,-0.26154,0.330373
0.238841,-0.265585,-0.0453927,0.698697,-0.578163,-0.26154,0.330373
0.239102,-0.26281,-0.0453927,0.698697,-0.578163,-0.26154,0.330373
0.239827,-0.259882,-0.0453927,0.698697,-0.578163,-0.26154,0.330373
0.240415,-0.25687,-0.0453927,0.698697,-0.578163,-0.26154,0.330373
0.240619,-0.253811,-0.0453927,0.698697,-0.578163,-0.26154,0.330373
0.240262,-0.250694,-0.0453927,0.698697,-0.578163,-0.26154,0.330373
0.239563,-0.247815,-0.0453927,0.698697,-0.578163,-0.26154,0.330373
0.238391,-0.245343,-0.0453927,0.698697,-0.578163,-0.26154,0.330373
0.23697,-0.2432,-0.0453927,0.698697,-0.578163,-0.26154,0.330373
0.235816,-0.241571,-0.0453927,0.698697,-0.578163,-0.26154,0.330373
0.234865,-0.240426,-0.0453927,0.698697,-0.578163,-0.26154,0.330373
0.23424,-0.239664,-0.0453927,0.698697,-0.578163,-0.26154,0.330373
0.233959,-0.239228,-0.0453927,0.698697,-0.578163,-0.26154,0.330373
0.233777,-0.23876,-0.0453927,0.698697,-0.578163,-0.26154,0.330373
0.233921,-0.238357,-0.0453927,0.698697,-0.578163,-0.26154,0.330373
0.233753,-0.237944,-0.0453927,0.698697,-0.578163,-0.26154,0.330373
0.233309,-0.237599,-0.0453927,0.698697,-0.578163,-0.26154,0.330373
0.232405,-0.237327,-0.0453927,0.698697,-0.578163,-0.26154,0.330373
0.231195,-0.237208,-0.0453927,0.698697,-0.578163,-0.26154,0.330373
0.230036,-0.237198,-0.0453927,0.698697,-0.578163,-0.26154,0.330373
0.229038,-0.237393,-0.0453927,0.698697,-0.578163,-0.26154,0.330373
0.228129,-0.237738,-0.0453927,0.698697,-0.578163,-0.26154,0.330373
0.22759,-0.238297,-0.0453927,0.698697,-0.578163,-0.26154,0.330373
0.227436,-0.239134,-0.0453927,0.698697,-0.578163,-0.26154,0.330373
0.227722,-0.240375,-0.0453927,0.698697,-0.578163,-0.26154,0.330373
0.228178,-0.241717,-0.0453927,0.698697,-0.578163,-0.26154,0.330373
0.228505,-0.243213,-0.0453927,0.698697,-0.578163,-0.26154,0.330373
0.228651,-0.244988,-0.0453927,0.698697,-0.578163,-0.26154,0.330373
0.228516,-0.247187,-0.0453927,0.698697,-0.578163,-0.26154,0.330373
0.228197,-0.249712,-0.0453927,0.698697,-0.578163,-0.26154,0.330373
0.227788,-0.252475,-0.0453927,0.698697,-0.578163,-0.26154,0.330373
0.227276,-0.255398,-0.0453927,0.698697,-0.578163,-0.26154,0.330373
0.226839,-0.25854,-0.0453927,0.698697,-0.578163,-0.26154,0.330373
0.226577,-0.261809,-0.0453927,0.698697,-0.578163,-0.26154,0.330373
0.226457,-0.26491,-0.0453927,0.698697,-0.578163,-0.26154,0.330373
0.226517,-0.26758,-0.0453927,0.698697,-0.578163,-0.26154,0.330373
0.226651,-0.269896,-0.0453927,0.698697,-0.578163,-0.26154,0.330373
0.227045,-0.271779,-0.0453927,0.698697,-0.578163,-0.26154,0.330373
0.227698,-0.273297,-0.0453927,0.698697,-0.578163,-0.26154,0.330373
0.228571,-0.274528,-0.0453927,0.698697,-0.578163,-0.26154,0.330373
0.229684,-0.275517,-0.0453927,0.698697,-0.578163,-0.26154,0.330373
0.230922,-0.276315,-0.0453927,0.698697,-0.578163,-0.26154,0.330373
0.23241,-0.27712,-0.0453927,0.698697,-0.578163,-0.26154,0.330373
0.233491,-0.277771,-0.0453927,0.698697,-0.578163,-0.26154,0.330373
0.23415,-0.278438,-0.0453927,0.698697,-0.578163,-0.26154,0.330373
0.234261,-0.278965,-0.0453927,0.698697,-0.578163,-0.26154,0.330373
0.234332,-0.279326,-0.0453927,0.698697,-0.578163,-0.26154,0.330373
0.234353,-0.279489,-0.0453927,0.698697,-0.578163,-0.26154,0.330373
0.234607,-0.27945,-0.0453927,0.698697,-0.578163,-0.26154,0.330373
0.235245,-0.27918,-0.0453927,0.698697,-0.578163,-0.26154,0.330373
0.236346,-0.278719,-0.0453927,0.698697,-0.578163,-0.26154,0.330373
0.237431,-0.277873,-0.0453927,0.698697,-0.578163,-0.26154,0.330373
0.238354,-0.276542,-0.0453927,0.698697,-0.578163,-0.26154,0.330373
0.238685,-0.274596,-0.0453927,0.698697,-0.578163,-0.26154,0.330373
0.238639,-0.272351,-0.0453927,0.698697,-0.578163,-0.26154,0.330373
0.238695,-0.269925,-0.0453927,0.698697,-0.578163,-0.26154,0.330373
0.239057,-0.267342,-0.0453927,0.698697,-0.578163,-0.26154,0.330373
0.239705,-0.264588,-0.0453927,0.698697,-0.578163,-0.26154,0.330373
0.240488,-0.261527,-0.0453927,0.698697,-0.578163,-0.26154,0.330373
0.241252,-0.258445,-0.0453927,0.698697,-0.578163,-0.26154,0.330373
0.241748,-0.255376,-0.0453927,0.698697,-0.578163,-0.26154,0.330373
0.241718,-0.252433,-0.0453927,0.698697,-0.578163,-0.26154,0.330373
0.241108,-0.24977,-0.0453927,0.698697,-0.578163,-0.26154,0.330373
0.24025,-0.247356,-0.0453927,0.698697,-0.578163,-0.26154,0.330373
0.238833,-0.245148,-0.0453927,0.698697,-0.578163,-0.26154,0.330373
0.237521,-0.243365,-0.0453927,0.698697,-0.578163,-0.26154,0.330373
0.236514,-0.241995,-0.0453927,0.698697,-0.578163,-0.26154,0.330373
0.235749,-0.241011,-0.0453927,0.698697,-0.578163,-0.26154,0.330373
0.235323,-0.240329,-0.0453927,0.698697,-0.578163,-0.26154,0.330373
0.235039,-0.239628,-0.0453927,0.698697,-0.578163,-0.26154,0.330373
0.235032,-0.239045,-0.0453927,0.698697,-0.578163,-0.26154,0.330373
0.234946,-0.238532,-0.0453927,0.698697,-0.578163,-0.26154,0.330373
0.234418,-0.238091,-0.0453927,0.698697,-0.578163,-0.26154,0.330373
0.233567,-0.237667,-0.0453927,0.698697,-0.578163,-0.26154,0.330373
0.232433,-0.237334,-0.0453927,0.698697,-0.578163,-0.26154,0.330373
0.231255,-0.237137,-0.0453927,0.698697,-0.578163,-0.26154,0.330373
0.230073,-0.237159,-0.0453927,0.698697,-0.578163,-0.26154,0.330373
0.229161,-0.237378,-0.0453927,0.698697,-0.578163,-0.26154,0.330373
0.228407,-0.237847,-0.0453927,0.698697,-0.578163,-0.26154,0.330373
0.228061,-0.238705,-0.0453927,0.698697,-0.578163,-0.26154,0.330373
0.228248,-0.239927,-0.0453927,0.698697,-0.578163,-0.26154,0.330373
0.228824,-0.241412,-0.0453927,0.698697,-0.578163,-0.26154,0.330373
0.22952,-0.243113,-0.0453927,0.698697,-0.578163,-0.26154,0.330373
0.230087,-0.245012,-0.0453927,0.698697,-0.578163,-0.26154,0.330373
0.230128,-0.247186,-0.0453927,0.698697,-0.578163,-0.26154,0.330373
0.229594,-0.249754,-0.0453927,0.698697,-0.578163,-0.26154,0.330373
0.228891,-0.252649,-0.0453927,0.698697,-0.578163,-0.26154,0.330373
0.228379,-0.255703,-0.0453927,0.698697,-0.578163,-0.26154,0.330373
0.228078,-0.258807,-0.0453927,0.698697,-0.578163,-0.26154,0.330373
0.228107,-0.261945,-0.0453927,0.698697,-0.578163,-0.26154,0.330373
0.22858,-0.265076,-0.0453927,0.698697,-0.578163,-0.26154,0.330373
0.228917,-0.267856,-0.0453927,0.698697,-0.578163,-0.26154,0.330373
0.229349,-0.270231,-0.0453927,0.698697,-0.578163,-0.26154,0.330373
0.229782,-0.272031,-0.0453927,0.698697,-0.578163,-0.26154,0.330373
0.230368,-0.27335,-0.0453927,0.698697,-0.578163,-0.26154,0.330373
0.231349,-0.274241,-0.0453927,0.698697,-0.578163,-0.26154,0.330373
0.23253,-0.274855,-0.0453927,0.698697,-0.578163,-0.26154,0.330373
0.233791,-0.275216,-0.0453927,0.698697,-0.578163,-0.26154,0.330373
0.235037,-0.275506,-0.0453927,0.698697,-0.578163,-0.26154,0.330373
0.236032,-0.275884,-0.0453927,0.698697,-0.578163,-0.26154,0.330373
0.236735,-0.276326,-0.0453927,0.698697,-0.578163,-0.26154,0.330373
0.237429,-0.276995,-0.0453927,0.698697,-0.578163,-0.26154,0.330373
0.237578,-0.277558,-0.0453927,0.698697,-0.578163,-0.26154,0.330373
0.237416,-0.277959,-0.0453927,0.698697,-0.578163,-0.26154,0.330373
0.237066,-0.278041,-0.0453927,0.698697,-0.578163,-0.26154,0.330373
0.237192,-0.277914,-0.0453927,0.698697,-0.578163,-0.26154,0.330373
0.237703,-0.277574,-0.0453927,0.698697,-0.578163,-0.26154,0.330373
0.238607,-0.276964,-0.0453927,0.698697,-0.578163,-0.26154,0.330373
0.239578,-0.275937,-0.0453927,0.698697,-0.578163,-0.26154,0.330373
0.240457,-0.274607,-0.0453927,0.698697,-0.578163,-0.26154,0.330373
0.240949,-0.272742,-0.0453927,0.698697,-0.578163,-0.26154,0.330373
0.241389,-0.270687,-0.0453927,0.698697,-0.578163,-0.26154,0.330373
0.241903,-0.268374,-0.0453927,0.698697,-0.578163,-0.26154,0.330373
0.242651,-0.26589,-0.0453927,0.698697,-0.578163,-0.26154,0.330373
0.243466,-0.263222,-0.0453927,0.698697,-0.578163,-0.26154,0.330373
0.244257,-0.260302,-0.0453927,0.698697,-0.578163,-0.26154,0.330373
0.24462,-0.25724,-0.0453927,0.698697,-0.578163,-0.26154,0.330373
0.244543,-0.254259,-0.0453927,0.698697,-0.578163,-0.26154,0.330373
0.243937,-0.251532,-0.0453927,0.698697,-0.578163,-0.26154,0.330373
0.243331,-0.24909,-0.0453927,0.698697,-0.578163,-0.26154,0.330373
0.24235,-0.246778,-0.0453927,0.698697,-0.578163,-0.26154,0.330373
0.241387,-0.244771,-0.0453927,0.698697,-0.578163,-0.26154,0.330373
0.240362,-0.243059,-0.0453927,0.698697,-0.578163,-0.26154,0.330373
0.239216,-0.241688,-0.0453927,0.698697,-0.578163,-0.26154,0.330373
0.23851,-0.240657,-0.0453927,0.698697,-0.578163,-0.26154,0.330373
0.238061,-0.239867,-0.0453927,0.698697,-0.578163,-0.26154,0.330373
0.237454,-0.239115,-0.0453927,0.698697,-0.578163,-0.26154,0.330373
0.237013,-0.238406,-0.0453927,0.698697,-0.578163,-0.26154,0.330373
0.236272,-0.237652,-0.0453927,0.698697,-0.578163,-0.26154,0.330373
0.235227,-0.236916,-0.0453927,0.698697,-0.578163,-0.26154,0.330373
0.233824,-0.236287,-0.0453927,0.698697,-0.578163,-0.26154,0.330373
0.232415,-0.235879,-0.0453927,0.698697,-0.578163,-0.26154,0.330373
0.231177,-0.235728,-0.0453927,0.698697,-0.578163,-0.26154,0.330373
0.230124,-0.23587,-0.0453927,0.698697,-0.578163,-0.26154,0.330373
0.229122,-0.23632,-0.0453927,0.698697,-0.578163,-0.26154,0.330373
0.228606,-0.237199,-0.0453927,0.698697,-0.578163,-0.26154,0.330373
0.228247,-0.23841,-0.0453927,0.698697,-0.578163,-0.26154,0.330373
0.228197,-0.239836,-0.0453927,0.698697,-0.578163,-0.26154,0.330373
0.228097,-0.241401,-0.0453927,0.698697,-0.578163,-0.26154,0.330373
0.228105,-0.243186,-0.0453927,0.698697,-0.578163,-0.26154,0.330373
0.228149,-0.245275,-0.0453927,0.698697,-0.578163,-0.26154,0.330373
0.228123,-0.24768,-0.0453927,0.698697,-0.578163,-0.26154,0.330373
0.227931,-0.25034,-0.0453927,0.698697,-0.578163,-0.26154,0.330373
0.2277,-0.253186,-0.0453927,0.698697,-0.578163,-0.26154,0.330373
0.227338,-0.256263,-0.0453927,0.698697,-0.578163,-0.26154,0.330373
0.226914,-0.259508,-0.0453927,0.698697,-0.578163,-0.26154,0.330373
0.226737,-0.262787,-0.0453927,0.698697,-0.578163,-0.26154,0.330373
0.226742,-0.265864,-0.0453927,0.698697,-0.578163,-0.26154,0.330373
0.226774,-0.268574,-0.0453927,0.698697,-0.578163,-0.26154,0.330373
0.22724,-0.270968,-0.0453927,0.698697,-0.578163,-0.26154,0.330373
0.227824,-0.27282,-0.0453927,0.698697,-0.578163,-0.26154,0.330373
0.228555,-0.274149,-0.0453927,0.698697,-0.578163,-0.26154,0.330373
0.229557,-0.275128,-0.0453927,0.698697,-0.578163,-0.26154,0.330373
0.230964,-0.275826,-0.0453927,0.698697,-0.578163,-0.26154,0.330373
0.232183,-0.276109,-0.0453927,0.698697,-0.578163,-0.26154,0.330373
0.233336,-0.276187,-0.0453927,0.698697,-0.578163,-0.26154,0.330373
0.23445,-0.276352,-0.0453927,0.698697,-0.578163,-0.26154,0.330373
0.235141,-0.276649,-0.0453927,0.698697,-0.578163,-0.26154,0.330373
0.235643,-0.277154,-0.0453927,0.698697,-0.578163,-0.26154,0.330373
0.235722,-0.277716,-0.0453927,0.698697,-0.578163,-0.26154,0.330373
0.235569,-0.278049,-0.0453927,0.698697,-0.578163,-0.26154,0.330373
0.235802,-0.278238,-0.0453927,0.698697,-0.578163,-0.26154,0.330373
0.236352,-0.278183,-0.0453927,0.698697,-0.578163,-0.26154,0.330373
0.237366,-0.277986,-0.0453927,0.698697,-0.578163,-0.26154,0.330373
0.238653,-0.277384,-0.0453927,0.698697,-0.578163,-0.26154,0.330373
0.24009,-0.276237,-0.0453927,0.698697,-0.578163,-0.26154,0.330373
0.241361,-0.274563,-0.0453927,0.698697,-0.578163,-0.26154,0.330373
0.242066,-0.272461,-0.0453927,0.698697,-0.578163,-0.26154,0.330373
0.242706,-0.270183,-0.0453927,0.698697,-0.578163,-0.26154,0.330373
0.243344,-0.267513,-0.0453927,0.698697,-0.578163,-0.26154,0.330373
0.243915,-0.264634,-0.0453927,0.698697,-0.578163,-0.26154,0.330373
0.244342,-0.261752,-0.0453927,0.698697,-0.578163,-0.26154,0.330373
0.24471,-0.258968,-0.0453927,0.698697,-0.578163,-0.26154,0.330373
0.244852,-0.256271,-0.0453927,0.698697,-0.578163,-0.26154,0.330373
0.244891,-0.253596,-0.0453927,0.698697,-0.578163,-0.26154,0.330373
0.244577,-0.250866,-0.0453927,0.698697,-0.578163,-0.26154,0.330373
0.244245,-0.248303,-0.0453927,0.698697,-0.578163,-0.26154,0.330373
0.243453,-0.24583,-0.0453927,0.698697,-0.578163,-0.26154,0.330373
0.242068,-0.243716,-0.0453927,0.698697,-0.578163,-0.26154,0.330373
0.240301,-0.242054,-0.0453927,0.698697,-0.578163,-0.26154,0.330373
0.2389,-0.240908,-0.0453927,0.698697,-0.578163,-0.26154,0.330373
0.237794,-0.240085,-0.0453927,0.698697,-0.578163,-0.26154,0.330373
0.236888,-0.239344,-0.0453927,0.698697,-0.578163,-0.26154,0.330373
0.236307,-0.238533,-0.0453927,0.698697,-0.578163,-0.26154,0.330373
0.235951,-0.237721,-0.0453927,0.698697,-0.578163,-0.26154,0.330373
0.235584,-0.236954,-0.0453927,0.698697,-0.578163,-0.26154,0.330373
0.23481,-0.236258,-0.0453927,0.698697,-0.578163,-0.26154,0.330373
0.233655,-0.235675,-0.0453927,0.698697,-0.578163,-0.26154,0.330373
0.232075,-0.235338,-0.0453927,0.698697,-0.578163,-0.26154,0.330373
0.23026,-0.235351,-0.0453927,0.698697,-0.578163,-0.26154,0.330373
0.228206,-0.235673,-0.0453927,0.698697,-0.578163,-0.26154,0.330373
0.226614,-0.236229,-0.0453927,0.698697,-0.578163,-0.26154,0.330373
0.225817,-0.237152,-0.0453927,0.698697,-0.578163,-0.26154,0.330373
0.225682,-0.238442,-0.0453927,0.698697,-0.578163,-0.26154,0.330373
0.225854,-0.239891,-0.0453927,0.698697,-0.578163,-0.26154,0.330373
0.226272,-0.241407,-0.0453927,0.698697,-0.578163,-0.26154,0.330373
0.226769,-0.242955,-0.0453927,0.698697,-0.578163,-0.26154,0.330373
0.226823,-0.24478,-0.0453927,0.698697,-0.578163,-0.26154,0.330373
0.226472,-0.246948,-0.0453927,0.698697,-0.578163,-0.26154,0.330373
0.225728,-0.249526,-0.0453927,0.698697,-0.578163,-0.26154,0.330373
0.224984,-0.252246,-0.0453927,0.698697,-0.578163,-0.26154,0.330373
0.22444,-0.255076,-0.0453927,0.698697,-0.578163,-0.26154,0.330373
0.224219,-0.257916,-0.0453927,0.698697,-0.578163,-0.26154,0.330373
0.224454,-0.260732,-0.0453927,0.698697,-0.578163,-0.26154,0.330373
0.224834,-0.263284,-0.0453927,0.698697,-0.578163,-0.26154,0.330373
0.225567,-0.265648,-0.0453927,0.698697,-0.578163,-0.26154,0.330373
0.226508,-0.267635,-0.0453927,0.698697,-0.578163,-0.26154,0.330373
0.227415,-0.269199,-0.0453927,0.698697,-0.578163,-0.26154,0.330373
0.22857,-0.270475,-0.0453927,0.698697,-0.578163,-0.26154,0.330373
0.229785,-0.271455,-0.0453927,0.698697,-0.578163,-0.26154,0.330373
0.231032,-0.272255,-0.0453927,0.698697,-0.578163,-0.26154,0.330373
0.232118,-0.272848,-0.0453927,0.698697,-0.578163,-0.26154,0.330373
0.233337,-0.273467,-0.0453927,0.698697,-0.578163,-0.26154,0.330373
0.234525,-0.274056,-0.0453927,0.698697,-0.578163,-0.26154,0.330373
0.235469,-0.274654,-0.0453927,0.698697,-0.578163,-0.26154,0.330373
0.236493,-0.275266,-0.0453927,0.698697,-0.578163,-0.26154,0.330373
0.237305,-0.275772,-0.0453927,0.698697,-0.578163,-0.26154,0.330373
0.237575,-0.27606,-0.0453927,0.698697,-0.578163,-0.26154,0.330373
0.237777,-0.276049,-0.0453927,0.698697,-0.578163,-0.26154,0.330373
0.23828,-0.275831,-0.0453927,0.698697,-0.578163,-0.26154,0.330373
0.239093,-0.275412,-0.0453927,0.698697,-0.578163,-0.26154,0.330373
0.240538,-0.274711,-0.0453927,0.698697,-0.578163,-0.26154,0.330373
0.242031,-0.273562,-0.0453927,0.698697,-0.578163,-0.26154,0.330373
0.243819,-0.271959,-0.0453927,0.698697,-0.578163,-0.26154,0.330373
0.245562,-0.27011,-0.0453927,0.698697,-0.578163,-0.26154,0.330373
0.247049,-0.268087,-0.0453927,0.698697,-0.578163,-0.26154,0.330373
0.248058,-0.265871,-0.0453927,0.698697,-0.578163,-0.26154,0.330373
0.248991,-0.263468,-0.0453927,0.698697,-0.578163,-0.26154,0.330373
0.249423,-0.260855,-0.0453927,0.698697,-0.578163,-0.26154,0.330373
0.249648,-0.258014,-0.0453927,0.698697,-0.578163,-0.26154,0.330373
0.249581,-0.255106,-0.0453927,0.698697,-0.578163,-0.26154,0.330373
0.249537,-0.252397,-0.0453927,0.698697,-0.578163,-0.26154,0.330373
0.249375,-0.249931,-0.0453927,0.698697,-0.578163,-0.26154,0.330373
0.249159,-0.247748,-0.0453927,0.698697,-0.578163,-0.26154,0.330373
0.248579,-0.245861,-0.0453927,0.698697,-0.578163,-0.26154,0.330373
0.248086,-0.24439,-0.0453927,0.698697,-0.578163,-0.26154,0.330373
0.246992,-0.243178,-0.0453927,0.698697,-0.578163,-0.26154,0.330373
0.245523,-0.24229,-0.0453927,0.698697,-0.578163,-0.26154,0.330373
0.244143,-0.241699,-0.0453927,0.698697,-0.578163,-0.26154,0.330373
0.242704,-0.24118,-0.0453927,0.698697,-0.578163,-0.26154,0.330373
0.241271,-0.240657,-0.0453927,0.698697,-0.578163,-0.26154,0.330373
0.24052,-0.240195,-0.0453927,0.698697,-0.578163,-0.26154,0.330373
0.239804,-0.239692,-0.0453927,0.698697,-0.578163,-0.26154,0.330373
0.239352,-0.239243,-0.0453927,0.698697,-0.578163,-0.26154,0.330373
0.238678,-0.238846,-0.0453927,0.698697,-0.578163,-0.26154,0.330373
0.237738,-0.238556,-0.0453927,0.698697,-0.578163,-0.26154,0.330373
0.236342,-0.238362,-0.0453927,0.698697,-0.578163,-0.26154,0.330373
0.234843,-0.238341,-0.0453927,0.698697,-0.578163,-0.26154,0.330373
0.232986,-0.238493,-0.0453927,0.698697,-0.578163,-0.26154,0.330373
0.231442,-0.239048,-0.0453927,0.698697,-0.578163,-0.26154,0.330373
0.230189,-0.239885,-0.0453927,0.698697,-0.578163,-0.26154,0.330373
0.229425,-0.240921,-0.0453927,0.698697,-0.578163,-0.26154,0.330373
0.22907,-0.242186,-0.0453927,0.698697,-0.578163,-0.26154,0.330373
0.229106,-0.243752,-0.0453927,0.698697,-0.578163,-0.26154,0.330373
0.229267,-0.245689,-0.0453927,0.698697,-0.578163,-0.26154,0.330373
0.229274,-0.247935,-0.0453927,0.698697,-0.578163,-0.26154,0.330373
0.229025,-0.250544,-0.0453927,0.698697,-0.578163,-0.26154,0.330373
0.22859,-0.253362,-0.0453927,0.698697,-0.578163,-0.26154,0.330373
0.228026,-0.256321,-0.0453927,0.698697,-0.578163,-0.26154,0.330373
0.227383,-0.259497,-0.0453927,0.698697,-0.578163,-0.26154,0.330373
0.226936,-0.262639,-0.0453927,0.698697,-0.578163,-0.26154,0.330373
0.226697,-0.265509,-0.0453927,0.698697,-0.578163,-0.26154,0.330373
0.226709,-0.267943,-0.0453927,0.698697,-0.578163,-0.26154,0.330373
0.226997,-0.270079,-0.0453927,0.698697,-0.578163,-0.26154,0.330373
0.227643,-0.271865,-0.0453927,0.698697,-0.578163,-0.26154,0.330373
0.228432,-0.273237,-0.0453927,0.698697,-0.578163,-0.26154,0.330373
0.229679,-0.274349,-0.0453927,0.698697,-0.578163,-0.26154,0.330373
0.230887,-0.275174,-0.0453927,0.698697,-0.578163,-0.26154,0.330373
0.231717,-0.275634,-0.0453927,0.698697,-0.578163,-0.26154,0.330373
0.232729,-0.276153,-0.0453927,0.698697,-0.578163,-0.26154,0.330373
0.233339,-0.276599,-0.0453927,0.698697,-0.578163,-0.26154,0.330373
0.233645,-0.277111,-0.0453927,0.698697,-0.578163,-0.26154,0.330373
0.233916,-0.27773,-0.0453927,0.698697,-0.578163,-0.26154,0.330373
0.233983,-0.278294,-0.0453927,0.698697,-0.578163,-0.26154,0.330373
0.234312,-0.278606,-0.0453927,0.698697,-0.578163,-0.26154,0.330373
0.235219,-0.278729,-0.0453927,0.698697,-0.578163,-0.26154,0.330373
0.236352,-0.278543,-0.0453927,0.698697,-0.578163,-0.26154,0.330373
0.237856,-0.278052,-0.0453927,0.698697,-0.578163,-0.26154,0.330373
0.239112,-0.276955,-0.0453927,0.698697,-0.578163,-0.26154,0.330373
0.24018,-0.275258,-0.0453927,0.698697,-0.578163,-0.26154,0.330373
0.240898,-0.272984,-0.0453927,0.698697,-0.578163,-0.26154,0.330373
0.241626,-0.270293,-0.0453927,0.698697,-0.578163,-0.26154,0.330373
0.242476,-0.267185,-0.0453927,0.698697,-0.578163,-0.26154,0.330373
0.24346,-0.264001,-0.0453927,0.698697,-0.578163,-0.26154,0.330373
0.244632,-0.260734,-0.0453927,0.698697,-0.578163,-0.26154,0.330373
0.245508,-0.257514,-0.0453927,0.698697,-0.578163,-0.26154,0.330373
0.245785,-0.254402,-0.0453927,0.698697,-0.578163,-0.26154,0.330373
0.245639,-0.251255,-0.0453927,0.698697,-0.578163,-0.26154,0.330373
0.245085,-0.248257,-0.0453927,0.698697,-0.578163,-0.26154,0.330373
0.24436,-0.245632,-0.0453927,0.698697,-0.578163,-0.26154,0.330373
0.2438,-0.243223,-0.0453927,0.698697,-0.578163,-0.26154,0.330373
0.242915,-0.241136,-0.0453927,0.698697,-0.578163,-0.26154,0.330373
0.241963,-0.239555,-0.0453927,0.698697,-0.578163,-0.26154,0.330373
0.240938,-0.238492,-0.0453927,0.698697,-0.578163,-0.26154,0.330373
0.240124,-0.237817,-0.0453927,0.698697,-0.578163,-0.26154,0.330373
0.239397,-0.237423,-0.0453927,0.698697,-0.578163,-0.26154,0.330373
0.238661,-0.237129,-0.0453927,0.698697,-0.578163,-0.26154,0.330373
0.238164,-0.237037,-0.0453927,0.698697,-0.578163,-0.26154,0.330373
0.237807,-0.237002,-0.0453927,0.698697,-0.578163,-0.26154,0.330373
0.237021,-0.23698,-0.0453927,0.698697,-0.578163,-0.26154,0.330373
0.235717,-0.236918,-0.0453927,0.698697,-0.578163,-0.26154,0.330373
0.234245,-0.236918,-0.0453927,0.698697,-0.578163,-0.26154,0.330373
0.232748,-0.236954,-0.0453927,0.698697,-0.578163,-0.26154,0.330373
0.231116,-0.237019,-0.0453927,0.698697,-0.578163,-0.26154,0.330373
0.230024,-0.237227,-0.0453927,0.698697,-0.578163,-0.26154,0.330373
0.226628,-0.23145,-0.0475509,0.704293,-0.569463,-0.270101,0.326694
