0.287369,-0.31043,0.102838,-0.698277,0.700449,-0.0827924,-0.122172
0.286271,-0.310136,0.101558,-0.698412,0.700332,-0.0808588,-0.123359
0.285858,-0.310081,0.0998776,-0.698103,0.700542,-0.0772264,-0.126212
0.285296,-0.310016,0.0985687,-0.697824,0.700738,-0.0742634,-0.128424
0.28464,-0.309968,0.0976017,-0.697574,0.700894,-0.071918,-0.130257
0.284297,-0.309876,0.097029,-0.697461,0.700927,-0.070315,-0.131548
0.284251,-0.30991,0.0968475,-0.697295,0.701035,-0.0694651,-0.132304
0.284352,-0.309907,0.0969,-0.697265,0.701052,-0.0693619,-0.132426
0.284515,-0.309866,0.0970787,-0.697296,0.701039,-0.0695913,-0.132213
0.284659,-0.309878,0.0971847,-0.69727,0.701075,-0.0697055,-0.132098
0.284707,-0.309814,0.0971612,-0.697345,0.700998,-0.0696679,-0.132125
0.28468,-0.309761,0.0970911,-0.697411,0.700925,-0.069563,-0.132223
0.284686,-0.309737,0.0970508,-0.697439,0.700895,-0.0695075,-0.132268
0.284704,-0.309758,0.0970718,-0.69741,0.70092,-0.0695038,-0.132291
0.28475,-0.309744,0.0971049,-0.69743,0.700904,-0.0695445,-0.132247
0.28478,-0.309751,0.0971382,-0.697411,0.700928,-0.0695765,-0.132198
0.284747,-0.309775,0.0971281,-0.697383,0.700953,-0.0695392,-0.132232
0.28472,-0.309784,0.0970923,-0.697356,0.700976,-0.0694351,-0.132308
0.284675,-0.309804,0.0970745,-0.69734,0.700987,-0.0693974,-0.132356
0.284667,-0.30986,0.0970768,-0.697271,0.701055,-0.069333,-0.132395
0.284682,-0.309854,0.0970853,-0.697284,0.701038,-0.0693132,-0.132424
0.284678,-0.309868,0.097088,-0.697245,0.701077,-0.0692829,-0.132437
0.284697,-0.309872,0.0970901,-0.697237,0.701086,-0.0692575,-0.132451
0.284729,-0.309865,0.097085,-0.69725,0.701066,-0.0692034,-0.132511
0.284751,-0.309876,0.0971045,-0.697226,0.70109,-0.0691934,-0.132518
0.284828,-0.309833,0.0971333,-0.697278,0.70104,-0.0692183,-0.132496
0.284886,-0.309846,0.0971806,-0.697251,0.701071,-0.0692554,-0.132452
0.284975,-0.309814,0.097234,-0.697272,0.701057,-0.0693165,-0.132386
0.285052,-0.309818,0.0973043,-0.697261,0.701076,-0.0693906,-0.132303
0.285163,-0.309825,0.0973909,-0.697246,0.701097,-0.069498,-0.132215
0.285205,-0.309826,0.0974065,-0.697237,0.701107,-0.0694953,-0.132211
0.285305,-0.309816,0.0974851,-0.697241,0.701112,-0.0695723,-0.132124
0.285366,-0.30982,0.0975406,-0.697224,0.701134,-0.0696313,-0.132066
0.285485,-0.309839,0.097632,-0.697194,0.701171,-0.0697347,-0.131973
0.285599,-0.309854,0.097724,-0.697166,0.701207,-0.0698338,-0.131879
0.285675,-0.309851,0.0977771,-0.697157,0.701214,-0.0698731,-0.131869
0.285784,-0.309814,0.0978356,-0.6972,0.701173,-0.0699353,-0.131822
0.28586,-0.309835,0.097899,-0.697158,0.701224,-0.0699725,-0.131753
0.285942,-0.309838,0.0979401,-0.69716,0.701226,-0.0699983,-0.131721
0.286038,-0.309852,0.0980082,-0.697142,0.701244,-0.0700745,-0.131678
0.286143,-0.309903,0.0980796,-0.697076,0.701313,-0.0701249,-0.131633
0.286286,-0.309876,0.0981748,-0.697101,0.701298,-0.0702319,-0.131525
0.286424,-0.309879,0.09827,-0.69708,0.701327,-0.0703405,-0.131421
0.286625,-0.309899,0.0984081,-0.69704,0.701381,-0.0704777,-0.131274
0.286803,-0.309915,0.0985499,-0.697019,0.701412,-0.0706407,-0.131129
0.287002,-0.309961,0.0987037,-0.696952,0.701485,-0.0708099,-0.131008
0.287224,-0.309943,0.0988526,-0.696953,0.701495,-0.0709103,-0.130893
0.287506,-0.309936,0.0990307,-0.696929,0.701531,-0.0710492,-0.130748
0.287771,-0.309918,0.0992101,-0.696938,0.701543,-0.0711868,-0.130568
0.288025,-0.309913,0.0993802,-0.696932,0.701552,-0.0712975,-0.130486
0.288314,-0.309922,0.0995668,-0.696906,0.70159,-0.0714332,-0.13035
0.288574,-0.309939,0.0997367,-0.696846,0.701661,-0.0715478,-0.130227
0.288821,-0.309941,0.0998827,-0.696831,0.70168,-0.0716346,-0.130151
0.289043,-0.309981,0.100028,-0.696746,0.701767,-0.0716755,-0.130114
0.289313,-0.309975,0.100195,-0.696733,0.701789,-0.0717325,-0.130041
0.289675,-0.309978,0.100428,-0.696714,0.701805,-0.0718704,-0.129973
0.28996,-0.310033,0.100621,-0.696609,0.701911,-0.0719553,-0.129918
0.290266,-0.310098,0.1008,-0.696472,0.702047,-0.0719482,-0.129926
0.290597,-0.310137,0.100987,-0.696389,0.702128,-0.0719664,-0.129921
0.290941,-0.310182,0.101191,-0.696291,0.702215,-0.0719847,-0.129964
0.291226,-0.31028,0.101297,-0.696099,0.702371,-0.0715715,-0.130383
0.291517,-0.310361,0.10135,-0.695926,0.702493,-0.0710343,-0.130934
0.291798,-0.310449,0.101404,-0.695735,0.702633,-0.0704276,-0.131528
0.292127,-0.310523,0.101472,-0.695557,0.70276,-0.0699069,-0.132066
0.292432,-0.310597,0.101598,-0.695439,0.702853,-0.0697434,-0.13228
0.292733,-0.310692,0.10181,-0.695317,0.702978,-0.0698331,-0.13221
0.293091,-0.310735,0.102046,-0.695262,0.703044,-0.0699324,-0.132096
0.293456,-0.310798,0.102291,-0.695217,0.703082,-0.0701104,-0.132035
0.293919,-0.31085,0.102647,-0.695161,0.703164,-0.0704659,-0.131704
0.294339,-0.310909,0.102947,-0.695137,0.703197,-0.070773,-0.13149
0.294736,-0.310997,0.103259,-0.695059,0.703286,-0.0710145,-0.131297
0.295071,-0.311111,0.103503,-0.694929,0.703422,-0.0711673,-0.131174
0.295492,-0.311196,0.103771,-0.694817,0.703532,-0.0713821,-0.131056
0.295921,-0.311197,0.104004,-0.694809,0.703545,-0.0715247,-0.130957
0.296328,-0.31126,0.104302,-0.694729,0.703636,-0.0718148,-0.130736
0.296739,-0.311337,0.104609,-0.694645,0.703729,-0.0721009,-0.130523
0.297184,-0.311457,0.10493,-0.694536,0.703834,-0.072397,-0.130368
0.297593,-0.311563,0.105179,-0.694403,0.703963,-0.0725214,-0.13031
0.297956,-0.311636,0.105411,-0.694321,0.70403,-0.0726861,-0.130295
0.298322,-0.311777,0.105682,-0.694217,0.704121,-0.0729165,-0.130229
0.298718,-0.311927,0.105975,-0.694091,0.704235,-0.0731651,-0.130144
0.299055,-0.312095,0.106158,-0.693915,0.704383,-0.0730905,-0.130323
0.299412,-0.312209,0.106284,-0.693728,0.704529,-0.0726702,-0.13076
0.299985,-0.312287,0.106548,-0.693549,0.704661,-0.0722561,-0.131234
0.300485,-0.312474,0.10674,-0.693231,0.704911,-0.0716528,-0.131896
0.300922,-0.312664,0.106891,-0.692929,0.705141,-0.0709162,-0.13265
0.301372,-0.312834,0.107124,-0.692732,0.705284,-0.0707372,-0.133016
0.302014,-0.31295,0.107541,-0.692551,0.705453,-0.0708726,-0.13299
0.302562,-0.313074,0.107897,-0.692413,0.705578,-0.0709761,-0.132985
0.303057,-0.313182,0.108243,-0.692327,0.705674,-0.0711058,-0.132861
0.303626,-0.313255,0.108652,-0.69223,0.705804,-0.0713198,-0.132561
0.304319,-0.313319,0.109154,-0.692168,0.705895,-0.0717467,-0.132169
0.304671,-0.313455,0.109405,-0.692059,0.706015,-0.071924,-0.132004
0.305401,-0.313604,0.109979,-0.691943,0.706166,-0.0724548,-0.13151
0.305913,-0.313744,0.110339,-0.691764,0.706383,-0.0726373,-0.131186
0.306559,-0.313813,0.110815,-0.691727,0.706473,-0.0728847,-0.130758
0.307047,-0.313938,0.111122,-0.691647,0.706577,-0.0729279,-0.130594
0.307483,-0.314049,0.111401,-0.691559,0.706705,-0.072883,-0.130392
0.308016,-0.314207,0.111749,-0.691412,0.706877,-0.0728114,-0.130278
0.308406,-0.314381,0.111862,-0.691209,0.707049,-0.0721162,-0.130809
0.308858,-0.314545,0.112033,-0.690923,0.707276,-0.0714896,-0.131436
0.309248,-0.31484,0.112084,-0.690534,0.70758,-0.0705542,-0.132348
0.309644,-0.315045,0.112299,-0.690297,0.707782,-0.0703735,-0.132595
0.310027,-0.315285,0.112563,-0.690069,0.707981,-0.0704212,-0.132698
0.310569,-0.315406,0.112952,-0.689955,0.708117,-0.0706054,-0.132469
0.311053,-0.315641,0.113238,-0.689703,0.708366,-0.0705329,-0.132484
0.311694,-0.315725,0.11371,-0.689657,0.708442,-0.0708687,-0.132138
0.312417,-0.315864,0.114273,-0.689521,0.708602,-0.0712942,-0.131761
0.313015,-0.316097,0.114706,-0.689265,0.708855,-0.0715039,-0.131626
0.313671,-0.316199,0.115166,-0.689172,0.708957,-0.0717738,-0.131415
0.314446,-0.316291,0.115716,-0.689076,0.709055,-0.0721836,-0.131163
0.314977,-0.316504,0.116004,-0.688842,0.709265,-0.0721866,-0.131257
0.315537,-0.316607,0.116333,-0.688743,0.709365,-0.0723642,-0.131142
0.316086,-0.316817,0.116698,-0.688577,0.709506,-0.0726468,-0.131093
0.316599,-0.317013,0.117034,-0.688346,0.709724,-0.0727381,-0.131075
0.317111,-0.317216,0.117304,-0.688085,0.709951,-0.0725707,-0.131307
0.317774,-0.317478,0.117732,-0.687764,0.710239,-0.0725696,-0.131435
0.318258,-0.317695,0.117905,-0.687455,0.710468,-0.0719467,-0.132156
0.318867,-0.317929,0.118169,-0.68714,0.710685,-0.0714507,-0.132892
0.319387,-0.318142,0.118324,-0.686808,0.710952,-0.0707781,-0.133535
0.319864,-0.318309,0.11855,-0.68659,0.711136,-0.0705576,-0.133791
0.320382,-0.318483,0.118787,-0.686374,0.711317,-0.0704059,-0.134022
0.320831,-0.318639,0.119017,-0.686153,0.711515,-0.0702128,-0.134201
0.321353,-0.318782,0.119341,-0.685992,0.71167,-0.0703103,-0.13415
0.321906,-0.318985,0.119673,-0.685802,0.711846,-0.0702882,-0.134202
0.322375,-0.31919,0.119909,-0.685551,0.712046,-0.0699597,-0.134596
0.323031,-0.319363,0.120324,-0.685344,0.712242,-0.0700536,-0.134564
0.323571,-0.319559,0.120576,-0.685097,0.712452,-0.0697595,-0.134862
0.324098,-0.319708,0.120898,-0.684936,0.712585,-0.0696559,-0.135029
0.324824,-0.31986,0.121356,-0.684745,0.712754,-0.0696449,-0.135115
0.325557,-0.320032,0.121756,-0.684514,0.712975,-0.0694883,-0.135199
0.326103,-0.320254,0.122123,-0.684301,0.713159,-0.0696154,-0.135236
0.326665,-0.320394,0.122599,-0.684147,0.713321,-0.069954,-0.134991
0.327377,-0.320532,0.123204,-0.68401,0.713495,-0.0704537,-0.134507
0.327911,-0.320696,0.12354,-0.683868,0.713635,-0.070576,-0.134422
0.328462,-0.32084,0.123932,-0.683773,0.713742,-0.0708359,-0.134196
0.329097,-0.321021,0.124381,-0.683609,0.713925,-0.0710426,-0.13395
0.329611,-0.32116,0.12473,-0.683502,0.71405,-0.0711853,-0.133756
0.330092,-0.321341,0.125009,-0.683323,0.714227,-0.0710936,-0.133771
0.330614,-0.321539,0.125251,-0.683102,0.714419,-0.0709314,-0.133962
0.331094,-0.321758,0.125544,-0.68287,0.714637,-0.070845,-0.134031
0.331636,-0.321929,0.125877,-0.682657,0.714821,-0.070802,-0.134155
0.332138,-0.322189,0.12609,-0.682355,0.715073,-0.0704794,-0.13452
0.332591,-0.322431,0.126353,-0.68207,0.715298,-0.070224,-0.134898
0.333182,-0.322681,0.126676,-0.681803,0.715493,-0.0700622,-0.135301
0.333652,-0.322932,0.126858,-0.681518,0.715715,-0.0697428,-0.135728
0.33414,-0.323174,0.12714,-0.681229,0.715954,-0.0695407,-0.13602
0.334721,-0.323343,0.127486,-0.681013,0.716127,-0.0693887,-0.13627
0.335215,-0.32355,0.1277,-0.6808,0.716314,-0.0689474,-0.13657
0.335785,-0.323734,0.128052,-0.680639,0.716495,-0.0686872,-0.136558
0.336324,-0.324,0.128415,-0.680485,0.716666,-0.0686475,-0.136445
0.336846,-0.324258,0.128793,-0.680316,0.71682,-0.0686889,-0.136458
0.337351,-0.324571,0.129203,-0.680083,0.717031,-0.0688699,-0.136418
0.337825,-0.324931,0.129522,-0.67986,0.717208,-0.068984,-0.136542
0.338283,-0.325223,0.129872,-0.679659,0.717384,-0.0690408,-0.136593
0.33879,-0.325544,0.130246,-0.679436,0.717588,-0.069116,-0.13659
0.339231,-0.325808,0.130537,-0.679204,0.717829,-0.0688706,-0.136602
0.339754,-0.326021,0.130885,-0.678998,0.718015,-0.0687692,-0.136705
0.34038,-0.326246,0.131297,-0.678777,0.71822,-0.0686638,-0.136772
0.340887,-0.326456,0.131606,-0.678531,0.718442,-0.0683393,-0.136992
0.34146,-0.326643,0.13204,-0.678352,0.718631,-0.0682392,-0.136934
0.342023,-0.326863,0.132388,-0.678224,0.718826,-0.0680619,-0.136633
0.342522,-0.327011,0.132725,-0.678305,0.718998,-0.0673478,-0.135682
0.342928,-0.327157,0.132988,-0.678314,0.719106,-0.0670341,-0.135215
0.343504,-0.327302,0.13338,-0.678245,0.719273,-0.0668587,-0.134756
0.343944,-0.327504,0.133667,-0.678147,0.719489,-0.0664978,-0.134277
0.344291,-0.327726,0.133906,-0.678065,0.719642,-0.0663506,-0.133945
0.344648,-0.327924,0.134087,-0.677896,0.719807,-0.0661408,-0.134018
0.345053,-0.328118,0.134341,-0.677733,0.719959,-0.0661397,-0.134024
0.345393,-0.328319,0.134555,-0.677555,0.720116,-0.0661541,-0.134072
0.345826,-0.328438,0.134898,-0.677453,0.720217,-0.0663957,-0.133932
0.346197,-0.328781,0.135144,-0.677194,0.720432,-0.066453,-0.134055
0.346545,-0.329048,0.135372,-0.676943,0.720651,-0.0664663,-0.134133
0.346932,-0.329256,0.135666,-0.676753,0.720831,-0.0665553,-0.134084
0.347375,-0.329407,0.135955,-0.676624,0.720952,-0.0666223,-0.134051
0.347854,-0.329572,0.136364,-0.676473,0.721104,-0.0667728,-0.133921
0.348263,-0.329726,0.136595,-0.676317,0.721255,-0.0666665,-0.133947
0.34867,-0.329827,0.136894,-0.676229,0.721332,-0.066791,-0.133915
0.349077,-0.330021,0.137179,-0.676068,0.721474,-0.0669319,-0.133897
0.349404,-0.330182,0.137413,-0.675919,0.721607,-0.0670034,-0.133895
0.349887,-0.330259,0.137744,-0.67584,0.72168,-0.0672069,-0.133794
0.350229,-0.330459,0.137875,-0.67562,0.721864,-0.0670258,-0.134006
0.350581,-0.330584,0.138099,-0.675502,0.721973,-0.0670548,-0.133999
0.351003,-0.330744,0.138401,-0.675333,0.722126,-0.0670937,-0.134004
0.351333,-0.330875,0.138629,-0.675195,0.722254,-0.0670774,-0.134024
0.351717,-0.331024,0.138861,-0.675014,0.722403,-0.0669403,-0.134194
0.352011,-0.33122,0.138932,-0.674804,0.722546,-0.0665757,-0.134668
0.352273,-0.331377,0.139016,-0.674581,0.722702,-0.0660432,-0.135204
0.352533,-0.331577,0.139103,-0.674329,0.722896,-0.0656531,-0.135612
0.352769,-0.331732,0.139157,-0.674129,0.723044,-0.0652475,-0.136019
0.353133,-0.331876,0.13932,-0.673951,0.723171,-0.0648778,-0.136402
0.35343,-0.332032,0.139495,-0.673797,0.723297,-0.0648099,-0.136523
0.353697,-0.33224,0.139733,-0.673628,0.723454,-0.06498,-0.136442
0.353983,-0.332369,0.139984,-0.673506,0.723577,-0.0651308,-0.136323
0.354236,-0.33248,0.140181,-0.673386,0.723691,-0.0652732,-0.136241
0.354606,-0.332526,0.140493,-0.673356,0.723737,-0.0655152,-0.136031
0.354813,-0.332604,0.140599,-0.673294,0.723792,-0.0655121,-0.136047
0.355094,-0.332748,0.14083,-0.673173,0.723909,-0.0656266,-0.135969
0.355218,-0.332879,0.14087,-0.673076,0.723985,-0.0654731,-0.136114
0.355431,-0.332989,0.141009,-0.672991,0.724057,-0.0654844,-0.136149
0.355577,-0.333119,0.141013,-0.672851,0.724163,-0.0653147,-0.136361
0.355766,-0.333279,0.141166,-0.672713,0.724286,-0.0653511,-0.136367
0.355979,-0.333408,0.141296,-0.672589,0.724393,-0.0653037,-0.136432
0.356242,-0.333452,0.141499,-0.672551,0.724435,-0.0654087,-0.136346
0.356454,-0.333626,0.141683,-0.67236,0.724612,-0.0654243,-0.136344
0.356625,-0.333695,0.141827,-0.672283,0.724681,-0.0654633,-0.136338
0.356823,-0.3338,0.141974,-0.672186,0.724765,-0.0655071,-0.136344
0.356976,-0.333866,0.142062,-0.672124,0.724814,-0.0654889,-0.136402
0.357098,-0.333959,0.142136,-0.67206,0.724858,-0.0655093,-0.136471
0.357238,-0.334044,0.142203,-0.671969,0.724929,-0.0654889,-0.136551
0.35736,-0.334163,0.142228,-0.671874,0.724992,-0.0653904,-0.136732
0.357493,-0.334259,0.142318,-0.671781,0.72507,-0.0653834,-0.13678
0.357654,-0.334334,0.142439,-0.671691,0.725148,-0.0654174,-0.136791
0.357801,-0.334449,0.142532,-0.671611,0.725214,-0.0654239,-0.136833
0.35794,-0.334544,0.142652,-0.671514,0.725303,-0.0654867,-0.13681
0.358094,-0.334609,0.142769,-0.671452,0.725363,-0.0655513,-0.13676
0.358248,-0.334672,0.142895,-0.671421,0.725391,-0.0656361,-0.136725
0.358376,-0.334727,0.142997,-0.671367,0.725443,-0.065717,-0.136677
0.358477,-0.334788,0.143047,-0.6713,0.725501,-0.0657147,-0.136702
0.358622,-0.334819,0.143142,-0.671264,0.725535,-0.065794,-0.136652
0.358701,-0.334895,0.143191,-0.671221,0.725568,-0.065815,-0.136681
0.358782,-0.334924,0.143242,-0.671204,0.725581,-0.0658558,-0.136677
0.358881,-0.334979,0.143296,-0.671169,0.725608,-0.0658902,-0.13669
0.358968,-0.335018,0.14334,-0.671126,0.725648,-0.0659016,-0.136678
0.359005,-0.335067,0.143353,-0.67107,0.725692,-0.0659079,-0.136723
0.359076,-0.335101,0.143416,-0.671047,0.725719,-0.0659432,-0.136676
0.35914,-0.335138,0.143461,-0.671017,0.725743,-0.0659747,-0.136676
0.359227,-0.335175,0.143562,-0.670977,0.725784,-0.0660659,-0.13661
0.359246,-0.335257,0.143576,-0.670921,0.725831,-0.0660518,-0.136643
0.359305,-0.335279,0.1436,-0.670909,0.72584,-0.066055,-0.136654
0.359302,-0.335313,0.143554,-0.670865,0.725872,-0.0659731,-0.136739
0.359354,-0.335333,0.143594,-0.670842,0.725898,-0.0659843,-0.136708
0.359402,-0.335343,0.143621,-0.67084,0.725903,-0.065983,-0.136693
0.359455,-0.335378,0.143674,-0.670785,0.725953,-0.0660298,-0.136677
0.35949,-0.33539,0.143674,-0.670781,0.725955,-0.0660104,-0.136689
0.359571,-0.335388,0.143733,-0.670802,0.725938,-0.0660552,-0.136658
0.3596,-0.335415,0.143754,-0.670767,0.725972,-0.0660597,-0.136646
0.359656,-0.33542,0.143819,-0.67077,0.725972,-0.066117,-0.136604
0.359668,-0.335455,0.143807,-0.670727,0.726006,-0.066078,-0.136655
0.359706,-0.335454,0.143837,-0.670751,0.725983,-0.0661119,-0.13664
0.359736,-0.33545,0.143846,-0.670727,0.726009,-0.0661018,-0.136628
0.35973,-0.335477,0.143844,-0.670731,0.726002,-0.0660932,-0.136649
0.359776,-0.335466,0.143878,-0.670722,0.726009,-0.0661281,-0.136635
0.359781,-0.335463,0.14387,-0.670741,0.725991,-0.066107,-0.136649
0.359791,-0.335476,0.143896,-0.670718,0.726016,-0.0661281,-0.136625
0.359788,-0.335492,0.143901,-0.670702,0.726029,-0.0661274,-0.136627
0.359822,-0.335498,0.143927,-0.670678,0.726052,-0.0661495,-0.136616
0.359832,-0.335466,0.143917,-0.670724,0.726009,-0.0661404,-0.136623
0.359845,-0.335477,0.143932,-0.670715,0.726019,-0.0661444,-0.136615
0.359842,-0.335485,0.143928,-0.670708,0.726025,-0.066128,-0.136625
0.359847,-0.335499,0.143941,-0.670691,0.726042,-0.066134,-0.136613
0.359858,-0.335487,0.143933,-0.670709,0.726023,-0.066115,-0.136632
0.359866,-0.335491,0.143947,-0.670721,0.726015,-0.0661177,-0.136612
0.359861,-0.335524,0.143959,-0.670665,0.726067,-0.0661321,-0.136608
0.359878,-0.335513,0.143973,-0.670673,0.726061,-0.0661528,-0.136592
0.359887,-0.335502,0.14397,-0.670702,0.726033,-0.0661417,-0.136601
0.359894,-0.335507,0.143983,-0.670691,0.726045,-0.0661548,-0.136583
0.359891,-0.335516,0.143982,-0.670693,0.726044,-0.0661331,-0.136595
0.359899,-0.335506,0.143991,-0.670678,0.726057,-0.0661562,-0.136583
0.35989,-0.335527,0.143993,-0.670683,0.726052,-0.0661404,-0.136595
0.359899,-0.335513,0.14399,-0.670687,0.726047,-0.0661411,-0.136601
0.359906,-0.335526,0.144005,-0.670681,0.726057,-0.0661413,-0.136578
0.359904,-0.335527,0.144002,-0.670677,0.726057,-0.0661509,-0.136594
0.359911,-0.335536,0.144008,-0.670657,0.726075,-0.0661497,-0.136598
0.359923,-0.335513,0.143995,-0.670682,0.72605,-0.0661321,-0.136613
0.359917,-0.335524,0.144006,-0.670674,0.726058,-0.0661399,-0.136605
0.359916,-0.335533,0.144009,-0.67067,0.726064,-0.066137,-0.136599
0.359932,-0.335551,0.144029,-0.670649,0.726083,-0.0661527,-0.136592
0.359923,-0.335558,0.144022,-0.670626,0.726104,-0.0661409,-0.1366
0.359929,-0.335553,0.144004,-0.670651,0.726079,-0.0661014,-0.136631
0.359932,-0.335559,0.144004,-0.670655,0.726072,-0.0661067,-0.136643
0.359939,-0.335585,0.143998,-0.670628,0.726098,-0.0660813,-0.13665
0.35994,-0.335579,0.143983,-0.670632,0.72609,-0.0660721,-0.136675
0.359964,-0.335584,0.144007,-0.670627,0.726099,-0.0660914,-0.136645
0.359964,-0.335581,0.143986,-0.670627,0.726097,-0.0660613,-0.136667
0.360006,-0.335569,0.144004,-0.670636,0.72609,-0.0660771,-0.136656
0.359988,-0.335607,0.143983,-0.670595,0.726125,-0.0660425,-0.136687
0.360013,-0.33561,0.143971,-0.670595,0.726122,-0.0660243,-0.136712
0.360016,-0.335621,0.14393,-0.67059,0.726121,-0.0659675,-0.136766
0.360046,-0.335635,0.143926,-0.670565,0.726147,-0.0659417,-0.136766
0.360045,-0.335669,0.143907,-0.67056,0.726147,-0.0659043,-0.136804
0.360076,-0.335694,0.143928,-0.670536,0.72617,-0.0659097,-0.136804
0.360068,-0.335733,0.143855,-0.670492,0.726204,-0.0658066,-0.136886
0.360105,-0.335729,0.143833,-0.670488,0.726206,-0.06576,-0.136917
0.360121,-0.335736,0.143805,-0.670491,0.726201,-0.0657144,-0.136952
0.360147,-0.335769,0.143829,-0.670437,0.72625,-0.0657349,-0.136948
0.360163,-0.335789,0.143804,-0.670404,0.726278,-0.0656918,-0.136981
0.36019,-0.335812,0.143778,-0.670382,0.726297,-0.0656297,-0.137019
0.36022,-0.335824,0.14377,-0.670387,0.726291,-0.0656005,-0.137036
0.36023,-0.335872,0.143744,-0.670334,0.726336,-0.0655492,-0.137085
0.360274,-0.335885,0.143714,-0.670323,0.726342,-0.0654922,-0.137128
0.360333,-0.335909,0.143713,-0.670296,0.726362,-0.0654809,-0.137164
0.360344,-0.335942,0.143663,-0.670274,0.726379,-0.0653925,-0.137226
0.360361,-0.335989,0.143656,-0.670225,0.726422,-0.0653667,-0.137249
0.36039,-0.336039,0.143633,-0.670179,0.72646,-0.0653096,-0.137297
0.360436,-0.336049,0.143622,-0.670149,0.726485,-0.0652811,-0.137324
0.360448,-0.336106,0.143604,-0.670106,0.726522,-0.0652276,-0.137363
0.360482,-0.336139,0.143597,-0.670065,0.726557,-0.0652041,-0.137393
0.360536,-0.336168,0.143579,-0.670044,0.726574,-0.0651423,-0.137429
0.360575,-0.336232,0.143566,-0.669961,0.726647,-0.0651027,-0.137469
0.360647,-0.336284,0.143553,-0.669929,0.726674,-0.0650391,-0.137513
0.360693,-0.336323,0.143534,-0.669909,0.726684,-0.0650048,-0.137573
0.360798,-0.336351,0.143606,-0.669885,0.726709,-0.0650528,-0.137538
0.360884,-0.336395,0.143627,-0.669833,0.726756,-0.0650395,-0.137551
0.360953,-0.336448,0.143638,-0.669782,0.7268,-0.0650166,-0.137577
0.361044,-0.336492,0.143668,-0.669738,0.726838,-0.0650231,-0.137583
0.361097,-0.336554,0.14364,-0.669684,0.726878,-0.0649592,-0.137662
0.361198,-0.336613,0.143674,-0.66964,0.726918,-0.0649458,-0.137678
0.361267,-0.336672,0.143666,-0.669568,0.72698,-0.0649157,-0.137714
0.361328,-0.336711,0.143679,-0.669512,0.727032,-0.0649022,-0.137721
0.361413,-0.336746,0.14368,-0.669495,0.727039,-0.0648793,-0.137772
0.361497,-0.336815,0.143708,-0.669421,0.727105,-0.0648728,-0.137785
0.361533,-0.336879,0.143672,-0.669362,0.727149,-0.0648039,-0.13787
0.361621,-0.336929,0.143685,-0.669313,0.727195,-0.0647767,-0.137882
0.361682,-0.337001,0.143671,-0.66927,0.727232,-0.0647102,-0.137928
0.361747,-0.337081,0.143699,-0.669188,0.727302,-0.0647116,-0.137955
0.36178,-0.337174,0.143611,-0.669106,0.727365,-0.0645583,-0.138093
0.361859,-0.337202,0.143605,-0.669092,0.727371,-0.0645336,-0.13814
0.361876,-0.337251,0.143588,-0.669031,0.727427,-0.0644809,-0.138163
0.361964,-0.337303,0.143619,-0.668987,0.727467,-0.0644788,-0.138165
0.36202,-0.337403,0.14357,-0.668877,0.727557,-0.0643793,-0.138273
0.362082,-0.337494,0.143581,-0.668802,0.727619,-0.0643627,-0.138317
0.362159,-0.337568,0.143519,-0.668723,0.72768,-0.0642472,-0.138432
0.362239,-0.337632,0.143501,-0.668653,0.727738,-0.0641844,-0.138492
0.36229,-0.337738,0.143471,-0.668552,0.727822,-0.0641033,-0.138582
0.362333,-0.337864,0.143388,-0.668435,0.727913,-0.0639653,-0.138726
0.362388,-0.337956,0.143328,-0.668356,0.72797,-0.0638671,-0.138853
0.36247,-0.338027,0.143321,-0.66829,0.728025,-0.0638174,-0.138907
0.36255,-0.338114,0.143322,-0.668202,0.728106,-0.0637488,-0.138939
0.36264,-0.338231,0.143273,-0.66811,0.72817,-0.0636556,-0.139086
0.362718,-0.338342,0.143231,-0.668016,0.728243,-0.0635655,-0.139202
0.362791,-0.338455,0.143211,-0.667919,0.728317,-0.0635135,-0.139301
0.362905,-0.338552,0.143217,-0.667851,0.728363,-0.0634818,-0.139402
0.362978,-0.338708,0.143161,-0.667701,0.728485,-0.0633536,-0.139542
0.36308,-0.338795,0.14319,-0.667624,0.728553,-0.0633353,-0.139565
0.363169,-0.338885,0.143173,-0.667545,0.728617,-0.0632567,-0.13964
0.363297,-0.33897,0.143166,-0.667455,0.728695,-0.0631878,-0.139699
0.363377,-0.33904,0.143104,-0.667388,0.728747,-0.0630653,-0.139798
0.363494,-0.339107,0.143122,-0.667319,0.728806,-0.0630402,-0.139832
0.3636,-0.339191,0.143121,-0.667254,0.72886,-0.0629848,-0.139884
0.363749,-0.339324,0.143175,-0.667126,0.728975,-0.0629688,-0.139906
0.363862,-0.339406,0.143173,-0.667032,0.729058,-0.06291,-0.139949
0.363984,-0.339494,0.143205,-0.666964,0.729115,-0.0628984,-0.139976
0.36409,-0.339596,0.143168,-0.666883,0.729173,-0.0628173,-0.140098
0.364239,-0.339686,0.143188,-0.666798,0.729244,-0.0627688,-0.140155
0.364295,-0.339833,0.143091,-0.666661,0.729352,-0.0625967,-0.140322
0.364415,-0.339946,0.143099,-0.666548,0.729453,-0.0625215,-0.140369
0.364508,-0.340017,0.143064,-0.666481,0.729504,-0.0624419,-0.140457
0.364609,-0.340119,0.143074,-0.666376,0.729592,-0.0623991,-0.140515
0.364705,-0.340191,0.143036,-0.666329,0.729628,-0.0623162,-0.14059
0.364809,-0.340345,0.143068,-0.666181,0.729758,-0.062277,-0.14063
0.364869,-0.340483,0.142959,-0.666057,0.729857,-0.0620829,-0.14079
0.364988,-0.340585,0.142952,-0.665961,0.729933,-0.0620303,-0.140876
0.365053,-0.340714,0.142911,-0.665841,0.730032,-0.0619308,-0.140977
0.365156,-0.340852,0.142883,-0.665737,0.730111,-0.061831,-0.141098
0.365198,-0.340981,0.14278,-0.665618,0.730204,-0.0616782,-0.141246
0.365285,-0.341102,0.142704,-0.6655,0.7303,-0.0615142,-0.141377
0.365323,-0.341187,0.142619,-0.665429,0.730355,-0.0613755,-0.141486
0.365441,-0.341302,0.142574,-0.665326,0.730434,-0.0612571,-0.141616
0.36551,-0.341436,0.142507,-0.665198,0.730541,-0.061106,-0.14173
0.365615,-0.341586,0.142479,-0.665074,0.730641,-0.0610191,-0.141836
0.365671,-0.341744,0.142377,-0.664915,0.730769,-0.0608499,-0.141992
0.365756,-0.341897,0.1423,-0.664785,0.730874,-0.0606824,-0.142132
0.365853,-0.34205,0.142193,-0.664649,0.730973,-0.0604786,-0.142349
0.36599,-0.342182,0.14217,-0.664539,0.731059,-0.0603643,-0.142469
0.366074,-0.342315,0.142142,-0.664417,0.731157,-0.0602992,-0.14256
0.366195,-0.342456,0.142095,-0.664275,0.731273,-0.0601484,-0.142691
0.366332,-0.342592,0.142087,-0.664156,0.731372,-0.0600934,-0.142762
0.366422,-0.34271,0.142011,-0.664045,0.731459,-0.0599323,-0.142898
0.366556,-0.342834,0.142033,-0.663929,0.731559,-0.0598778,-0.142951
0.366704,-0.342962,0.142045,-0.663795,0.731672,-0.059804,-0.143022
0.366834,-0.343095,0.141967,-0.663683,0.731752,-0.0596459,-0.143198
0.366958,-0.343202,0.141943,-0.663589,0.731828,-0.059532,-0.143293
0.367085,-0.343279,0.141971,-0.663525,0.731884,-0.0595315,-0.143303
0.367228,-0.343395,0.142014,-0.663398,0.731996,-0.0595096,-0.143327
0.367355,-0.343499,0.141993,-0.663325,0.732053,-0.0594618,-0.143393
0.367445,-0.343641,0.141955,-0.663201,0.732153,-0.0593456,-0.143508
0.367534,-0.34376,0.141889,-0.663094,0.732231,-0.0592269,-0.143654
0.367656,-0.343924,0.141853,-0.662946,0.73235,-0.0591178,-0.143777
0.367719,-0.344103,0.141752,-0.662783,0.732475,-0.0589278,-0.143968
0.367776,-0.344269,0.141705,-0.662648,0.732575,-0.0588414,-0.144113
0.367885,-0.344387,0.141707,-0.662556,0.732651,-0.0588175,-0.14416
0.367985,-0.344576,0.141696,-0.662375,0.732807,-0.0587461,-0.144232
0.368105,-0.344719,0.141713,-0.662238,0.732926,-0.0587223,-0.144263
0.368201,-0.344903,0.141716,-0.662083,0.733056,-0.0586896,-0.14433
0.368311,-0.344997,0.141698,-0.662018,0.733099,-0.0586427,-0.144429
0.368444,-0.345097,0.14171,-0.661936,0.73317,-0.0586029,-0.14446
0.36859,-0.345208,0.141777,-0.661831,0.733266,-0.0586331,-0.144439
0.368697,-0.345368,0.141771,-0.661684,0.73339,-0.0585797,-0.144507
0.368856,-0.345463,0.141811,-0.66161,0.733452,-0.0585936,-0.144528
0.368992,-0.345549,0.141828,-0.661539,0.733519,-0.0585602,-0.14452
0.369208,-0.345618,0.141934,-0.661461,0.733593,-0.0586237,-0.144481
0.369324,-0.345775,0.141927,-0.661329,0.733705,-0.0585487,-0.144542
0.369464,-0.345893,0.141949,-0.661224,0.733795,-0.0585245,-0.144578
0.369543,-0.346046,0.14189,-0.661109,0.733877,-0.058436,-0.144724
0.36964,-0.346192,0.141927,-0.660981,0.733995,-0.0584564,-0.144703
0.369693,-0.346292,0.141851,-0.660902,0.734058,-0.0583879,-0.14477
0.369784,-0.346466,0.141809,-0.660759,0.734173,-0.0583005,-0.144874
0.369864,-0.346616,0.141707,-0.66065,0.734246,-0.0581754,-0.145052
0.369951,-0.346725,0.141692,-0.660567,0.734311,-0.0581317,-0.145116
0.37002,-0.346859,0.141666,-0.660466,0.734399,-0.0580879,-0.14515
0.37015,-0.347021,0.141736,-0.660338,0.734513,-0.0581478,-0.145132
0.370226,-0.347227,0.141713,-0.660192,0.734627,-0.0581134,-0.145233
0.370332,-0.347395,0.141776,-0.660077,0.734721,-0.0582008,-0.145247
0.370431,-0.347584,0.141804,-0.659934,0.73483,-0.0582103,-0.145336
0.370549,-0.347759,0.141801,-0.659808,0.734924,-0.058192,-0.145447
0.370683,-0.347908,0.141787,-0.659694,0.735013,-0.058157,-0.145526
0.370773,-0.34802,0.141768,-0.659583,0.735114,-0.058095,-0.145544
0.370892,-0.348119,0.141769,-0.659517,0.735172,-0.0581264,-0.145537
0.371013,-0.348292,0.141783,-0.659367,0.735295,-0.0580705,-0.145617
0.371095,-0.3484,0.141675,-0.6593,0.73534,-0.0579599,-0.145741
0.37121,-0.348488,0.141691,-0.65922,0.735402,-0.0579689,-0.145782
0.371294,-0.348624,0.141615,-0.659095,0.735501,-0.0578519,-0.145894
0.371408,-0.348749,0.141637,-0.658972,0.735609,-0.0578282,-0.145917
0.371488,-0.348894,0.141634,-0.65886,0.735699,-0.0577997,-0.14598
0.371653,-0.34901,0.141736,-0.658788,0.735764,-0.0578883,-0.145943
0.371757,-0.349159,0.141732,-0.658668,0.735859,-0.0578354,-0.146025
0.371895,-0.349301,0.14177,-0.658553,0.73595,-0.057832,-0.146087
0.37199,-0.349408,0.141771,-0.658449,0.736036,-0.0577702,-0.146146
0.372039,-0.349528,0.141772,-0.65835,0.736122,-0.0577518,-0.14617
0.372161,-0.349612,0.141812,-0.658293,0.73616,-0.0577709,-0.146221
0.372222,-0.349756,0.141773,-0.658174,0.736253,-0.0576789,-0.146327
0.372286,-0.349852,0.14173,-0.658085,0.736318,-0.0576049,-0.14643
0.372368,-0.349935,0.141694,-0.658017,0.736364,-0.0575258,-0.146535
0.372444,-0.350036,0.141745,-0.657918,0.736449,-0.0575482,-0.146543
0.372487,-0.350186,0.141714,-0.657829,0.736508,-0.0575051,-0.14666
0.372592,-0.350252,0.141725,-0.657785,0.73654,-0.0574948,-0.146704
0.372625,-0.350401,0.141682,-0.65766,0.736635,-0.0574106,-0.146817
0.372668,-0.350555,0.141658,-0.657537,0.736728,-0.0573372,-0.146933
0.372699,-0.350699,0.141621,-0.657417,0.736817,-0.0572722,-0.147049
0.372774,-0.350794,0.141599,-0.657346,0.736869,-0.0572277,-0.147123
0.372832,-0.350894,0.141539,-0.65726,0.736928,-0.0571248,-0.147251
0.372897,-0.351013,0.141537,-0.657141,0.737021,-0.0570857,-0.147329
0.372932,-0.351113,0.141471,-0.657058,0.737089,-0.0569529,-0.147413
0.372982,-0.3512,0.141429,-0.656975,0.737152,-0.0568633,-0.147504
0.373068,-0.351246,0.14141,-0.656922,0.737195,-0.0568023,-0.147546
0.373142,-0.351347,0.141422,-0.656851,0.737252,-0.0568032,-0.147579
0.373224,-0.3514,0.141421,-0.656821,0.737274,-0.0567996,-0.147603
0.373282,-0.351493,0.141427,-0.656744,0.73734,-0.0567879,-0.147621
0.37335,-0.351535,0.141421,-0.656707,0.737374,-0.0567839,-0.147619
0.37343,-0.351612,0.141453,-0.656638,0.737435,-0.056821,-0.147603
0.373508,-0.351667,0.141448,-0.656628,0.737439,-0.0567996,-0.147637
0.37356,-0.351769,0.141471,-0.656541,0.737513,-0.0568015,-0.147657
0.373641,-0.351851,0.141499,-0.656466,0.737574,-0.0568097,-0.147679
0.373722,-0.351919,0.141528,-0.65642,0.737612,-0.0568534,-0.147678
0.373807,-0.35198,0.141555,-0.656362,0.737668,-0.0568731,-0.14765
0.373832,-0.352057,0.141542,-0.656289,0.737725,-0.0568551,-0.147694
0.373911,-0.352098,0.141593,-0.656278,0.737746,-0.056918,-0.147612
0.373995,-0.352151,0.141625,-0.656224,0.7378,-0.0569522,-0.147571
0.37407,-0.352205,0.14166,-0.65619,0.73784,-0.056979,-0.147512
0.374138,-0.352267,0.141657,-0.656127,0.737895,-0.056941,-0.147535
0.374189,-0.352287,0.141684,-0.656112,0.737916,-0.0569859,-0.147478
0.374212,-0.352353,0.141688,-0.656068,0.737959,-0.057002,-0.147455
0.374273,-0.352387,0.141706,-0.656026,0.738003,-0.057019,-0.147413
0.374336,-0.352454,0.141714,-0.655973,0.738049,-0.0570077,-0.147421
0.374367,-0.352502,0.141705,-0.655927,0.738099,-0.0569821,-0.147384
0.374384,-0.35256,0.141677,-0.655892,0.738124,-0.0569846,-0.147416
0.374444,-0.352602,0.14168,-0.655881,0.738133,-0.0570054,-0.147413
0.374492,-0.352601,0.141671,-0.655884,0.73813,-0.0569984,-0.147414
0.374538,-0.352649,0.141705,-0.655851,0.738173,-0.0570599,-0.147326
0.374544,-0.352697,0.141673,-0.655818,0.738201,-0.0570584,-0.14733
0.374573,-0.352749,0.141685,-0.655778,0.73824,-0.0570675,-0.147313
0.374599,-0.352774,0.141667,-0.655759,0.738255,-0.0570588,-0.147321
0.374631,-0.35283,0.141671,-0.655717,0.738295,-0.0570647,-0.147308
0.374626,-0.352881,0.141634,-0.655675,0.738328,-0.0569931,-0.147357
0.374652,-0.352933,0.141634,-0.65562,0.738378,-0.0569905,-0.147352
0.374722,-0.35295,0.141694,-0.655602,0.738399,-0.0570514,-0.147301
0.37472,-0.353011,0.141721,-0.655556,0.738446,-0.0570651,-0.147269
0.374777,-0.353025,0.141738,-0.655553,0.738443,-0.0570905,-0.147288
0.374777,-0.353059,0.141719,-0.655529,0.738462,-0.0570717,-0.147301
0.374802,-0.353095,0.141745,-0.655507,0.738481,-0.0570967,-0.147298
0.37484,-0.353103,0.141736,-0.655507,0.738477,-0.057079,-0.147326
0.374853,-0.353148,0.141756,-0.655467,0.738509,-0.057107,-0.147333
0.374887,-0.353166,0.14175,-0.655452,0.738521,-0.057082,-0.147348
0.374897,-0.353176,0.141742,-0.655459,0.738509,-0.0570751,-0.147378
0.374897,-0.353223,0.141746,-0.655415,0.738548,-0.0570713,-0.14738
0.374938,-0.353227,0.141743,-0.655417,0.738543,-0.0570689,-0.147397
0.374935,-0.353287,0.141762,-0.655376,0.73858,-0.0570764,-0.147392
0.37495,-0.353305,0.141755,-0.655356,0.738597,-0.0570614,-0.147403
0.374981,-0.353329,0.141785,-0.655344,0.73861,-0.0570916,-0.14738
0.375004,-0.353354,0.141802,-0.655319,0.738631,-0.0571062,-0.147376
0.375013,-0.353378,0.141795,-0.655312,0.738634,-0.0570943,-0.147398
0.374998,-0.353404,0.141782,-0.655286,0.738654,-0.057078,-0.147421
0.375035,-0.353412,0.141827,-0.655272,0.738671,-0.0571167,-0.14738
0.37504,-0.353425,0.141795,-0.65527,0.738662,-0.0570954,-0.147441
0.375046,-0.353425,0.141797,-0.65529,0.738644,-0.0570946,-0.147446
0.37505,-0.353447,0.14179,-0.655255,0.738673,-0.0570841,-0.14746
0.375065,-0.353458,0.141803,-0.655256,0.738676,-0.0570856,-0.147444
0.375042,-0.353508,0.141798,-0.655205,0.738718,-0.057069,-0.147464
0.375072,-0.353475,0.141811,-0.655258,0.738675,-0.0570856,-0.147437
0.375064,-0.353514,0.141816,-0.655216,0.738712,-0.0570812,-0.14744
0.37507,-0.353513,0.141801,-0.655222,0.738703,-0.0570648,-0.147463
0.375083,-0.353522,0.141815,-0.655212,0.738712,-0.0570886,-0.147454
0.375081,-0.353537,0.141814,-0.655199,0.738723,-0.05708,-0.147458
0.375076,-0.353547,0.141808,-0.655191,0.738729,-0.0570741,-0.147468
0.375104,-0.35353,0.141821,-0.655211,0.738712,-0.0570883,-0.147456
0.3751,-0.353553,0.141842,-0.655202,0.738722,-0.0571049,-0.147442
0.375112,-0.353542,0.141847,-0.655212,0.738713,-0.0571229,-0.147435
0.375116,-0.353585,0.141838,-0.655181,0.738743,-0.0570707,-0.147445
0.375125,-0.353553,0.141827,-0.655213,0.738712,-0.0570683,-0.147456
0.375114,-0.353579,0.141836,-0.655176,0.738749,-0.0570723,-0.147435
0.375127,-0.353565,0.141842,-0.655194,0.738732,-0.0570898,-0.147434
0.37513,-0.353561,0.141831,-0.655225,0.738706,-0.0570603,-0.147437
0.37514,-0.353566,0.141841,-0.655202,0.73873,-0.0570708,-0.147416
0.37511,-0.353604,0.141841,-0.655159,0.738769,-0.0570623,-0.147418
0.37512,-0.353586,0.141849,-0.655182,0.73875,-0.0570733,-0.147404
0.375122,-0.353586,0.141837,-0.655194,0.73874,-0.0570519,-0.147409
0.375116,-0.353594,0.141846,-0.655179,0.738755,-0.0570621,-0.147393
0.375133,-0.353591,0.141857,-0.655188,0.738752,-0.0570575,-0.14737
0.375166,-0.35356,0.141886,-0.655229,0.738724,-0.0570937,-0.147319
0.375143,-0.353582,0.14187,-0.655215,0.738734,-0.0570744,-0.147334
0.375141,-0.353574,0.141859,-0.655221,0.738726,-0.0570681,-0.14735
0.375137,-0.353584,0.141864,-0.655206,0.738743,-0.0570665,-0.147335
0.375152,-0.353576,0.14189,-0.655223,0.738733,-0.0570926,-0.147302
0.375142,-0.353586,0.141885,-0.655219,0.738738,-0.0570749,-0.147299
0.375147,-0.353569,0.141873,-0.655234,0.738725,-0.0570669,-0.147303
0.375139,-0.353568,0.14187,-0.655245,0.738716,-0.0570549,-0.147299
0.375125,-0.353573,0.141864,-0.65524,0.738723,-0.0570511,-0.147287
0.37513,-0.353578,0.141892,-0.65523,0.738742,-0.05707,-0.147233
0.375115,-0.353568,0.141877,-0.655262,0.738717,-0.0570423,-0.147224
0.375102,-0.353562,0.141865,-0.655254,0.738722,-0.0570386,-0.147232
0.375088,-0.353567,0.141853,-0.655264,0.738712,-0.0570188,-0.14725
0.375073,-0.353561,0.141857,-0.655261,0.738715,-0.0570403,-0.147237
0.375053,-0.353575,0.141868,-0.655256,0.738722,-0.0570513,-0.147219
0.375046,-0.353535,0.141853,-0.655308,0.738677,-0.057054,-0.147219
0.375061,-0.353494,0.14187,-0.655346,0.738646,-0.0570857,-0.147192
0.375043,-0.353489,0.141878,-0.655352,0.738646,-0.0570916,-0.147161
0.375009,-0.353484,0.14188,-0.655359,0.73864,-0.0571246,-0.147147
0.374964,-0.35347,0.141856,-0.655393,0.738607,-0.0571136,-0.147169
0.374947,-0.353429,0.141894,-0.655435,0.738577,-0.0571889,-0.1471
0.374904,-0.353403,0.14188,-0.655485,0.738532,-0.0572193,-0.147092
0.374897,-0.353374,0.141916,-0.655509,0.738516,-0.0573076,-0.147027
0.374839,-0.353361,0.141923,-0.655525,0.738506,-0.0573455,-0.146994
0.374785,-0.353319,0.141929,-0.655616,0.738427,-0.0574065,-0.146963
0.374762,-0.353231,0.141966,-0.65569,0.738367,-0.0575459,-0.146881
0.374677,-0.353199,0.141931,-0.65574,0.738321,-0.0575663,-0.146877
0.37462,-0.353153,0.141916,-0.655787,0.73828,-0.05764,-0.146846
0.374451,-0.353157,0.141827,-0.655807,0.738252,-0.0576214,-0.146904
0.374361,-0.353062,0.141803,-0.655916,0.738153,-0.0577022,-0.146885
0.374164,-0.353052,0.141676,-0.655955,0.738102,-0.0576711,-0.146977
0.37403,-0.353002,0.141644,-0.656022,0.738044,-0.0577669,-0.146933
0.373872,-0.352998,0.141571,-0.656039,0.738022,-0.0577702,-0.146969
0.373697,-0.35295,0.141513,-0.656116,0.73795,-0.0578417,-0.146952
0.373498,-0.352918,0.141467,-0.656173,0.737899,-0.0579793,-0.146903
0.373321,-0.352833,0.141407,-0.656295,0.737795,-0.0580847,-0.14684
0.37313,-0.352781,0.141339,-0.656377,0.737724,-0.0582343,-0.14677
0.372943,-0.352728,0.141252,-0.656467,0.737642,-0.0583113,-0.146748
0.372688,-0.352676,0.141071,-0.656535,0.737567,-0.0582907,-0.146829
0.372463,-0.352606,0.140966,-0.656634,0.73748,-0.058314,-0.146811
0.372283,-0.352516,0.140858,-0.656712,0.73741,-0.0582935,-0.146823
0.372078,-0.352419,0.140751,-0.656818,0.737312,-0.0582972,-0.146841
0.371871,-0.352273,0.140608,-0.656964,0.737183,-0.0582781,-0.146845
0.371644,-0.352128,0.140559,-0.657114,0.73706,-0.0584066,-0.146739
0.37143,-0.351965,0.140446,-0.657271,0.736932,-0.0584155,-0.146678
0.37118,-0.351791,0.140317,-0.65745,0.736783,-0.0584729,-0.146596
0.370832,-0.351597,0.140101,-0.657645,0.736614,-0.0584959,-0.146564
0.370448,-0.351449,0.139784,-0.657811,0.736465,-0.0584314,-0.146598
0.37007,-0.351247,0.139497,-0.658011,0.736288,-0.0583106,-0.14663
0.369793,-0.351062,0.139317,-0.658197,0.736134,-0.0583302,-0.146562
0.369377,-0.350827,0.138979,-0.658388,0.735966,-0.0581207,-0.146634
0.369061,-0.350642,0.138864,-0.65856,0.735836,-0.0582071,-0.14648
0.368789,-0.350448,0.13866,-0.658718,0.735705,-0.058085,-0.146475
0.368463,-0.350265,0.138492,-0.658892,0.735561,-0.0580784,-0.146421
0.36808,-0.35004,0.138339,-0.659092,0.7354,-0.0580965,-0.146317
0.36779,-0.349789,0.138175,-0.659318,0.73523,-0.058143,-0.146138
0.367478,-0.349506,0.138001,-0.659558,0.735042,-0.0581076,-0.146015
0.367116,-0.349221,0.137814,-0.659811,0.73485,-0.0581663,-0.145812
0.366822,-0.348852,0.137701,-0.660105,0.734638,-0.0581905,-0.145544
0.366534,-0.348493,0.137516,-0.660383,0.734419,-0.058097,-0.145421
0.366274,-0.348083,0.137416,-0.660725,0.734163,-0.0581768,-0.145131
0.365895,-0.347632,0.13721,-0.661086,0.733887,-0.0581515,-0.14489
0.365564,-0.347178,0.137119,-0.661484,0.733585,-0.0582901,-0.144546
0.365204,-0.346814,0.13686,-0.661749,0.733389,-0.0581398,-0.144389
0.364807,-0.346423,0.136502,-0.662031,0.73317,-0.0578316,-0.144332
0.364386,-0.34599,0.136188,-0.662356,0.732913,-0.0576125,-0.144237
0.363992,-0.345676,0.136058,-0.662616,0.732717,-0.0576728,-0.144013
0.363596,-0.345396,0.135775,-0.662846,0.732524,-0.0575061,-0.144005
0.363015,-0.345175,0.135324,-0.663041,0.732334,-0.0572045,-0.144192
0.362562,-0.344836,0.135105,-0.663353,0.732064,-0.0572141,-0.144123
0.362108,-0.344543,0.134875,-0.663613,0.731839,-0.0572134,-0.144068
0.361684,-0.344269,0.134609,-0.663875,0.731609,-0.0570862,-0.144084
0.361155,-0.344031,0.134213,-0.664082,0.731404,-0.0568114,-0.144278
0.36076,-0.343688,0.134024,-0.664395,0.731133,-0.056799,-0.144215
0.360293,-0.343433,0.133771,-0.664622,0.730935,-0.0567028,-0.144208
0.359812,-0.343132,0.133542,-0.664898,0.730694,-0.0566798,-0.144167
0.359192,-0.342935,0.133147,-0.665068,0.730521,-0.0564635,-0.144347
0.358678,-0.342555,0.132897,-0.665385,0.730251,-0.0563773,-0.144283
0.358125,-0.342303,0.13253,-0.665616,0.730033,-0.0561735,-0.144401
0.357539,-0.342042,0.132082,-0.665845,0.729804,-0.0558956,-0.144611
0.356887,-0.341795,0.131658,-0.666066,0.729573,-0.0557376,-0.144821
0.356324,-0.341431,0.131379,-0.666387,0.729292,-0.0557864,-0.144739
0.355796,-0.341137,0.13102,-0.666666,0.729037,-0.0558365,-0.144721
0.355327,-0.340846,0.130783,-0.666968,0.72879,-0.0561013,-0.144469
0.35465,-0.340531,0.130417,-0.667287,0.728519,-0.0561858,-0.144331
0.354139,-0.340124,0.130343,-0.667723,0.728179,-0.0566895,-0.143833
0.353664,-0.33978,0.130178,-0.668017,0.727944,-0.0567813,-0.143622
0.353264,-0.339395,0.13017,-0.668363,0.727689,-0.0571253,-0.143166
0.352695,-0.339066,0.129904,-0.668678,0.727421,-0.0571841,-0.143029
0.352192,-0.338691,0.129774,-0.669023,0.727138,-0.0574578,-0.142746
0.351727,-0.33829,0.129604,-0.669399,0.726854,-0.0576928,-0.142337
0.351193,-0.33789,0.129332,-0.669787,0.726554,-0.0578954,-0.141961
0.350601,-0.337394,0.129053,-0.670244,0.726218,-0.0581203,-0.141433
0.350014,-0.336921,0.128719,-0.670691,0.72588,-0.0582845,-0.140977
0.349431,-0.336474,0.128326,-0.671094,0.725563,-0.0583252,-0.140677
0.348602,-0.336153,0.127698,-0.671409,0.725267,-0.058195,-0.140754
0.347923,-0.33579,0.127355,-0.671749,0.724989,-0.05827,-0.140529
0.347223,-0.335558,0.126907,-0.672001,0.724744,-0.0581445,-0.140642
0.346542,-0.335331,0.126499,-0.672211,0.724526,-0.0580162,-0.140814
0.345807,-0.335049,0.126056,-0.672425,0.72432,-0.057792,-0.140946
0.34519,-0.334749,0.125855,-0.672675,0.72409,-0.0578788,-0.140897
0.344608,-0.33443,0.125579,-0.672939,0.723869,-0.057815,-0.140794
0.343953,-0.334111,0.125156,-0.673205,0.723623,-0.0576628,-0.140853
0.343334,-0.333724,0.12479,-0.673571,0.723302,-0.057579,-0.140787
0.342704,-0.333458,0.124445,-0.673817,0.723084,-0.0574212,-0.140798
0.342154,-0.332998,0.124201,-0.674183,0.722792,-0.057385,-0.140556
0.341608,-0.332575,0.124039,-0.674561,0.722495,-0.057565,-0.140193
0.341024,-0.332208,0.12375,-0.67491,0.722203,-0.0576144,-0.139995
0.340405,-0.331838,0.123501,-0.675296,0.721886,-0.0578917,-0.139662
0.339853,-0.331366,0.123405,-0.675785,0.721508,-0.0584762,-0.139
0.339233,-0.331046,0.123118,-0.676095,0.721234,-0.0587264,-0.13881
0.338668,-0.330716,0.122811,-0.6764,0.720962,-0.0586909,-0.138753
0.337764,-0.330457,0.122222,-0.67665,0.720704,-0.0582977,-0.13904
0.337044,-0.330061,0.121853,-0.677021,0.720354,-0.0582459,-0.139068
0.336329,-0.329752,0.121338,-0.677295,0.72009,-0.0578817,-0.139256
0.335499,-0.329511,0.120767,-0.677464,0.719926,-0.0574107,-0.139475
0.334527,-0.329225,0.1202,-0.677712,0.719691,-0.0571181,-0.139603
0.333777,-0.328871,0.119888,-0.67806,0.719381,-0.0572785,-0.139444
0.333104,-0.328553,0.119434,-0.678308,0.719146,-0.0569401,-0.139586
0.332381,-0.328284,0.11906,-0.678525,0.718954,-0.0567492,-0.139604
0.331571,-0.327912,0.118619,-0.678852,0.718655,-0.0565703,-0.139621
0.330983,-0.327524,0.118441,-0.679194,0.718383,-0.05673,-0.139296
0.330357,-0.327161,0.118113,-0.679495,0.718136,-0.0565833,-0.139161
0.329636,-0.326792,0.11772,-0.679821,0.717854,-0.0564632,-0.139073
0.329025,-0.326301,0.117434,-0.68029,0.717489,-0.0566041,-0.1386
0.328455,-0.325899,0.11709,-0.680645,0.717218,-0.0566014,-0.138269
0.327865,-0.325514,0.116662,-0.680911,0.716982,-0.0562673,-0.138315
0.327063,-0.32519,0.116143,-0.681142,0.716756,-0.0558775,-0.138507
0.326332,-0.324802,0.115727,-0.68148,0.716471,-0.0557111,-0.138386
0.325583,-0.324464,0.115392,-0.681827,0.716173,-0.0558923,-0.138142
0.32489,-0.324197,0.115043,-0.682138,0.715913,-0.056017,-0.137908
0.324002,-0.324005,0.114541,-0.682369,0.715684,-0.0560183,-0.137953
0.3233,-0.323724,0.1143,-0.68272,0.715389,-0.0564534,-0.137566
0.322617,-0.323455,0.114238,-0.68305,0.715133,-0.0571596,-0.136967
0.321995,-0.323218,0.113997,-0.683295,0.714935,-0.0573325,-0.136705
0.321229,-0.322984,0.113583,-0.683498,0.71475,-0.0573038,-0.136673
0.320544,-0.322676,0.113377,-0.683825,0.714452,-0.057644,-0.136449
0.319864,-0.322457,0.113053,-0.684039,0.714242,-0.0577633,-0.136425
0.319309,-0.32217,0.112743,-0.68428,0.714002,-0.0578778,-0.136428
0.318529,-0.321983,0.112248,-0.684396,0.713827,-0.0577777,-0.136803
0.317901,-0.321706,0.111948,-0.684603,0.713601,-0.0578174,-0.136929
0.317307,-0.321519,0.111666,-0.684772,0.713428,-0.0578298,-0.136977
0.316776,-0.321277,0.111411,-0.684997,0.713203,-0.0577763,-0.137049
0.316118,-0.321053,0.111072,-0.685212,0.713,-0.057668,-0.137076
0.315595,-0.320826,0.110791,-0.685464,0.712775,-0.0576559,-0.136992
0.314803,-0.32062,0.110279,-0.685706,0.712521,-0.0573956,-0.137211
0.314156,-0.320409,0.110031,-0.685919,0.712317,-0.0575592,-0.137138
0.313502,-0.320254,0.109748,-0.686071,0.712177,-0.0576987,-0.137046
0.312752,-0.320066,0.109398,-0.686229,0.712005,-0.0578298,-0.137096
0.311948,-0.319812,0.109018,-0.686489,0.711689,-0.0583461,-0.137214
0.311318,-0.31958,0.108867,-0.686595,0.711365,-0.0600267,-0.137635
0.310637,-0.319386,0.108592,-0.686637,0.711129,-0.0610206,-0.13821
0.309887,-0.31919,0.108214,-0.686768,0.710862,-0.0616207,-0.138662
0.309288,-0.318978,0.10791,-0.686946,0.710634,-0.0618202,-0.138862
0.308707,-0.318848,0.107555,-0.687038,0.71048,-0.0618004,-0.139207
0.308212,-0.318642,0.107306,-0.687213,0.710294,-0.0618163,-0.139279
0.307538,-0.318492,0.10695,-0.687335,0.710158,-0.061607,-0.139468
0.306949,-0.318233,0.106703,-0.687555,0.709955,-0.0615649,-0.139434
0.306457,-0.317997,0.106427,-0.687783,0.709738,-0.061454,-0.139459
0.305981,-0.317763,0.106229,-0.687999,0.70955,-0.0614463,-0.139357
0.305375,-0.317511,0.10592,-0.688232,0.709353,-0.0613076,-0.139275
0.304899,-0.317321,0.105741,-0.688399,0.709191,-0.0612635,-0.139294
0.304379,-0.317102,0.105395,-0.688603,0.708978,-0.0609196,-0.13952
0.303881,-0.316881,0.105081,-0.688844,0.708721,-0.0606868,-0.139733
0.303137,-0.316747,0.104565,-0.688974,0.708559,-0.0601761,-0.140136
0.302565,-0.316566,0.104252,-0.689158,0.708376,-0.0599437,-0.140252
0.302019,-0.316385,0.103954,-0.689357,0.708199,-0.0598736,-0.140204
0.301338,-0.316228,0.103611,-0.68961,0.707982,-0.0600722,-0.139967
0.30075,-0.316047,0.103421,-0.689866,0.707796,-0.0603745,-0.139517
0.300301,-0.315875,0.103361,-0.69016,0.707583,-0.0611331,-0.138808
0.299818,-0.315766,0.103271,-0.690398,0.707425,-0.0617986,-0.138138
0.299255,-0.315637,0.103125,-0.690618,0.707263,-0.0622487,-0.137659
0.298776,-0.315439,0.103002,-0.690853,0.707085,-0.0625319,-0.137264
0.298348,-0.31529,0.102846,-0.691041,0.706931,-0.0626598,-0.137054
0.297843,-0.31514,0.10259,-0.69119,0.706792,-0.0626036,-0.137047
0.297287,-0.314983,0.102229,-0.691347,0.706619,-0.0623224,-0.137276
0.29689,-0.314756,0.102011,-0.691526,0.706447,-0.0622302,-0.137303
0.29647,-0.314607,0.101754,-0.691651,0.706336,-0.0619832,-0.137355
0.296144,-0.314464,0.101607,-0.691799,0.706195,-0.0619546,-0.137349
0.29581,-0.314378,0.101474,-0.691924,0.70608,-0.0619913,-0.137292
0.295478,-0.314255,0.101323,-0.692085,0.705935,-0.0620231,-0.137211
0.294988,-0.314149,0.10106,-0.692222,0.705812,-0.0619587,-0.137183
0.294622,-0.313967,0.100913,-0.692453,0.705613,-0.0621469,-0.136956
0.294247,-0.31383,0.100741,-0.692632,0.705469,-0.0622501,-0.136743
0.29384,-0.313691,0.100566,-0.692805,0.705333,-0.0624017,-0.136503
0.293341,-0.31358,0.100303,-0.692951,0.705203,-0.062379,-0.136441
0.292979,-0.313481,0.100158,-0.693052,0.705127,-0.062443,-0.136293
0.292604,-0.313385,0.0999626,-0.693162,0.705027,-0.0624279,-0.136259
0.292249,-0.313311,0.0998399,-0.693279,0.704919,-0.0625358,-0.136174
0.291775,-0.313243,0.0995579,-0.693355,0.704832,-0.062397,-0.136298
0.291399,-0.313177,0.0993771,-0.693432,0.704764,-0.0623949,-0.136256
0.291023,-0.313109,0.0991563,-0.693502,0.704699,-0.0622975,-0.136284
0.290634,-0.313031,0.0989308,-0.693614,0.70459,-0.0621908,-0.136326
0.290337,-0.312919,0.0988356,-0.693743,0.704484,-0.0622996,-0.136169
0.290024,-0.312814,0.0987111,-0.69385,0.704406,-0.0623646,-0.135999
0.289738,-0.312685,0.0985375,-0.693985,0.704283,-0.0623244,-0.135964
0.289422,-0.312589,0.0983516,-0.694088,0.704175,-0.062269,-0.136025
0.289123,-0.312462,0.0982127,-0.694207,0.704073,-0.0622501,-0.135955
0.28879,-0.312374,0.0980205,-0.694292,0.703989,-0.0621235,-0.13601
0.288543,-0.312307,0.0978966,-0.694339,0.703934,-0.062062,-0.136083
0.288263,-0.312205,0.0977246,-0.694441,0.703826,-0.0618765,-0.136207
0.288006,-0.312149,0.0975723,-0.694466,0.703786,-0.0617303,-0.136349
0.287711,-0.312144,0.09741,-0.694472,0.703761,-0.0615907,-0.136509
0.28746,-0.312081,0.0972635,-0.694544,0.703678,-0.0614837,-0.136623
0.287253,-0.312048,0.0971613,-0.694584,0.703632,-0.0614497,-0.136673
0.287035,-0.311998,0.0970545,-0.694616,0.7036,-0.0614084,-0.136696
0.286808,-0.311958,0.0969546,-0.694667,0.703553,-0.0613781,-0.136688
0.28659,-0.31194,0.0968519,-0.694692,0.703523,-0.0613337,-0.136736
0.286332,-0.311895,0.0966812,-0.694722,0.703486,-0.0611431,-0.136858
0.286193,-0.311825,0.0965956,-0.694806,0.703403,-0.0610876,-0.136883
0.285973,-0.311799,0.0964367,-0.694815,0.703385,-0.0609048,-0.137014
0.285835,-0.311704,0.0963455,-0.694882,0.70332,-0.0608257,-0.137039
0.285774,-0.311677,0.0963314,-0.694899,0.703313,-0.0608269,-0.136993
0.285699,-0.311615,0.0963003,-0.694942,0.703275,-0.0607992,-0.13698
0.285591,-0.311564,0.0962536,-0.694996,0.703229,-0.0607599,-0.136959
0.285492,-0.311543,0.0962163,-0.69501,0.703215,-0.0607336,-0.136971
0.28541,-0.31151,0.096181,-0.695042,0.703186,-0.0607194,-0.136961
0.285297,-0.311466,0.0961087,-0.695081,0.703141,-0.0606381,-0.137033
0.285171,-0.311435,0.0960447,-0.695126,0.70309,-0.0605899,-0.137084
0.285083,-0.311385,0.0959967,-0.69517,0.703048,-0.060549,-0.137097
0.285019,-0.311331,0.0959565,-0.695222,0.702998,-0.0605222,-0.137103
0.284924,-0.311312,0.0958995,-0.695234,0.702986,-0.0604727,-0.137129
0.284838,-0.311265,0.0958517,-0.695276,0.702945,-0.0604334,-0.137143
0.284734,-0.311276,0.0958046,-0.695265,0.702948,-0.0603991,-0.137195
0.284683,-0.311267,0.0957773,-0.695279,0.70293,-0.0603762,-0.137229
0.284627,-0.311231,0.0957406,-0.695319,0.702888,-0.0603526,-0.137249
0.284587,-0.311207,0.0957236,-0.695331,0.702873,-0.0603378,-0.137274
0.284542,-0.311202,0.0956985,-0.695339,0.702865,-0.0603079,-0.13729
0.284471,-0.311206,0.0956786,-0.695338,0.702861,-0.060319,-0.137307
0.284449,-0.311204,0.0956652,-0.695333,0.702866,-0.0603115,-0.13731
0.284413,-0.311154,0.0956371,-0.695398,0.702803,-0.0602867,-0.137316
0.284373,-0.311177,0.0956259,-0.695354,0.702847,-0.0602855,-0.137312
0.284373,-0.311159,0.0956277,-0.695386,0.702815,-0.0602906,-0.137309
0.284353,-0.311156,0.0956249,-0.695407,0.702793,-0.0603275,-0.1373
0.284307,-0.31115,0.0956058,-0.695391,0.702809,-0.0603151,-0.137305
0.284293,-0.311108,0.0955759,-0.695432,0.70277,-0.0602752,-0.137312
0.284289,-0.311106,0.0955742,-0.695431,0.702769,-0.0602899,-0.137317
0.284275,-0.311114,0.0955929,-0.695427,0.70278,-0.0603214,-0.137269
0.284247,-0.311113,0.0955795,-0.695431,0.702775,-0.0603115,-0.137279
0.28422,-0.311111,0.0955655,-0.695429,0.702775,-0.0603053,-0.137292
0.284229,-0.311079,0.0955507,-0.695462,0.702744,-0.0602884,-0.137291
0.284224,-0.311087,0.0955615,-0.695454,0.702753,-0.0603065,-0.137279
0.284195,-0.311119,0.0955685,-0.69542,0.702793,-0.0603177,-0.137241
0.284189,-0.311121,0.0955686,-0.69543,0.702782,-0.0603426,-0.137238
