-0.0651452,-0.161278,0,0,0,0
-0.0733765,-0.256267,0,0,0,0
0.0323966,-0.227135,0,0,0,0
0.0633113,-0.197117,0,0,0,0
0.0931009,-0.19076,0,0,0,0
0.0577004,-0.190738,0,0,0,0
0.0109147,-0.185196,0,0,0,0
-0.0296955,-0.158747,0,0,0,0
-0.0575053,-0.122627,0,0,0,0
-0.0334254,-0.0635431,0,0,0,0
-0.00473028,0.000872796,0,0,0,0
0.008367,0.0542818,0,0,0,0
0.0133486,0.0910246,0,0,0,0
0.00887727,0.106745,0,0,0,0
0.000715595,0.105295,0,0,0,0
-0.00216347,0.0940544,0,0,0,0
-0.0115844,0.0794392,0,0,0,0
-0.0147762,0.0613243,0,0,0,0
-0.015658,0.0403586,0,0,0,0
-0.00734452,0.0139753,0,0,0,0
-0.00019138,-0.0173132,0,0,0,0
0.0101487,-0.0443549,0,0,0,0
0.00922304,-0.0622553,0,0,0,0
0.00667959,-0.0735198,0,0,0,0
0.00484343,-0.0743147,0,0,0,0
-0.000354643,-0.0657296,0,0,0,0
0.00075625,-0.0509356,0,0,0,0
0.00450759,-0.0308206,0,0,0,0
0.00213688,-0.0082042,0,0,0,0
-0.00444065,0.0138627,0,0,0,0
-0.00183616,0.0289101,0,0,0,0
-0.00210565,0.0412332,0,0,0,0
-0.0054864,0.0488594,0,0,0,0
-0.0090755,0.0448454,0,0,0,0
-0.00563167,0.034543,0,0,0,0
-0.00507978,0.0213058,0,0,0,0
-0.00167791,0.00808216,0,0,0,0
-0.00111359,-0.00673973,0,0,0,0
0.00359549,-0.0172949,0,0,0,0
0.00421832,-0.0252647,0,0,0,0
0.00361026,-0.0310529,0,0,0,0
0.00619799,-0.0296308,0,0,0,0
0.0017223,-0.0234021,0,0,0,0
-0.00259324,-0.0144274,0,0,0,0
-0.00272424,-0.00189543,0,0,0,0
0.00356811,0.0103335,0,0,0,0
0.000233206,0.0180614,0,0,0,0
-0.00878104,0.0245303,0,0,0,0
-0.0123472,0.0230532,0,0,0,0
-0.00853978,0.0193648,0,0,0,0
0.00440655,0.015364,0,0,0,0
0.00795249,0.00531561,0,0,0,0
0.00671293,-0.00399584,0,0,0,0
-0.000838473,-0.013439,0,0,0,0
-0.00164467,-0.0159837,0,0,0,0
0.00251796,-0.0145625,0,0,0,0
0.000516286,-0.0130157,0,0,0,0
-0.00244591,-0.0101003,0,0,0,0
-0.00102979,-0.00138505,0,0,0,0
-0.00657941,0.00508327,0,0,0,0
-0.0064604,0.0111355,0,0,0,0
-0.0103811,0.0136108,0,0,0,0
-0.0100166,0.0131118,0,0,0,0
-0.0122578,0.0125808,0,0,0,0
-0.0128943,0.0104806,0,0,0,0
-0.00614223,0.00669997,0,0,0,0
-0.00605712,0.00182679,0,0,0,0
-0.00900628,-0.00653745,0,0,0,0
-0.00898123,-0.00973226,0,0,0,0
-0.0125464,-0.0107551,0,0,0,0
-0.0165821,-0.0119066,0,0,0,0
-0.0159025,-0.00719654,0,0,0,0
-0.01777,-0.000989273,0,0,0,0
-0.0232041,0.00476439,0,0,0,0
-0.0265361,0.00534289,0,0,0,0
-0.0336981,0.00621735,0,0,0,0
-0.04102,0.00614272,0,0,0,0
-0.0339577,0.00979635,0,0,0,0
-0.0276993,0.0103915,0,0,0,0
-0.027372,0.011447,0,0,0,0
-0.0398721,0.00849466,0,0,0,0
-0.0473659,0.00523574,0,0,0,0
-0.0496008,0.00434752,0,0,0,0
-0.0439169,0.000194086,0,0,0,0
-0.046867,-0.00644788,0,0,0,0
-0.0467451,-0.0102609,0,0,0,0
-0.0448885,-0.0120461,0,0,0,0
-0.033993,-0.00675665,0,0,0,0
-0.0327671,-0.00277756,0,0,0,0
-0.0289119,-0.00176819,0,0,0,0
-0.0348487,-0.000696698,0,0,0,0
-0.0349683,0.00475709,0,0,0,0
-0.0379758,0.00598967,0,0,0,0
-0.0403454,0.00664367,0,0,0,0
-0.0413142,0.00795761,0,0,0,0
-0.0402338,0.00782133,0,0,0,0
-0.030323,0.00583861,0,0,0,0
-0.024952,0.00456112,0,0,0,0
-0.0229702,0.00514785,0,0,0,0
-0.0193872,0.00403287,0,0,0,0
-0.0192789,0.00103279,0,0,0,0
-0.0207047,0.00195066,0,0,0,0
-0.0252962,0.000133071,0,0,0,0
-0.0272659,-0.00696163,0,0,0,0
-0.027956,-0.00904423,0,0,0,0
-0.0231955,-0.00887324,0,0,0,0
-0.0159147,-0.00835851,0,0,0,0
-0.0173568,-0.00711478,0,0,0,0
-0.0161345,-0.00478976,0,0,0,0
-0.0180122,-0.000289073,0,0,0,0
-0.0195595,0.0014609,0,0,0,0
-0.0219697,0.00499359,0,0,0,0
-0.0300503,0.00904452,0,0,0,0
-0.0308887,0.0128598,0,0,0,0
-0.0354486,0.010921,0,0,0,0
-0.0286268,0.0106632,0,0,0,0
-0.0267161,0.00661498,0,0,0,0
-0.0222991,0.00044915,0,0,0,0
-0.0224955,-0.00392684,0,0,0,0
-0.0232613,-0.00719722,0,0,0,0
-0.0145254,-0.00399136,0,0,0,0
-0.00320174,-0.000599374,0,0,0,0
0.0272156,0.01695,0,0,0,0
0.0126563,0.0289784,0,0,0,0
-0.0202782,0.0301086,0,0,0,0
-0.0124308,0.0504047,0,0,0,0
-0.00865074,0.0781984,0,0,0,0
-0.0103631,0.1121,0,0,0,0
0.0212174,0.137086,0,0,0,0
0.0193952,0.139196,0,0,0,0
-0.0296411,0.126603,0,0,0,0
-0.0406925,0.131426,0,0,0,0
-0.057175,0.125649,0,0,0,0
-0.0737907,0.115229,0,0,0,0
-0.0619562,0.122461,0,0,0,0
-0.0586862,0.128273,0,0,0,0
-0.0554558,0.136676,0,0,0,0
-0.0396301,0.146824,0,0,0,0
-0.0380472,0.148595,0,0,0,0
-0.0290042,0.149153,0,0,0,0
-0.0922138,0.125011,0,0,0,0
-0.0342244,0.105679,0,0,0,0
0.0225787,0.0776727,0,0,0,0
0.0959691,0.0577446,0,0,0,0
0.100448,0.0113823,0,0,0,0
0.0769119,-0.0241965,0,0,0,0
0.039441,-0.0372285,0,0,0,0
8.48842e-05,-0.0476669,0,0,0,0
-0.00590409,-0.0494538,0,0,0,0
0.0213918,-0.0509559,0,0,0,0
0.0822091,-0.0461865,0,0,0,0
0.166813,-0.0393494,0,0,0,0
0.206029,-0.0477706,0,0,0,0
0.212905,-0.0565884,0,0,0,0
0.195102,-0.0559845,0,0,0,0
0.144691,-0.0650879,0,0,0,0
0.0910789,-0.0746483,0,0,0,0
0.0512479,-0.0669905,0,0,0,0
0.0168223,-0.0603581,0,0,0,0
-0.0217619,-0.0542598,0,0,0,0
-0.0707734,-0.0496203,0,0,0,0
-0.0632023,-0.0296697,0,0,0,0
-0.0451531,-0.00888795,0,0,0,0
-0.0155656,0.012287,0,0,0,0
-0.0131841,0.0275393,0,0,0,0
-0.00969554,0.0152571,0,0,0,0
-0.0223061,-0.0130264,0,0,0,0
-0.0415932,-0.0419554,0,0,0,0
-0.0593082,-0.0677496,0,0,0,0
-0.0581505,-0.059521,0,0,0,0
-0.07724,-0.0603024,0,0,0,0
-0.00500391,-0.0447275,0,0,0,0
-0.0407444,-0.0727436,0,0,0,0
-0.0614255,-0.0898509,0,0,0,0
-0.0861184,-0.0831699,0,0,0,0
-0.115719,-0.078817,0,0,0,0
-0.131211,-0.0673511,0,0,0,0
-0.0973873,-0.055428,0,0,0,0
-0.072871,-0.0544184,0,0,0,0
-0.0230702,-0.0707162,0,0,0,0
0.00188198,-0.077856,0,0,0,0
0.0130434,-0.0672048,0,0,0,0
0.00600524,-0.042462,0,0,0,0
-0.00493206,-0.00602883,0,0,0,0
-0.025842,0.0263214,0,0,0,0
-0.0573925,0.0492196,0,0,0,0
-0.101431,0.0680336,0,0,0,0
-0.101124,0.076643,0,0,0,0
-0.101109,0.0843488,0,0,0,0
-0.0946553,0.0821501,0,0,0,0
-0.0979234,0.0677066,0,0,0,0
-0.0940241,0.0432047,0,0,0,0
-0.0864934,0.0228535,0,0,0,0
-0.0886991,0.012168,0,0,0,0
-0.0984433,0.0230458,0,0,0,0
-0.104464,0.038333,0,0,0,0
-0.0889715,0.0550836,0,0,0,0
-0.0388327,0.0759963,0,0,0,0
0.0228213,0.0980886,0,0,0,0
0.0507958,0.0876843,0,0,0,0
0.0413266,0.0599031,0,0,0,0
0.0655042,0.0331625,0,0,0,0
0.0552386,0.00265135,0,0,0,0
0.0376193,-0.0238529,0,0,0,0
0.0126737,-0.0431945,0,0,0,0
-0.0110254,-0.0461237,0,0,0,0
-0.0218273,-0.0398777,0,0,0,0
-0.00539213,-0.026801,0,0,0,0
0.0212498,-0.0100694,0,0,0,0
0.0393803,0.00536144,0,0,0,0
0.0370008,0.00491406,0,0,0,0
0.0284145,-0.00563864,0,0,0,0
0.0140588,-0.0213987,0,0,0,0
0.00840073,-0.0303323,0,0,0,0
0.00804355,-0.0343046,0,0,0,0
0.0148087,-0.0308177,0,0,0,0
0.0245937,-0.0263876,0,0,0,0
0.00696976,-0.0273782,0,0,0,0
-0.00358911,-0.0360882,0,0,0,0
-0.0204102,-0.035739,0,0,0,0
-0.0257482,-0.0363857,0,0,0,0
-0.00440074,-0.0434848,0,0,0,0
0.0114261,-0.059023,0,0,0,0
0.0132074,-0.0810766,0,0,0,0
-0.0173047,-0.0846628,0,0,0,0
-0.032303,-0.0679226,0,0,0,0
-0.0458172,-0.046178,0,0,0,0
0.00935177,-0.0372534,0,0,0,0
-0.0303548,-0.0883151,0,0,0,0
-0.0299994,-0.105993,0,0,0,0
-0.0324035,-0.10291,0,0,0,0
-0.035661,-0.0911217,0,0,0,0
-0.0470401,-0.0876313,0,0,0,0
-0.0581097,-0.0759613,0,0,0,0
-0.0438383,-0.0638522,0,0,0,0
-0.0349733,-0.0634082,0,0,0,0
-0.00758355,-0.0761626,0,0,0,0
-0.0151833,-0.083886,0,0,0,0
-0.020352,-0.0644203,0,0,0,0
-0.0222343,-0.0178013,0,0,0,0
-0.039489,0.0178199,0,0,0,0
-0.0496625,0.0513401,0,0,0,0
-0.0642924,0.08005,0,0,0,0
-0.064065,0.102867,0,0,0,0
-0.0915874,0.12186,0,0,0,0
-0.0843316,0.128541,0,0,0,0
-0.0762831,0.121876,0,0,0,0
-0.0563023,0.102624,0,0,0,0
-0.0394251,0.0917112,0,0,0,0
-0.0344097,0.0881856,0,0,0,0
-0.0385345,0.0920404,0,0,0,0
-0.0256604,0.10294,0,0,0,0
-0.0497371,0.0977214,0,0,0,0
-0.0444544,0.10157,0,0,0,0
0.00728724,0.104457,0,0,0,0
0.0453373,0.0624789,0,0,0,0
0.041676,0.034658,0,0,0,0
0.0210683,0.0251315,0,0,0,0
0.0285714,0.00572776,0,0,0,0
0.0203219,-0.00476002,0,0,0,0
0.00503376,-0.0159141,0,0,0,0
-0.00215938,-0.018093,0,0,0,0
0.00624462,-0.0195789,0,0,0,0
0.0288185,-0.0138957,0,0,0,0
0.0563993,-0.0078279,0,0,0,0
0.0517851,-0.0059439,0,0,0,0
0.0474073,-0.000175243,0,0,0,0
0.0699928,0.00955701,0,0,0,0
0.0775047,0.0156062,0,0,0,0
0.0886687,0.00936858,0,0,0,0
0.0986705,-0.00940795,0,0,0,0
0.0932761,-0.0296037,0,0,0,0
0.0938314,-0.0418354,0,0,0,0
0.106992,-0.0346636,0,0,0,0
0.0984979,-0.0351999,0,0,0,0
0.0782626,-0.0402777,0,0,0,0
0.0469739,-0.0470254,0,0,0,0
0.00486904,-0.0581851,0,0,0,0
-0.0321941,-0.066113,0,0,0,0
-0.0602451,-0.0850913,0,0,0,0
-0.0628367,-0.0960152,0,0,0,0
-0.0735944,-0.0968481,0,0,0,0
-0.0662312,-0.0869873,0,0,0,0
-0.0618654,-0.0614079,0,0,0,0
-0.0526422,-0.0369767,0,0,0,0
0.0117843,-0.0433339,0,0,0,0
0.00591547,-0.0690935,0,0,0,0
-0.00124757,-0.0740507,0,0,0,0
-0.0141491,-0.074096,0,0,0,0
-0.0204154,-0.0687075,0,0,0,0
-0.0327428,-0.0699446,0,0,0,0
-0.0717448,-0.0696162,0,0,0,0
-0.092181,-0.0656264,0,0,0,0
-0.0455505,-0.0586245,0,0,0,0
-0.039007,-0.0590374,0,0,0,0
-0.0130014,-0.0559447,0,0,0,0
0.00919078,-0.0358453,0,0,0,0
0.0107123,0.00589813,0,0,0,0
0.000114009,0.0422166,0,0,0,0
-0.00825815,0.0649933,0,0,0,0
-0.022483,0.0819472,0,0,0,0
-0.0552844,0.0938984,0,0,0,0
-0.0621824,0.111447,0,0,0,0
-0.0579126,0.125321,0,0,0,0
-0.0611914,0.1275,0,0,0,0
-0.054932,0.124039,0,0,0,0
-0.0587975,0.119823,0,0,0,0
-0.0761083,0.119154,0,0,0,0
-0.0623543,0.136808,0,0,0,0
-0.0535549,0.142057,0,0,0,0
-0.0348708,0.142699,0,0,0,0
-0.00708787,0.144734,0,0,0,0
0.0522925,0.101705,0,0,0,0
0.0633011,0.0915989,0,0,0,0
0.0820867,0.07738,0,0,0,0
0.0754945,0.03811,0,0,0,0
0.0639081,0.00112692,0,0,0,0
0.0338326,-0.0273046,0,0,0,0
0.000962659,-0.0336311,0,0,0,0
0.00206087,-0.0337449,0,0,0,0
0.0206284,-0.0255072,0,0,0,0
0.0434992,-0.0198848,0,0,0,0
0.0415402,-0.016014,0,0,0,0
0.0470154,-0.00725343,0,0,0,0
0.0449144,0.00242693,0,0,0,0
0.0591022,0.00763993,0,0,0,0
0.0834892,-0.0120985,0,0,0,0
0.10847,-0.0317899,0,0,0,0
0.12428,-0.0469694,0,0,0,0
0.12273,-0.0553459,0,0,0,0
0.141586,-0.0562747,0,0,0,0
0.120395,-0.0560283,0,0,0,0
0.0794034,-0.0610971,0,0,0,0
0.0389652,-0.0664206,0,0,0,0
-0.00489323,-0.0736212,0,0,0,0
-0.0324506,-0.0818484,0,0,0,0
-0.0635755,-0.100029,0,0,0,0
-0.057972,-0.107089,0,0,0,0
-0.0540214,-0.100483,0,0,0,0
-0.0810055,-0.0900036,0,0,0,0
-0.0927227,-0.0726033,0,0,0,0
-0.0850418,-0.0466014,0,0,0,0
-0.038336,-0.0416617,0,0,0,0
-0.052243,-0.0591186,0,0,0,0
-0.043375,-0.057739,0,0,0,0
-0.0454695,-0.0525833,0,0,0,0
-0.0482056,-0.0734594,0,0,0,0
-0.00839211,-0.0760054,0,0,0,0
0.0370968,-0.0750315,0,0,0,0
0.062676,-0.0692933,0,0,0,0
0.0625938,-0.0756485,0,0,0,0
0.0239247,-0.06692,0,0,0,0
-0.0364053,-0.0398989,0,0,0,0
-0.079703,-0.000551189,0,0,0,0
-0.0792352,0.0380891,0,0,0,0
-0.0584229,0.0737989,0,0,0,0
-0.0318438,0.101364,0,0,0,0
-0.0159631,0.12064,0,0,0,0
-0.021011,0.137833,0,0,0,0
-0.0152368,0.141321,0,0,0,0
-0.00330705,0.125435,0,0,0,0
-0.000995319,0.111883,0,0,0,0
-0.0222493,0.108152,0,0,0,0
-0.0438405,0.107782,0,0,0,0
-0.0739727,0.120917,0,0,0,0
-0.0900684,0.135184,0,0,0,0
-0.0756723,0.148085,0,0,0,0
-0.0216985,0.151417,0,0,0,0
0.0427273,0.142198,0,0,0,0
0.140179,0.123891,0,0,0,0
0.149821,0.0844598,0,0,0,0
0.120661,0.0388173,0,0,0,0
0.0892973,-0.00637324,0,0,0,0
0.0379581,-0.0338957,0,0,0,0
-0.0179145,-0.0503873,0,0,0,0
-0.0338042,-0.0501504,0,0,0,0
-0.0286279,-0.046038,0,0,0,0
0.00658542,-0.0324298,0,0,0,0
0.043051,-0.021209,0,0,0,0
0.0916315,0.00224932,0,0,0,0
0.0841815,0.0118123,0,0,0,0
0.0868127,0.00553311,0,0,0,0
0.103343,-0.0193124,0,0,0,0
0.11766,-0.0478349,0,0,0,0
0.118956,-0.068512,0,0,0,0
0.138068,-0.07589,0,0,0,0
0.126337,-0.0767947,0,0,0,0
0.111888,-0.0706317,0,0,0,0
0.0748152,-0.0662021,0,0,0,0
0.0307909,-0.0599408,0,0,0,0
-0.0121925,-0.0572335,0,0,0,0
-0.0359982,-0.0602521,0,0,0,0
-0.0462476,-0.0597476,0,0,0,0
-0.0337029,-0.0714133,0,0,0,0
-0.0389527,-0.0785969,0,0,0,0
-0.055386,-0.075546,0,0,0,0
-0.0699462,-0.0586914,0,0,0,0
-0.0800438,-0.0471007,0,0,0,0
-0.0253097,-0.0571489,0,0,0,0
-0.0526582,-0.0935267,0,0,0,0
-0.0320492,-0.0956667,0,0,0,0
-0.0475543,-0.0845532,0,0,0,0
-0.0574811,-0.0876636,0,0,0,0
-0.0467559,-0.0752556,0,0,0,0
-0.0691705,-0.0662555,0,0,0,0
-0.0553018,-0.0632304,0,0,0,0
-0.00527181,-0.0572841,0,0,0,0
0.0138845,-0.0565872,0,0,0,0
0.0156484,-0.0326886,0,0,0,0
-0.00141455,5.64699e-05,0,0,0,0
-0.0175249,0.0397055,0,0,0,0
-0.0538113,0.0682664,0,0,0,0
-0.0719088,0.0875871,0,0,0,0
-0.108888,0.100216,0,0,0,0
-0.118053,0.105725,0,0,0,0
-0.112593,0.111496,0,0,0,0
-0.0959782,0.113341,0,0,0,0
-0.0487545,0.106133,0,0,0,0
-0.0309349,0.0961401,0,0,0,0
-0.0282241,0.0884194,0,0,0,0
-0.0398378,0.0817245,0,0,0,0
-0.045251,0.0931291,0,0,0,0
-0.0382463,0.0963862,0,0,0,0
-0.0440539,0.0994584,0,0,0,0
-0.0457642,0.104525,0,0,0,0
-0.0276504,0.071086,0,0,0,0
-0.0161525,0.036024,0,0,0,0
0.0498733,0.0249652,0,0,0,0
0.0830671,0.0175173,0,0,0,0
0.0814841,0.00826087,0,0,0,0
0.0726654,0.0037063,0,0,0,0
0.0240201,0.00153813,0,0,0,0
-0.00315314,0.000674345,0,0,0,0
-0.0120025,0.00462977,0,0,0,0
-0.00441969,0.0159496,0,0,0,0
0.0185261,0.0243543,0,0,0,0
0.054886,0.0343286,0,0,0,0
0.0722022,0.0385732,0,0,0,0
0.0931315,0.0288068,0,0,0,0
0.0917375,0.00502383,0,0,0,0
0.097485,-0.0220669,0,0,0,0
0.115946,-0.0497538,0,0,0,0
0.133021,-0.0602151,0,0,0,0
0.12706,-0.064248,0,0,0,0
0.105579,-0.0629489,0,0,0,0
0.0845069,-0.0565135,0,0,0,0
0.0358771,-0.0577551,0,0,0,0
-0.0110007,-0.0626146,0,0,0,0
-0.0492635,-0.0641936,0,0,0,0
-0.0433382,-0.064125,0,0,0,0
-0.0317067,-0.0765833,0,0,0,0
-0.0348557,-0.0917207,0,0,0,0
-0.0345754,-0.0920011,0,0,0,0
-0.0620382,-0.0835657,0,0,0,0
-0.0462266,-0.0652705,0,0,0,0
-0.0887176,-0.0571684,0,0,0,0
-0.0709138,-0.0508527,0,0,0,0
-0.105655,-0.0691609,0,0,0,0
-0.136539,-0.0696042,0,0,0,0
-0.137605,-0.0596656,0,0,0,0
-0.119667,-0.0618425,0,0,0,0
-0.0400441,-0.0477648,0,0,0,0
0.0328003,-0.0375994,0,0,0,0
0.0623573,-0.0325347,0,0,0,0
0.0495792,-0.0526221,0,0,0,0
0.00618058,-0.063719,0,0,0,0
-0.021838,-0.0471472,0,0,0,0
-0.0677796,-0.0127092,0,0,0,0
-0.087539,0.0263722,0,0,0,0
-0.11357,0.0577019,0,0,0,0
-0.125216,0.0799842,0,0,0,0
-0.0815578,0.0923663,0,0,0,0
-0.0588917,0.102114,0,0,0,0
-0.0470524,0.104229,0,0,0,0
-0.00776895,0.101766,0,0,0,0
0.020846,0.10068,0,0,0,0
0.0343974,0.0917783,0,0,0,0
0.00786862,0.0824207,0,0,0,0
-0.0488473,0.0840016,0,0,0,0
-0.0742667,0.0883059,0,0,0,0
-0.0723048,0.105426,0,0,0,0
-0.0496554,0.11852,0,0,0,0
0.0148407,0.125669,0,0,0,0
0.0527368,0.105938,0,0,0,0
0.0438426,0.0887371,0,0,0,0
0.0278207,0.06046,0,0,0,0
0.0378508,0.0236608,0,0,0,0
0.0354566,-0.00752411,0,0,0,0
0.011949,-0.0299633,0,0,0,0
-0.00230991,-0.0360871,0,0,0,0
0.0117508,-0.0334291,0,0,0,0
0.0283236,-0.0265096,0,0,0,0
0.0506583,-0.0199341,0,0,0,0
0.0624454,-0.00899353,0,0,0,0
0.0671161,-0.00428665,0,0,0,0
0.072721,-0.00392177,0,0,0,0
0.0559959,-0.0120984,0,0,0,0
0.0719627,-0.0266132,0,0,0,0
0.0963443,-0.0360458,0,0,0,0
0.105189,-0.0386642,0,0,0,0
0.10819,-0.0369259,0,0,0,0
0.0997944,-0.0389387,0,0,0,0
0.0875701,-0.0429638,0,0,0,0
0.0658042,-0.0488009,0,0,0,0
0.0411371,-0.0528301,0,0,0,0
0.00955594,-0.0570373,0,0,0,0
-0.0111478,-0.0667733,0,0,0,0
-0.0257167,-0.0853547,0,0,0,0
-0.0385107,-0.110703,0,0,0,0
-0.0516666,-0.113721,0,0,0,0
-0.0890424,-0.0988071,0,0,0,0
-0.0634726,-0.0760494,0,0,0,0
-0.0822418,-0.0576322,0,0,0,0
-0.0784964,-0.0766563,0,0,0,0
-0.111607,-0.10435,0,0,0,0
-0.129996,-0.112214,0,0,0,0
-0.11,-0.105307,0,0,0,0
-0.0700158,-0.0981672,0,0,0,0
-0.00820607,-0.0948958,0,0,0,0
0.0546163,-0.0627416,0,0,0,0
0.0523861,-0.0501553,0,0,0,0
0.0503717,-0.0594624,0,0,0,0
0.0127394,-0.061675,0,0,0,0
-0.0266313,-0.0366944,0,0,0,0
-0.0704181,0.00518263,0,0,0,0
-0.0980958,0.0487985,0,0,0,0
-0.115442,0.0779405,0,0,0,0
-0.0930881,0.100969,0,0,0,0
-0.0605434,0.104872,0,0,0,0
-0.0495534,0.112625,0,0,0,0
-0.0135221,0.109633,0,0,0,0
0.0198942,0.101193,0,0,0,0
0.0182618,0.0915769,0,0,0,0
0.000593336,0.0799786,0,0,0,0
-0.0275326,0.0712795,0,0,0,0
-0.0453751,0.0788968,0,0,0,0
-0.0514935,0.0890431,0,0,0,0
-0.0419531,0.103104,0,0,0,0
-0.0192625,0.115397,0,0,0,0
0.00493077,0.108333,0,0,0,0
0.0499557,0.0789111,0,0,0,0
0.0913081,0.0643996,0,0,0,0
0.10843,0.0477969,0,0,0,0
0.0650578,0.0168696,0,0,0,0
0.0105528,-0.00860158,0,0,0,0
-0.0419352,-0.0210703,0,0,0,0
-0.0722458,-0.0222675,0,0,0,0
-0.067819,-0.0148572,0,0,0,0
0.0160534,0.0118813,0,0,0,0
0.0763848,0.0236357,0,0,0,0
0.128035,0.0353391,0,0,0,0
0.108827,0.0213985,0,0,0,0
0.0728224,0.00238397,0,0,0,0
0.0720099,-0.0236988,0,0,0,0
0.0768914,-0.0433133,0,0,0,0
0.0967828,-0.0497729,0,0,0,0
0.101403,-0.0495979,0,0,0,0
0.11281,-0.0468091,0,0,0,0
0.0967782,-0.0477136,0,0,0,0
0.0580226,-0.0513074,0,0,0,0
0.027173,-0.0520523,0,0,0,0
-0.000788603,-0.0567752,0,0,0,0
-0.0133579,-0.0611701,0,0,0,0
-0.0326075,-0.0749758,0,0,0,0
-0.0318398,-0.0897795,0,0,0,0
-0.0475988,-0.101951,0,0,0,0
-0.0629774,-0.109192,0,0,0,0
-0.0893213,-0.103363,0,0,0,0
-0.0986929,-0.0881163,0,0,0,0
-0.0306394,-0.101119,0,0,0,0
-0.0441498,-0.127062,0,0,0,0
-0.0442725,-0.123458,0,0,0,0
-0.0607758,-0.0994901,0,0,0,0
-0.0733028,-0.0851518,0,0,0,0
-0.0653994,-0.0667521,0,0,0,0
-0.0534803,-0.0397592,0,0,0,0
-0.0264587,-0.0157941,0,0,0,0
0.0233657,-0.00478278,0,0,0,0
0.0275053,-0.00447968,0,0,0,0
-1.62953e-05,0.00719711,0,0,0,0
-0.0186796,0.0230854,0,0,0,0
-0.0392401,0.0500347,0,0,0,0
-0.0580307,0.0700573,0,0,0,0
-0.0592143,0.078691,0,0,0,0
-0.0751878,0.0895902,0,0,0,0
-0.0754361,0.0975494,0,0,0,0
-0.0411462,0.104991,0,0,0,0
-0.018883,0.106822,0,0,0,0
0.00271901,0.0999651,0,0,0,0
0.0127271,0.0886078,0,0,0,0
-0.00445187,0.0867265,0,0,0,0
-0.0375702,0.0915341,0,0,0,0
-0.0438722,0.104921,0,0,0,0
-0.0501773,0.114127,0,0,0,0
-0.0351027,0.130575,0,0,0,0
-0.00482356,0.139463,0,0,0,0
0.0257071,0.11299,0,0,0,0
0.0233641,0.0786806,0,0,0,0
0.080984,0.0639163,0,0,0,0
0.118723,0.0514874,0,0,0,0
0.0942971,0.0189516,0,0,0,0
0.0737376,0.00493367,0,0,0,0
0.0100871,-0.00843007,0,0,0,0
-0.0131283,-0.00615065,0,0,0,0
-0.0183384,0.00797433,0,0,0,0
-0.0044848,0.0195435,0,0,0,0
0.0213525,0.0283878,0,0,0,0
0.0261307,0.0347301,0,0,0,0
0.0461075,0.0269936,0,0,0,0
0.061956,0.0128871,0,0,0,0
0.108555,-0.00786701,0,0,0,0
0.109055,-0.0391999,0,0,0,0
0.146636,-0.0640069,0,0,0,0
0.167907,-0.0740799,0,0,0,0
0.166939,-0.0781892,0,0,0,0
0.149421,-0.0758275,0,0,0,0
0.107709,-0.0712173,0,0,0,0
0.0609724,-0.06506,0,0,0,0
0.0167738,-0.060015,0,0,0,0
-0.0348522,-0.0541166,0,0,0,0
-0.0853874,-0.0601382,0,0,0,0
-0.0538251,-0.0605248,0,0,0,0
-0.0336548,-0.0716203,0,0,0,0
-0.0325825,-0.0738853,0,0,0,0
-0.0608444,-0.0743327,0,0,0,0
-0.0400482,-0.0606979,0,0,0,0
-0.0756087,-0.0636016,0,0,0,0
-0.082139,-0.0688122,0,0,0,0
-0.109806,-0.0875014,0,0,0,0
-0.129488,-0.0949878,0,0,0,0
-0.158789,-0.0976706,0,0,0,0
-0.133637,-0.0991193,0,0,0,0
-0.0279687,-0.0922431,0,0,0,0
0.0559235,-0.0784796,0,0,0,0
0.0928835,-0.0596346,0,0,0,0
0.0762238,-0.0636784,0,0,0,0
0.0531242,-0.0625486,0,0,0,0
-0.00284391,-0.048811,0,0,0,0
-0.0565222,-0.00586929,0,0,0,0
-0.0837003,0.0443661,0,0,0,0
-0.0879656,0.0817177,0,0,0,0
-0.0797151,0.103789,0,0,0,0
-0.0580839,0.117707,0,0,0,0
-0.0535064,0.127288,0,0,0,0
-0.0371059,0.133364,0,0,0,0
-0.00332612,0.125372,0,0,0,0
0.000198401,0.116232,0,0,0,0
-0.0109281,0.0934256,0,0,0,0
-0.0297828,0.0896668,0,0,0,0
-0.0626665,0.0987551,0,0,0,0
-0.0756863,0.102742,0,0,0,0
-0.0763925,0.123885,0,0,0,0
-0.0373474,0.1386,0,0,0,0
0.0150411,0.125857,0,0,0,0
0.0186315,0.098742,0,0,0,0
0.0827,0.0785315,0,0,0,0
0.114311,0.0513762,0,0,0,0
0.109391,0.0141068,0,0,0,0
0.0610759,-0.0158884,0,0,0,0
0.010256,-0.0291708,0,0,0,0
-0.0322341,-0.0275431,0,0,0,0
-0.0161176,-0.0138056,0,0,0,0
0.0135219,0.00303107,0,0,0,0
0.023456,0.00903616,0,0,0,0
0.0464953,0.0138211,0,0,0,0
0.0416163,0.00584336,0,0,0,0
0.0459929,-0.0014023,0,0,0,0
0.0584861,-0.0195687,0,0,0,0
0.0693114,-0.0383997,0,0,0,0
0.0973215,-0.0508671,0,0,0,0
0.102225,-0.0564088,0,0,0,0
0.0911674,-0.0583212,0,0,0,0
0.0959189,-0.0582853,0,0,0,0
0.083481,-0.0532133,0,0,0,0
0.0471285,-0.0560399,0,0,0,0
0.00978581,-0.0617756,0,0,0,0
-0.0195078,-0.0653594,0,0,0,0
-0.0551172,-0.0781713,0,0,0,0
-0.0687934,-0.0898922,0,0,0,0
-0.0819204,-0.092246,0,0,0,0
-0.0711185,-0.084254,0,0,0,0
-0.108551,-0.0724594,0,0,0,0
-0.118494,-0.0788638,0,0,0,0
-0.0581948,-0.0727311,0,0,0,0
-0.0507422,-0.0985419,0,0,0,0
-0.0648816,-0.112026,0,0,0,0
-0.0649036,-0.0984001,0,0,0,0
-0.0545582,-0.0924964,0,0,0,0
-0.0416774,-0.0798835,0,0,0,0
-0.0306205,-0.055002,0,0,0,0
-0.00404748,-0.0275984,0,0,0,0
0.0394512,-0.0197774,0,0,0,0
0.035354,-0.0153909,0,0,0,0
0.0117601,-0.00540961,0,0,0,0
-0.0222606,0.0148449,0,0,0,0
-0.057904,0.0474879,0,0,0,0
-0.0749814,0.0722587,0,0,0,0
-0.0633071,0.087275,0,0,0,0
-0.0462694,0.0901079,0,0,0,0
-0.042389,0.0957481,0,0,0,0
-0.0170899,0.103568,0,0,0,0
0.00161217,0.107121,0,0,0,0
0.00445801,0.0905103,0,0,0,0
0.00849224,0.0732696,0,0,0,0
-0.00316527,0.0714706,0,0,0,0
-0.0318305,0.076134,0,0,0,0
-0.0372698,0.0888525,0,0,0,0
-0.0298059,0.109248,0,0,0,0
-0.0178467,0.133738,0,0,0,0
0.0553983,0.14517,0,0,0,0
0.0404746,0.114758,0,0,0,0
0.0809888,0.0981225,0,0,0,0
0.105156,0.0747711,0,0,0,0
0.0818227,0.0335276,0,0,0,0
0.0371649,-0.00134469,0,0,0,0
-0.00543521,-0.0163939,0,0,0,0
-0.0374372,-0.020884,0,0,0,0
-0.0303043,-0.0180306,0,0,0,0
0.0214795,-0.00397118,0,0,0,0
0.0559007,-0.00209683,0,0,0,0
0.0572104,0.0040591,0,0,0,0
0.066315,0.00185296,0,0,0,0
0.068597,-0.0109638,0,0,0,0
0.0958646,-0.0233193,0,0,0,0
0.121225,-0.0321356,0,0,0,0
0.135458,-0.0420888,0,0,0,0
0.147501,-0.0517426,0,0,0,0
0.149571,-0.0476777,0,0,0,0
0.12697,-0.0475818,0,0,0,0
0.0928642,-0.0510151,0,0,0,0
0.060505,-0.0557097,0,0,0,0
0.0166232,-0.0593135,0,0,0,0
-0.0332631,-0.0628108,0,0,0,0
-0.0599196,-0.0691294,0,0,0,0
-0.0694144,-0.0835708,0,0,0,0
-0.0603581,-0.0970487,0,0,0,0
-0.0733334,-0.092895,0,0,0,0
-0.081046,-0.0824781,0,0,0,0
-0.0915675,-0.0735327,0,0,0,0
-0.121592,-0.0632811,0,0,0,0
-0.11972,-0.0823944,0,0,0,0
-0.131194,-0.0940757,0,0,0,0
-0.135477,-0.0925791,0,0,0,0
-0.107102,-0.0847443,0,0,0,0
-0.0590808,-0.0745622,0,0,0,0
-0.0110716,-0.0630793,0,0,0,0
0.0301827,-0.0485838,0,0,0,0
0.0509588,-0.0314979,0,0,0,0
0.0696396,-0.0438795,0,0,0,0
0.0573089,-0.0316728,0,0,0,0
-0.0130842,-0.00924361,0,0,0,0
-0.0766476,0.0218817,0,0,0,0
-0.12914,0.057444,0,0,0,0
-0.146135,0.0877087,0,0,0,0
-0.114912,0.102554,0,0,0,0
-0.0799758,0.100614,0,0,0,0
-0.0491369,0.104455,0,0,0,0
-0.00115621,0.103815,0,0,0,0
0.0341842,0.10103,0,0,0,0
0.0398618,0.0896618,0,0,0,0
0.0134558,0.0799666,0,0,0,0
-0.0211001,0.0769662,0,0,0,0
-0.0696146,0.0811943,0,0,0,0
-0.0743749,0.0970157,0,0,0,0
-0.059145,0.114531,0,0,0,0
-0.0230837,0.129018,0,0,0,0
0.0520574,0.138972,0,0,0,0
0.145148,0.122141,0,0,0,0
0.147466,0.10356,0,0,0,0
0.103327,0.0684449,0,0,0,0
0.0665334,0.0260651,0,0,0,0
0.018872,-0.00961918,0,0,0,0
-0.0380818,-0.0244014,0,0,0,0
-0.0514513,-0.0153867,0,0,0,0
-0.023009,0.000355232,0,0,0,0
0.0262399,0.012345,0,0,0,0
0.0560727,0.0135155,0,0,0,0
0.0405035,0.00983071,0,0,0,0
0.0425129,-0.000179983,0,0,0,0
0.0583321,-0.00674832,0,0,0,0
0.0831415,-0.0257248,0,0,0,0
0.107956,-0.0454025,0,0,0,0
0.135559,-0.0651491,0,0,0,0
0.160449,-0.073697,0,0,0,0
0.144087,-0.0721967,0,0,0,0
0.13727,-0.0665352,0,0,0,0
0.122847,-0.0639287,0,0,0,0
0.0642796,-0.0634812,0,0,0,0
0.0144814,-0.0551673,0,0,0,0
-0.0317376,-0.0523848,0,0,0,0
-0.0765932,-0.0603031,0,0,0,0
-0.0575828,-0.0670796,0,0,0,0
-0.0310755,-0.0714545,0,0,0,0
-0.0286533,-0.0774907,0,0,0,0
-0.0381369,-0.0791282,0,0,0,0
-0.0831855,-0.0604086,0,0,0,0
-0.116811,-0.0637947,0,0,0,0
-0.106812,-0.0583103,0,0,0,0
-0.113245,-0.0814152,0,0,0,0
-0.155024,-0.0981378,0,0,0,0
-0.169201,-0.101436,0,0,0,0
-0.109549,-0.0947859,0,0,0,0
-0.0608884,-0.0865808,0,0,0,0
-0.0100381,-0.06862,0,0,0,0
0.0337296,-0.0532859,0,0,0,0
0.0729131,-0.0586117,0,0,0,0
0.0628072,-0.0683105,0,0,0,0
0.0290855,-0.043859,0,0,0,0
-0.0231908,-0.00512698,0,0,0,0
-0.0653167,0.036072,0,0,0,0
-0.0877794,0.0692565,0,0,0,0
-0.102456,0.0940036,0,0,0,0
-0.0927532,0.106235,0,0,0,0
-0.0832983,0.119003,0,0,0,0
-0.0503318,0.129125,0,0,0,0
-0.0208408,0.128254,0,0,0,0
0.000894656,0.121157,0,0,0,0
0.00877256,0.111049,0,0,0,0
-0.0103283,0.102344,0,0,0,0
-0.0452384,0.097983,0,0,0,0
-0.0457307,0.112271,0,0,0,0
-0.0434548,0.12504,0,0,0,0
-0.0472448,0.142974,0,0,0,0
0.0177635,0.144216,0,0,0,0
0.0695196,0.11781,0,0,0,0
0.0977032,0.106634,0,0,0,0
0.104808,0.093985,0,0,0,0
0.0964117,0.060316,0,0,0,0
0.0562468,0.0235663,0,0,0,0
-0.0014548,-0.00555843,0,0,0,0
-0.0406783,-0.0101913,0,0,0,0
-0.0306154,-0.00419543,0,0,0,0
0.0219562,0.00404987,0,0,0,0
0.0616936,-0.00481451,0,0,0,0
0.0619243,-0.0199396,0,0,0,0
0.0577402,-0.0291525,0,0,0,0
0.0689474,-0.0458293,0,0,0,0
0.093149,-0.0638198,0,0,0,0
0.115655,-0.0740221,0,0,0,0
0.11804,-0.083547,0,0,0,0
0.11848,-0.0767461,0,0,0,0
0.114854,-0.0625316,0,0,0,0
0.112348,-0.0506323,0,0,0,0
0.0947883,-0.0455881,0,0,0,0
0.0381938,-0.0484368,0,0,0,0
0.0102464,-0.0496802,0,0,0,0
-0.0264485,-0.0568003,0,0,0,0
-0.0418434,-0.0624251,0,0,0,0
-0.03106,-0.0663939,0,0,0,0
-0.00774229,-0.0742797,0,0,0,0
-0.0220118,-0.0843905,0,0,0,0
-0.0474202,-0.0866674,0,0,0,0
-0.116701,-0.0642251,0,0,0,0
-0.155405,-0.0600523,0,0,0,0
-0.157617,-0.04509,0,0,0,0
-0.142657,-0.0608396,0,0,0,0
-0.149352,-0.081569,0,0,0,0
-0.135725,-0.0825404,0,0,0,0
-0.0942465,-0.0828528,0,0,0,0
-0.0427752,-0.09154,0,0,0,0
0.0587238,-0.0765971,0,0,0,0
0.0869457,-0.060279,0,0,0,0
0.100112,-0.0625114,0,0,0,0
0.0541734,-0.0503559,0,0,0,0
-0.0233861,-0.035222,0,0,0,0
-0.0866716,-0.00173444,0,0,0,0
-0.136572,0.0382519,0,0,0,0
-0.159232,0.0777797,0,0,0,0
-0.142606,0.099505,0,0,0,0
-0.0975859,0.108869,0,0,0,0
-0.0866125,0.124452,0,0,0,0
-0.042964,0.138347,0,0,0,0
-5.73333e-05,0.128674,0,0,0,0
0.0189463,0.107699,0,0,0,0
0.0192091,0.0961118,0,0,0,0
-0.00811606,0.0961825,0,0,0,0
-0.0506501,0.101033,0,0,0,0
-0.104782,0.110323,0,0,0,0
-0.102373,0.127444,0,0,0,0
-0.0654221,0.143133,0,0,0,0
-0.00358547,0.127693,0,0,0,0
0.0126104,0.104503,0,0,0,0
0.0675581,0.081384,0,0,0,0
0.123935,0.0604647,0,0,0,0
0.153755,0.03196,0,0,0,0
0.120741,0.00329107,0,0,0,0
0.064905,-0.00235222,0,0,0,0
0.0406571,0.00241763,0,0,0,0
0.0557892,0.0064996,0,0,0,0
0.109534,0.0203156,0,0,0,0
0.136828,0.0215323,0,0,0,0
0.148852,0.0357832,0,0,0,0
0.12866,0.0229999,0,0,0,0
0.0989508,0.000551687,0,0,0,0
0.0875041,-0.0251784,0,0,0,0
0.0972933,-0.0443348,0,0,0,0
0.113119,-0.0589891,0,0,0,0
0.12496,-0.0683182,0,0,0,0
0.124095,-0.0779815,0,0,0,0
0.109359,-0.0884446,0,0,0,0
0.105967,-0.099221,0,0,0,0
0.0728718,-0.104807,0,0,0,0
0.0266455,-0.108946,0,0,0,0
-0.0165231,-0.104923,0,0,0,0
-0.0676942,-0.106241,0,0,0,0
-0.0863782,-0.111082,0,0,0,0
-0.0845118,-0.10225,0,0,0,0
-0.0831215,-0.0826196,0,0,0,0
-0.116486,-0.0722983,0,0,0,0
-0.115588,-0.0475871,0,0,0,0
-0.136206,-0.0325885,0,0,0,0
-0.114066,-0.0449141,0,0,0,0
-0.119692,-0.0706122,0,0,0,0
-0.101658,-0.0659355,0,0,0,0
-0.0750416,-0.0734041,0,0,0,0
-0.0278976,-0.0827314,0,0,0,0
-0.00219325,-0.0695531,0,0,0,0
0.0305623,-0.068646,0,0,0,0
0.0664093,-0.0704124,0,0,0,0
0.0415128,-0.0772566,0,0,0,0
0.0196098,-0.0686485,0,0,0,0
-0.0155656,-0.040399,0,0,0,0
-0.0510307,0.00416318,0,0,0,0
-0.0807495,0.0508358,0,0,0,0
-0.0812062,0.0853369,0,0,0,0
-0.0884146,0.112049,0,0,0,0
-0.0751156,0.127269,0,0,0,0
-0.034748,0.136818,0,0,0,0
-0.0104079,0.130826,0,0,0,0
0.0177336,0.123778,0,0,0,0
0.00774828,0.104732,0,0,0,0
-0.00426642,0.0932469,0,0,0,0
-0.0152801,0.0909553,0,0,0,0
-0.037575,0.100405,0,0,0,0
-0.0537906,0.105413,0,0,0,0
-0.0571,0.114181,0,0,0,0
-0.0372753,0.126936,0,0,0,0
0.0082472,0.103262,0,0,0,0
0.0406332,0.0726746,0,0,0,0
0.0992489,0.0617142,0,0,0,0
0.147088,0.0499491,0,0,0,0
0.119975,0.0180254,0,0,0,0
0.0709058,-0.0089807,0,0,0,0
0.00514149,-0.0111026,0,0,0,0
-0.0251335,0.000584997,0,0,0,0
-0.020324,0.0131598,0,0,0,0
0.0282253,0.0296118,0,0,0,0
0.0531664,0.0255951,0,0,0,0
0.087456,0.026682,0,0,0,0
0.102757,0.0102771,0,0,0,0
0.097894,-0.017516,0,0,0,0
0.108491,-0.0501564,0,0,0,0
0.119625,-0.0697616,0,0,0,0
0.135682,-0.0777292,0,0,0,0
0.138617,-0.0818442,0,0,0,0
0.131731,-0.078524,0,0,0,0
0.111484,-0.0766127,0,0,0,0
0.100232,-0.0782321,0,0,0,0
0.0685405,-0.0778496,0,0,0,0
0.0225013,-0.0800392,0,0,0,0
-0.0144417,-0.0797622,0,0,0,0
-0.0439437,-0.0818722,0,0,0,0
-0.0418688,-0.0846794,0,0,0,0
-0.0409637,-0.0877203,0,0,0,0
-0.0590476,-0.0769148,0,0,0,0
-0.0937525,-0.0658998,0,0,0,0
-0.0888761,-0.0415592,0,0,0,0
-0.099356,-0.0554433,0,0,0,0
-0.0902695,-0.0920432,0,0,0,0
-0.0929712,-0.106803,0,0,0,0
-0.0715767,-0.0973922,0,0,0,0
-0.0837185,-0.0867057,0,0,0,0
-0.0802364,-0.0772379,0,0,0,0
-0.0273119,-0.067798,0,0,0,0
0.00769704,-0.0385902,0,0,0,0
0.00941943,-0.0227993,0,0,0,0
0.00858376,-0.0270859,0,0,0,0
0.00692119,-0.0200324,0,0,0,0
-0.00968504,-0.00252233,0,0,0,0
-0.0445787,0.0175235,0,0,0,0
-0.0764167,0.0372448,0,0,0,0
-0.0854146,0.0585626,0,0,0,0
-0.0906432,0.0694534,0,0,0,0
-0.0761293,0.0776528,0,0,0,0
-0.0687133,0.0917476,0,0,0,0
-0.0429662,0.108297,0,0,0,0
-0.0182922,0.107852,0,0,0,0
-0.00167728,0.105802,0,0,0,0
-0.000847866,0.112112,0,0,0,0
-0.0206618,0.114496,0,0,0,0
-0.0632539,0.123661,0,0,0,0
-0.078225,0.13631,0,0,0,0
-0.0865244,0.154445,0,0,0,0
-0.0533042,0.162723,0,0,0,0
0.00693265,0.159556,0,0,0,0
0.0353376,0.126183,0,0,0,0
0.0895592,0.110612,0,0,0,0
0.116005,0.0777381,0,0,0,0
0.112538,0.0390969,0,0,0,0
0.0666081,0.00722834,0,0,0,0
-0.00421516,-0.00826848,0,0,0,0
-0.047004,-0.014098,0,0,0,0
-0.0316893,-0.0104856,0,0,0,0
0.0225799,-0.0030445,0,0,0,0
0.0597259,-0.0062158,0,0,0,0
0.099279,-0.00786434,0,0,0,0
0.128413,-0.0123518,0,0,0,0
0.116119,-0.0396044,0,0,0,0
0.102605,-0.0692511,0,0,0,0
0.132785,-0.0849571,0,0,0,0
0.150018,-0.0914085,0,0,0,0
0.139595,-0.0818894,0,0,0,0
0.117331,-0.0652253,0,0,0,0
0.0889538,-0.055591,0,0,0,0
0.0555796,-0.0444644,0,0,0,0
0.00318575,-0.0420903,0,0,0,0
-0.0428734,-0.0434733,0,0,0,0
-0.0524439,-0.0416596,0,0,0,0
-0.0482475,-0.0528062,0,0,0,0
-0.0190601,-0.0640221,0,0,0,0
-0.0168093,-0.0779359,0,0,0,0
-0.0380287,-0.0839227,0,0,0,0
-0.0734281,-0.0827774,0,0,0,0
-0.0704162,-0.0715519,0,0,0,0
-0.126045,-0.0665459,0,0,0,0
-0.161263,-0.0931265,0,0,0,0
-0.166303,-0.11326,0,0,0,0
-0.137415,-0.103559,0,0,0,0
-0.112235,-0.103933,0,0,0,0
-0.074274,-0.105406,0,0,0,0
0.0158367,-0.073263,0,0,0,0
0.0510549,-0.0524415,0,0,0,0
0.073453,-0.036883,0,0,0,0
0.0299415,-0.0380738,0,0,0,0
-0.0110203,-0.0377115,0,0,0,0
-0.0557473,-0.0118488,0,0,0,0
-0.0907099,0.0345653,0,0,0,0
-0.122357,0.0754342,0,0,0,0
-0.120807,0.101572,0,0,0,0
-0.112332,0.122574,0,0,0,0
-0.0790075,0.128107,0,0,0,0
-0.0570998,0.131152,0,0,0,0
-0.0396883,0.132454,0,0,0,0
-0.0130345,0.112444,0,0,0,0
0.00418734,0.0936101,0,0,0,0
0.00909513,0.0820595,0,0,0,0
-0.0126915,0.0777716,0,0,0,0
-0.0386517,0.0875686,0,0,0,0
-0.0405719,0.104611,0,0,0,0
-0.0518678,0.11981,0,0,0,0
-0.055065,0.130892,0,0,0,0
-0.0450348,0.135425,0,0,0,0
-0.0294818,0.118657,0,0,0,0
0.0282884,0.0996584,0,0,0,0
0.0932535,0.0784612,0,0,0,0
0.128518,0.0481668,0,0,0,0
0.103478,0.0226415,0,0,0,0
0.0777262,0.00996431,0,0,0,0
0.068717,-0.000267005,0,0,0,0
0.0804686,0.000142029,0,0,0,0
0.0997577,0.00791379,0,0,0,0
0.0877597,0.0137521,0,0,0,0
0.0837286,0.0174119,0,0,0,0
0.0831147,0.0146725,0,0,0,0
0.0813922,-0.00590792,0,0,0,0
0.0754984,-0.0401151,0,0,0,0
0.0913413,-0.0727556,0,0,0,0
0.11847,-0.0847713,0,0,0,0
0.1236,-0.0901377,0,0,0,0
0.125355,-0.09924,0,0,0,0
0.112687,-0.0909547,0,0,0,0
0.0816375,-0.0854573,0,0,0,0
0.0470776,-0.0841624,0,0,0,0
0.00496258,-0.0859252,0,0,0,0
-0.0225336,-0.0810298,0,0,0,0
-0.0317074,-0.0803149,0,0,0,0
-0.0276951,-0.0811068,0,0,0,0
-0.0240035,-0.0769507,0,0,0,0
-0.057441,-0.0801702,0,0,0,0
-0.0840822,-0.0627873,0,0,0,0
-0.132006,-0.0695807,0,0,0,0
-0.141944,-0.0630647,0,0,0,0
-0.125847,-0.0824226,0,0,0,0
-0.122447,-0.0872863,0,0,0,0
-0.107726,-0.0815322,0,0,0,0
-0.0659265,-0.0795318,0,0,0,0
-0.000244885,-0.0668887,0,0,0,0
0.083701,-0.0646591,0,0,0,0
0.0839647,-0.0631927,0,0,0,0
0.0533055,-0.073064,0,0,0,0
0.0133995,-0.0650008,0,0,0,0
-0.0430941,-0.0452886,0,0,0,0
-0.0969347,-0.00913291,0,0,0,0
-0.136905,0.0336409,0,0,0,0
-0.136553,0.0748159,0,0,0,0
-0.0916352,0.102063,0,0,0,0
-0.0505934,0.11474,0,0,0,0
-0.0255129,0.117095,0,0,0,0
-0.00160664,0.124295,0,0,0,0
0.0211713,0.124604,0,0,0,0
0.0301381,0.0986678,0,0,0,0
0.0224074,0.0761669,0,0,0,0
0.0100398,0.0624839,0,0,0,0
-0.0258383,0.0584849,0,0,0,0
-0.070427,0.0691992,0,0,0,0
-0.08699,0.0855229,0,0,0,0
-0.0858318,0.105702,0,0,0,0
-0.0382322,0.130593,0,0,0,0
-0.00289674,0.136006,0,0,0,0
0.0365915,0.119417,0,0,0,0
0.109702,0.113134,0,0,0,0
0.120032,0.0914069,0,0,0,0
0.0912159,0.0512807,0,0,0,0
0.0610626,0.0250943,0,0,0,0
0.0104091,0.0116265,0,0,0,0
-0.0149952,0.00799153,0,0,0,0
-0.0125029,0.00952531,0,0,0,0
0.0108161,0.0145608,0,0,0,0
0.0388275,0.00878268,0,0,0,0
0.0698539,0.0107233,0,0,0,0
0.073018,-0.000334311,0,0,0,0
0.0840368,-0.0155613,0,0,0,0
0.0870866,-0.0409571,0,0,0,0
0.112863,-0.0650282,0,0,0,0
0.137845,-0.0780674,0,0,0,0
0.123591,-0.0866705,0,0,0,0
0.121096,-0.0874642,0,0,0,0
0.105449,-0.0829864,0,0,0,0
0.0812601,-0.079116,0,0,0,0
0.0533622,-0.0787276,0,0,0,0
0.00681926,-0.0769419,0,0,0,0
-0.0190696,-0.0753088,0,0,0,0
-0.0427532,-0.0827721,0,0,0,0
-0.0504665,-0.0905412,0,0,0,0
-0.0606002,-0.0932362,0,0,0,0
-0.0722601,-0.0951139,0,0,0,0
-0.108257,-0.087652,0,0,0,0
-0.128328,-0.0697274,0,0,0,0
-0.139039,-0.0527592,0,0,0,0
-0.12128,-0.0786891,0,0,0,0
-0.109336,-0.0901472,0,0,0,0
-0.0902063,-0.0839552,0,0,0,0
-0.0678395,-0.0824461,0,0,0,0
-0.023491,-0.0736462,0,0,0,0
0.0454402,-0.0716126,0,0,0,0
0.0714274,-0.0572759,0,0,0,0
0.0605137,-0.0494525,0,0,0,0
0.0248118,-0.0522011,0,0,0,0
-0.0216141,-0.0430307,0,0,0,0
-0.0715723,-0.0146287,0,0,0,0
-0.108476,0.0286535,0,0,0,0
-0.131384,0.0748496,0,0,0,0
-0.0913683,0.098492,0,0,0,0
-0.0537539,0.108833,0,0,0,0
-0.0182462,0.102977,0,0,0,0
0.0120575,0.10793,0,0,0,0
0.02291,0.11046,0,0,0,0
0.0169204,0.0979845,0,0,0,0
0.00387691,0.0787827,0,0,0,0
-0.0180117,0.0736018,0,0,0,0
-0.0547115,0.0802459,0,0,0,0
-0.0364896,0.0942272,0,0,0,0
-0.0262194,0.109359,0,0,0,0
-0.0213445,0.126136,0,0,0,0
0.0468422,0.138245,0,0,0,0
0.0468069,0.113443,0,0,0,0
0.101018,0.101834,0,0,0,0
0.108317,0.0792617,0,0,0,0
0.0936715,0.0382347,0,0,0,0
0.0731449,0.0083941,0,0,0,0
0.020556,-0.0103578,0,0,0,0
-0.0158795,-0.0163976,0,0,0,0
0.0105795,-0.00689765,0,0,0,0
0.0371566,0.00503727,0,0,0,0
0.056244,0.00481342,0,0,0,0
0.0475187,0.00511107,0,0,0,0
0.0582137,6.92472e-05,0,0,0,0
0.0595591,-0.0177533,0,0,0,0
0.0686609,-0.0373115,0,0,0,0
0.0936885,-0.0535423,0,0,0,0
0.0973937,-0.0635159,0,0,0,0
0.099959,-0.0653538,0,0,0,0
0.0985647,-0.0626611,0,0,0,0
0.115705,-0.0590075,0,0,0,0
0.112507,-0.0550981,0,0,0,0
0.0678742,-0.0576148,0,0,0,0
0.0350827,-0.0613795,0,0,0,0
0.00201343,-0.0733582,0,0,0,0
-0.03198,-0.0863147,0,0,0,0
-0.0386716,-0.0923906,0,0,0,0
-0.0306825,-0.0975251,0,0,0,0
-0.0401875,-0.0906822,0,0,0,0
-0.0887455,-0.0846969,0,0,0,0
-0.110223,-0.0666973,0,0,0,0
-0.163413,-0.0644345,0,0,0,0
-0.125138,-0.0823343,0,0,0,0
-0.147454,-0.11077,0,0,0,0
-0.13742,-0.0999665,0,0,0,0
-0.104894,-0.0909109,0,0,0,0
-0.0516621,-0.0750139,0,0,0,0
0.0118138,-0.0671823,0,0,0,0
0.0659833,-0.0458402,0,0,0,0
0.0804146,-0.0261201,0,0,0,0
0.0458383,-0.0321641,0,0,0,0
0.00302083,-0.0235239,0,0,0,0
-0.0696203,-0.00918511,0,0,0,0
-0.105418,0.025386,0,0,0,0
-0.110803,0.0612607,0,0,0,0
-0.0946092,0.0848933,0,0,0,0
-0.0823808,0.100268,0,0,0,0
-0.0456171,0.101266,0,0,0,0
-0.0142871,0.103372,0,0,0,0
0.00645598,0.0982807,0,0,0,0
0.0281592,0.0907242,0,0,0,0
-0.00552911,0.0861259,0,0,0,0
-0.03586,0.0864813,0,0,0,0
-0.0709251,0.103406,0,0,0,0
-0.101161,0.122707,0,0,0,0
-0.0916294,0.140814,0,0,0,0
-0.0643306,0.158572,0,0,0,0
0.0101616,0.168779,0,0,0,0
0.119517,0.130352,0,0,0,0
0.137171,0.117182,0,0,0,0
0.121642,0.0907824,0,0,0,0
0.110315,0.0468758,0,0,0,0
0.0811135,0.0153194,0,0,0,0
0.0181918,-0.00654093,0,0,0,0
-0.0365548,-0.0101116,0,0,0,0
-0.0478076,-0.0118721,0,0,0,0
-0.00149327,0.00223889,0,0,0,0
0.0523478,0.0158004,0,0,0,0
0.0505592,0.011212,0,0,0,0
0.0527842,-0.00683645,0,0,0,0
0.0565222,-0.0349819,0,0,0,0
0.0713658,-0.0610646,0,0,0,0
0.0874086,-0.0755456,0,0,0,0
0.107397,-0.0759056,0,0,0,0
0.124583,-0.078727,0,0,0,0
0.103239,-0.0794507,0,0,0,0
0.070741,-0.0751543,0,0,0,0
0.0496163,-0.0627614,0,0,0,0
0.0287362,-0.0601001,0,0,0,0
-0.010196,-0.0594442,0,0,0,0
-0.0370895,-0.0609942,0,0,0,0
-0.0412097,-0.0675854,0,0,0,0
-0.0376834,-0.082712,0,0,0,0
-0.0236453,-0.102561,0,0,0,0
-0.032795,-0.104279,0,0,0,0
-0.052203,-0.104084,0,0,0,0
-0.0824103,-0.0836298,0,0,0,0
-0.0509804,-0.0651973,0,0,0,0
-0.0484697,-0.107869,0,0,0,0
-0.0825171,-0.130041,0,0,0,0
-0.0860004,-0.125603,0,0,0,0
-0.10832,-0.119418,0,0,0,0
-0.114027,-0.110652,0,0,0,0
-0.0733228,-0.0868493,0,0,0,0
-0.0267769,-0.0621072,0,0,0,0
-0.00333667,-0.031809,0,0,0,0
0.0291455,-0.0262835,0,0,0,0
0.0323027,-0.0100152,0,0,0,0
0.00602924,0.00923987,0,0,0,0
-0.0214393,0.0317639,0,0,0,0
-0.0545515,0.059748,0,0,0,0
-0.0782204,0.081132,0,0,0,0
-0.0870738,0.0846471,0,0,0,0
-0.099247,0.0757406,0,0,0,0
-0.0960086,0.0703502,0,0,0,0
-0.0780576,0.0675201,0,0,0,0
-0.0505034,0.065784,0,0,0,0
-0.0206157,0.0656648,0,0,0,0
-0.00651195,0.0686085,0,0,0,0
-0.0177502,0.0738677,0,0,0,0
-0.0428894,0.0807706,0,0,0,0
-0.0759408,0.105583,0,0,0,0
-0.0919932,0.124776,0,0,0,0
-0.0756345,0.153678,0,0,0,0
-0.0351946,0.164476,0,0,0,0
0.0211023,0.147375,0,0,0,0
0.0286577,0.116758,0,0,0,0
0.0756159,0.108456,0,0,0,0
0.09557,0.0809989,0,0,0,0
0.0777479,0.0461601,0,0,0,0
0.0491654,0.020867,0,0,0,0
0.012855,0.021177,0,0,0,0
-0.012529,0.0260018,0,0,0,0
0.0213758,0.0383956,0,0,0,0
0.0730827,0.0498376,0,0,0,0
0.120733,0.0507669,0,0,0,0
0.15653,0.0554879,0,0,0,0
0.151292,0.0419645,0,0,0,0
0.125824,0.010978,0,0,0,0
0.128459,-0.0219024,0,0,0,0
0.125411,-0.0491753,0,0,0,0
0.0923644,-0.0720195,0,0,0,0
0.0761955,-0.0920746,0,0,0,0
0.0601919,-0.0988047,0,0,0,0
0.0485953,-0.100575,0,0,0,0
0.0372265,-0.106072,0,0,0,0
0.00942486,-0.101738,0,0,0,0
-0.00664,-0.0962125,0,0,0,0
-0.00950232,-0.0969327,0,0,0,0
-0.0114148,-0.107166,0,0,0,0
0.00100239,-0.114273,0,0,0,0
-0.0177386,-0.115045,0,0,0,0
-0.0282488,-0.100279,0,0,0,0
-0.0635235,-0.0797363,0,0,0,0
-0.0793039,-0.059653,0,0,0,0
-0.107046,-0.0496375,0,0,0,0
-0.0871669,-0.0479703,0,0,0,0
-0.116565,-0.0649106,0,0,0,0
-0.126584,-0.0615224,0,0,0,0
-0.102109,-0.0527977,0,0,0,0
-0.0385796,-0.0600953,0,0,0,0
0.0187779,-0.0435788,0,0,0,0
0.0493958,-0.051312,0,0,0,0
0.0766749,-0.0521659,0,0,0,0
0.07361,-0.0498101,0,0,0,0
0.0290393,-0.0504107,0,0,0,0
-0.0286458,-0.0366069,0,0,0,0
-0.0659012,-0.00709064,0,0,0,0
-0.0845346,0.0285626,0,0,0,0
-0.0742829,0.0608452,0,0,0,0
-0.0348859,0.076096,0,0,0,0
-0.0164508,0.0907606,0,0,0,0
0.00727602,0.104666,0,0,0,0
0.0131265,0.111529,0,0,0,0
0.000165717,0.11215,0,0,0,0
-0.0248249,0.119173,0,0,0,0
-0.0675686,0.132133,0,0,0,0
-0.118622,0.151797,0,0,0,0
-0.12977,0.180257,0,0,0,0
-0.118238,0.197327,0,0,0,0
-0.0702184,0.202396,0,0,0,0
-0.00660186,0.184789,0,0,0,0
0.000129921,0.14466,0,0,0,0
0.0901178,0.121726,0,0,0,0
0.169837,0.0925248,0,0,0,0
0.177249,0.0411632,0,0,0,0
0.123484,0.00194571,0,0,0,0
0.0724369,-0.0133246,0,0,0,0
0.0465921,-0.0162487,0,0,0,0
0.0465809,-0.00930877,0,0,0,0
0.0684075,-0.00137142,0,0,0,0
0.0796276,-0.00419597,0,0,0,0
0.0500577,-0.0150418,0,0,0,0
0.0472372,-0.0223215,0,0,0,0
0.048058,-0.0340348,0,0,0,0
0.0585544,-0.0479924,0,0,0,0
0.0683919,-0.0594175,0,0,0,0
0.0869621,-0.0692294,0,0,0,0
0.0962965,-0.0705287,0,0,0,0
0.080593,-0.0715856,0,0,0,0
0.0717546,-0.0687781,0,0,0,0
0.0709186,-0.0676067,0,0,0,0
0.046034,-0.0711562,0,0,0,0
0.00510033,-0.0758065,0,0,0,0
-0.020762,-0.077441,0,0,0,0
-0.0205501,-0.0869698,0,0,0,0
-0.0285309,-0.106436,0,0,0,0
-0.0161485,-0.117299,0,0,0,0
-0.0356287,-0.11312,0,0,0,0
-0.0742128,-0.0980642,0,0,0,0
-0.118472,-0.083676,0,0,0,0
-0.157823,-0.0898429,0,0,0,0
-0.144069,-0.0774818,0,0,0,0
-0.138817,-0.0916155,0,0,0,0
-0.124107,-0.0873224,0,0,0,0
-0.0961704,-0.0768487,0,0,0,0
-0.0526692,-0.0707279,0,0,0,0
0.0338114,-0.072726,0,0,0,0
0.13175,-0.0541893,0,0,0,0
0.118314,-0.0395736,0,0,0,0
0.0726558,-0.0418762,0,0,0,0
0.00967112,-0.0397289,0,0,0,0
-0.088569,-0.0281674,0,0,0,0
-0.134573,0.00747132,0,0,0,0
-0.125666,0.0479909,0,0,0,0
-0.115863,0.0813866,0,0,0,0
-0.0948428,0.0938357,0,0,0,0
-0.059586,0.0929144,0,0,0,0
-0.0291746,0.0971682,0,0,0,0
0.00465509,0.101896,0,0,0,0
0.0230025,0.0968356,0,0,0,0
0.0209558,0.0967273,0,0,0,0
-0.00683748,0.0986745,0,0,0,0
-0.057504,0.109974,0,0,0,0
-0.0855642,0.130591,0,0,0,0
-0.098912,0.14798,0,0,0,0
-0.0794388,0.166282,0,0,0,0
-0.00567807,0.169062,0,0,0,0
0.0805415,0.137461,0,0,0,0
0.112796,0.126993,0,0,0,0
0.143709,0.111335,0,0,0,0
0.108486,0.0629512,0,0,0,0
0.0814722,0.0278764,0,0,0,0
0.04368,0.012091,0,0,0,0
0.00675176,0.00927142,0,0,0,0
0.0145648,0.0110392,0,0,0,0
0.0584568,0.0233931,0,0,0,0
0.109701,0.0232542,0,0,0,0
0.101445,0.00964542,0,0,0,0
0.0789962,-0.0125808,0,0,0,0
0.0703089,-0.0362702,0,0,0,0
0.0850824,-0.055213,0,0,0,0
0.11304,-0.069742,0,0,0,0
0.121262,-0.0780747,0,0,0,0
0.110115,-0.0772572,0,0,0,0
0.102671,-0.0710337,0,0,0,0
0.10929,-0.0646748,0,0,0,0
0.0869166,-0.0645074,0,0,0,0
0.0485007,-0.0673015,0,0,0,0
0.0169822,-0.0641802,0,0,0,0
-0.00943831,-0.0626342,0,0,0,0
-0.0290247,-0.0758595,0,0,0,0
-0.0171836,-0.0827762,0,0,0,0
-0.00290792,-0.0936206,0,0,0,0
-0.0211509,-0.095333,0,0,0,0
-0.045163,-0.0889193,0,0,0,0
-0.114091,-0.0781665,0,0,0,0
-0.153694,-0.0797761,0,0,0,0
-0.193086,-0.0807443,0,0,0,0
-0.186753,-0.0958786,0,0,0,0
-0.162507,-0.10271,0,0,0,0
-0.136552,-0.0978094,0,0,0,0
-0.0798851,-0.088189,0,0,0,0
0.00687908,-0.0804882,0,0,0,0
0.104361,-0.0776463,0,0,0,0
0.106848,-0.0564194,0,0,0,0
0.0852856,-0.0475225,0,0,0,0
0.0298981,-0.0358453,0,0,0,0
-0.0342537,-0.0262751,0,0,0,0
-0.0860114,-0.000258107,0,0,0,0
-0.116396,0.0364363,0,0,0,0
-0.118987,0.0681784,0,0,0,0
-0.0899375,0.0937566,0,0,0,0
-0.0629083,0.108192,0,0,0,0
-0.0213175,0.11054,0,0,0,0
0.0136435,0.116803,0,0,0,0
0.0325358,0.120833,0,0,0,0
0.0343715,0.107696,0,0,0,0
-8.64382e-05,0.0946189,0,0,0,0
-0.0523021,0.0884057,0,0,0,0
-0.0994933,0.0961429,0,0,0,0
-0.116521,0.121075,0,0,0,0
-0.13066,0.145542,0,0,0,0
-0.108452,0.1617,0,0,0,0
-0.020811,0.157481,0,0,0,0
0.087486,0.124275,0,0,0,0
0.119596,0.110641,0,0,0,0
0.116289,0.0819327,0,0,0,0
0.12659,0.0579338,0,0,0,0
0.111265,0.0282057,0,0,0,0
0.0585002,0.00703393,0,0,0,0
8.32257e-05,0.00588604,0,0,0,0
-0.0151117,0.010496,0,0,0,0
0.0273299,0.0190672,0,0,0,0
0.0907441,0.0313724,0,0,0,0
0.105251,0.0340393,0,0,0,0
0.0832752,0.0159013,0,0,0,0
0.0796469,-0.00826008,0,0,0,0
0.0767066,-0.0382538,0,0,0,0
0.0985858,-0.0638593,0,0,0,0
0.124089,-0.0769908,0,0,0,0
0.115426,-0.0850318,0,0,0,0
0.102346,-0.0867887,0,0,0,0
0.107797,-0.0835689,0,0,0,0
0.0780812,-0.0751603,0,0,0,0
0.0538451,-0.0674882,0,0,0,0
0.0147763,-0.0704395,0,0,0,0
-0.0141148,-0.0719578,0,0,0,0
-0.0306107,-0.0761676,0,0,0,0
-0.0212173,-0.082513,0,0,0,0
0.00327335,-0.0892234,0,0,0,0
0.00199516,-0.0900585,0,0,0,0
-0.0286267,-0.0917681,0,0,0,0
-0.0889074,-0.0837505,0,0,0,0
-0.134649,-0.0791677,0,0,0,0
-0.155706,-0.0736741,0,0,0,0
-0.14003,-0.0797816,0,0,0,0
-0.150803,-0.0917661,0,0,0,0
-0.13095,-0.0838061,0,0,0,0
-0.104358,-0.0748782,0,0,0,0
-0.0523675,-0.0717207,0,0,0,0
0.0120525,-0.0583739,0,0,0,0
0.0497006,-0.0525922,0,0,0,0
0.067899,-0.0410329,0,0,0,0
0.0649242,-0.0492997,0,0,0,0
0.0526357,-0.0438296,0,0,0,0
-0.0220903,-0.0237445,0,0,0,0
-0.0816187,0.0158611,0,0,0,0
-0.125038,0.0520839,0,0,0,0
-0.140079,0.0818604,0,0,0,0
-0.116324,0.0979172,0,0,0,0
-0.0937874,0.110055,0,0,0,0
-0.0546419,0.123053,0,0,0,0
-0.026433,0.131816,0,0,0,0
0.00977117,0.130364,0,0,0,0
0.0176429,0.123805,0,0,0,0
-0.00146741,0.113102,0,0,0,0
-0.0398641,0.109737,0,0,0,0
-0.0508364,0.125047,0,0,0,0
-0.0665565,0.140183,0,0,0,0
-0.0646096,0.150861,0,0,0,0
0.00924095,0.154579,0,0,0,0
0.0753418,0.144886,0,0,0,0
0.0883583,0.126043,0,0,0,0
0.0922806,0.103492,0,0,0,0
0.0906866,0.0574219,0,0,0,0
0.0665998,0.0196993,0,0,0,0
0.0179237,-0.00720977,0,0,0,0
-0.0140558,-0.0146916,0,0,0,0
0.0227908,-0.00771423,0,0,0,0
0.0797514,-0.00036554,0,0,0,0
0.101922,-0.00823953,0,0,0,0
0.100819,-0.0120284,0,0,0,0
0.0867937,-0.0212442,0,0,0,0
0.0856283,-0.0400661,0,0,0,0
0.090187,-0.0547014,0,0,0,0
0.112855,-0.0659373,0,0,0,0
0.128529,-0.0748714,0,0,0,0
0.125503,-0.0721738,0,0,0,0
0.108207,-0.0671937,0,0,0,0
0.0935991,-0.0653667,0,0,0,0
0.0641427,-0.061317,0,0,0,0
0.0348359,-0.0617006,0,0,0,0
0.0136749,-0.066055,0,0,0,0
-0.0232302,-0.0707105,0,0,0,0
-0.0225869,-0.0755626,0,0,0,0
-0.0157303,-0.0857137,0,0,0,0
-0.00112316,-0.0942639,0,0,0,0
-0.0226694,-0.102056,0,0,0,0
-0.0634342,-0.104504,0,0,0,0
-0.123308,-0.0853987,0,0,0,0
-0.165612,-0.0865927,0,0,0,0
-0.124375,-0.0732366,0,0,0,0
-0.128513,-0.0983232,0,0,0,0
-0.124149,-0.098037,0,0,0,0
-0.111385,-0.0928189,0,0,0,0
-0.0820089,-0.0898472,0,0,0,0
-0.0285744,-0.0701465,0,0,0,0
0.0225028,-0.0634806,0,0,0,0
0.0592763,-0.0457499,0,0,0,0
0.0680906,-0.0532597,0,0,0,0
0.0435092,-0.0474771,0,0,0,0
-0.020635,-0.0301144,0,0,0,0
-0.0873823,0.00354023,0,0,0,0
-0.124305,0.0422268,0,0,0,0
-0.101158,0.0734466,0,0,0,0
-0.092744,0.0904333,0,0,0,0
-0.080753,0.1002,0,0,0,0
-0.0695176,0.110068,0,0,0,0
-0.032261,0.110748,0,0,0,0
0.0132104,0.104766,0,0,0,0
0.0149638,0.100811,0,0,0,0
0.00800351,0.0979132,0,0,0,0
-0.0228118,0.100028,0,0,0,0
-0.0621178,0.108339,0,0,0,0
-0.0881876,0.114461,0,0,0,0
-0.0720799,0.139198,0,0,0,0
-0.0325033,0.152091,0,0,0,0
0.0115126,0.130628,0,0,0,0
0.0277335,0.0933585,0,0,0,0
0.101836,0.0761725,0,0,0,0
0.151325,0.0642973,0,0,0,0
0.111633,0.0271411,0,0,0,0
0.0683139,0.00511966,0,0,0,0
0.0116135,-0.000345722,0,0,0,0
-0.00957988,0.00414544,0,0,0,0
0.0284132,0.0172524,0,0,0,0
0.0784432,0.0304885,0,0,0,0
0.0989995,0.0278289,0,0,0,0
0.117405,0.0321694,0,0,0,0
0.102709,0.01775,0,0,0,0
0.0867718,-0.0122096,0,0,0,0
0.0956428,-0.0437132,0,0,0,0
0.102041,-0.0639775,0,0,0,0
0.10032,-0.0748791,0,0,0,0
0.092436,-0.077271,0,0,0,0
0.0921444,-0.0821475,0,0,0,0
0.0702991,-0.0793769,0,0,0,0
0.0504146,-0.0741074,0,0,0,0
0.0136861,-0.0714276,0,0,0,0
-0.0168612,-0.0772432,0,0,0,0
-0.0311318,-0.0833361,0,0,0,0
-0.0189136,-0.0866064,0,0,0,0
-0.00402469,-0.0905001,0,0,0,0
-0.0563561,-0.104604,0,0,0,0
-0.0764609,-0.102052,0,0,0,0
-0.115481,-0.0858958,0,0,0,0
-0.128346,-0.0839745,0,0,0,0
-0.157334,-0.0777025,0,0,0,0
-0.151022,-0.0957044,0,0,0,0
-0.161704,-0.112981,0,0,0,0
-0.14718,-0.108115,0,0,0,0
-0.129195,-0.100619,0,0,0,0
-0.0571529,-0.0941664,0,0,0,0
0.0446251,-0.0713978,0,0,0,0
0.145368,-0.0488013,0,0,0,0
0.141675,-0.0313294,0,0,0,0
0.100318,-0.0334755,0,0,0,0
0.0468191,-0.0308527,0,0,0,0
-0.0272164,-0.00906022,0,0,0,0
-0.0926024,0.0224926,0,0,0,0
-0.138406,0.060555,0,0,0,0
-0.154843,0.0842658,0,0,0,0
-0.12939,0.101981,0,0,0,0
-0.0922738,0.113283,0,0,0,0
-0.0589694,0.118247,0,0,0,0
-0.015327,0.115987,0,0,0,0
0.0273738,0.0982399,0,0,0,0
0.0637487,0.0791899,0,0,0,0
0.0551203,0.0768003,0,0,0,0
-0.000950549,0.0747412,0,0,0,0
-0.0808587,0.0876365,0,0,0,0
-0.102721,0.104316,0,0,0,0
-0.0956567,0.122382,0,0,0,0
-0.0649462,0.130679,0,0,0,0
-0.000611531,0.135939,0,0,0,0
0.0451076,0.121486,0,0,0,0
0.11627,0.109512,0,0,0,0
0.16438,0.0918932,0,0,0,0
0.119539,0.0469422,0,0,0,0
0.0914893,0.0197552,0,0,0,0
0.0430439,0.0078611,0,0,0,0
0.0244399,0.0123804,0,0,0,0
0.0287998,0.0178769,0,0,0,0
0.0668128,0.0329629,0,0,0,0
0.0769152,0.0283457,0,0,0,0
0.107764,0.0336393,0,0,0,0
0.0866604,0.0182097,0,0,0,0
0.0725997,0.000245559,0,0,0,0
0.0656409,-0.0311838,0,0,0,0
0.0755831,-0.0571469,0,0,0,0
0.101649,-0.0699251,0,0,0,0
0.106218,-0.0797598,0,0,0,0
0.109922,-0.0888818,0,0,0,0
0.0835539,-0.0871473,0,0,0,0
0.06321,-0.0788847,0,0,0,0
0.0404955,-0.0772777,0,0,0,0
0.0158781,-0.0782619,0,0,0,0
-0.00739706,-0.0847465,0,0,0,0
-0.0392705,-0.0975684,0,0,0,0
-0.0503451,-0.107535,0,0,0,0
-0.0420904,-0.10733,0,0,0,0
-0.0418614,-0.0981584,0,0,0,0
-0.0794152,-0.08522,0,0,0,0
-0.0849753,-0.0635192,0,0,0,0
-0.129883,-0.0634593,0,0,0,0
-0.0903707,-0.0616126,0,0,0,0
-0.101981,-0.0755936,0,0,0,0
-0.109252,-0.074462,0,0,0,0
-0.0851102,-0.0618089,0,0,0,0
-0.0391351,-0.0582312,0,0,0,0
0.041536,-0.0445112,0,0,0,0
0.0680063,-0.0367138,0,0,0,0
0.0799184,-0.032765,0,0,0,0
0.0479233,-0.0353671,0,0,0,0
0.000253782,-0.0328616,0,0,0,0
-0.038804,-0.014979,0,0,0,0
-0.0674507,0.0224603,0,0,0,0
-0.0627126,0.0623574,0,0,0,0
-0.0374269,0.094903,0,0,0,0
-0.0179009,0.114997,0,0,0,0
-0.0162261,0.125983,0,0,0,0
0.00231028,0.13222,0,0,0,0
0.0082831,0.134376,0,0,0,0
0.0122385,0.125431,0,0,0,0
-0.00927201,0.11008,0,0,0,0
-0.0422892,0.0987886,0,0,0,0
-0.0664461,0.104949,0,0,0,0
-0.0718644,0.128263,0,0,0,0
-0.0653932,0.144252,0,0,0,0
-0.0376852,0.152345,0,0,0,0
0.0507905,0.152149,0,0,0,0
0.155179,0.122664,0,0,0,0
0.196613,0.111306,0,0,0,0
0.109347,0.071905,0,0,0,0
0.0582584,0.0221077,0,0,0,0
0.00727321,-0.0110991,0,0,0,0
-0.0356619,-0.0300823,0,0,0,0
-0.0415002,-0.0294701,0,0,0,0
-0.00616972,-0.0221349,0,0,0,0
0.0393032,-0.0139348,0,0,0,0
0.0918475,-0.00500156,0,0,0,0
0.103924,-0.00708049,0,0,0,0
0.108367,-0.00986812,0,0,0,0
0.0939638,-0.0248926,0,0,0,0
0.0994891,-0.0415092,0,0,0,0
0.105966,-0.0511851,0,0,0,0
0.102928,-0.059873,0,0,0,0
0.113708,-0.0620431,0,0,0,0
0.0991622,-0.0582364,0,0,0,0
0.0932458,-0.0486734,0,0,0,0
0.0592102,-0.0444447,0,0,0,0
0.0364636,-0.0455234,0,0,0,0
-0.0142808,-0.0477296,0,0,0,0
-0.0485767,-0.0498153,0,0,0,0
-0.0690274,-0.0539394,0,0,0,0
-0.0664245,-0.0633742,0,0,0,0
-0.0351281,-0.067635,0,0,0,0
-0.031006,-0.0822612,0,0,0,0
-0.0404253,-0.0914161,0,0,0,0
-0.0652345,-0.0807116,0,0,0,0
-0.0899518,-0.0818708,0,0,0,0
-0.0430986,-0.0811745,0,0,0,0
-0.0600596,-0.125786,0,0,0,0
-0.0943215,-0.140212,0,0,0,0
-0.117412,-0.122359,0,0,0,0
-0.131536,-0.108834,0,0,0,0
-0.127411,-0.0951112,0,0,0,0
-0.114708,-0.0678214,0,0,0,0
-0.0877736,-0.0525396,0,0,0,0
-0.0506319,-0.0293091,0,0,0,0
-0.000554463,-0.0265642,0,0,0,0
0.0241828,-0.0134177,0,0,0,0
0.0410329,0.0124497,0,0,0,0
0.0161074,0.0496624,0,0,0,0
-0.0189303,0.0783066,0,0,0,0
-0.0547845,0.09734,0,0,0,0
-0.0684776,0.107159,0,0,0,0
-0.0781938,0.110736,0,0,0,0
-0.0669866,0.116379,0,0,0,0
-0.0581518,0.113331,0,0,0,0
-0.0297901,0.10618,0,0,0,0
-0.0161248,0.0908618,0,0,0,0
-0.00870045,0.0890576,0,0,0,0
-0.0241966,0.0916649,0,0,0,0
-0.00545191,0.0986612,0,0,0,0
-0.00290027,0.106871,0,0,0,0
-0.019834,0.113805,0,0,0,0
0.0126456,0.124129,0,0,0,0
0.0914186,0.123071,0,0,0,0
0.127416,0.108874,0,0,0,0
0.0912098,0.0849332,0,0,0,0
0.0655412,0.0417154,0,0,0,0
0.0255887,0.00947297,0,0,0,0
-0.0234598,-0.0100867,0,0,0,0
-0.0451777,-0.0122396,0,0,0,0
-0.0119749,0.000756119,0,0,0,0
0.0300332,0.0119618,0,0,0,0
0.0841495,0.0227852,0,0,0,0
0.0776884,0.0189309,0,0,0,0
0.0815521,0.00606003,0,0,0,0
0.0788704,-0.0149563,0,0,0,0
0.104455,-0.037631,0,0,0,0
0.119341,-0.0542098,0,0,0,0
0.137325,-0.0635064,0,0,0,0
0.145261,-0.0683926,0,0,0,0
0.127448,-0.0711512,0,0,0,0
0.12262,-0.0710557,0,0,0,0
0.0845847,-0.0680464,0,0,0,0
0.0506427,-0.0701668,0,0,0,0
0.00310465,-0.0697856,0,0,0,0
-0.049642,-0.0677753,0,0,0,0
-0.0497361,-0.071844,0,0,0,0
-0.0367502,-0.0831487,0,0,0,0
-0.0177382,-0.0991959,0,0,0,0
-0.0237781,-0.103519,0,0,0,0
-0.0570627,-0.0913935,0,0,0,0
-0.0927912,-0.0663603,0,0,0,0
-0.134866,-0.0661214,0,0,0,0
-0.123861,-0.0564151,0,0,0,0
-0.11287,-0.0718442,0,0,0,0
-0.082859,-0.0779154,0,0,0,0
-0.0805903,-0.0690608,0,0,0,0
-0.0708976,-0.062561,0,0,0,0
-0.0403159,-0.0609922,0,0,0,0
0.0093177,-0.0596439,0,0,0,0
0.0475022,-0.0522796,0,0,0,0
0.0467593,-0.0454944,0,0,0,0
0.0413362,-0.0437806,0,0,0,0
0.000523218,-0.0361431,0,0,0,0
-0.0448886,-0.0257737,0,0,0,0
-0.0624985,0.001889,0,0,0,0
-0.0588775,0.0367724,0,0,0,0
-0.0704285,0.0581985,0,0,0,0
-0.0561117,0.0723837,0,0,0,0
-0.0333159,0.0803403,0,0,0,0
-0.0255125,0.0926349,0,0,0,0
-0.0210619,0.1015,0,0,0,0
-0.00150224,0.102792,0,0,0,0
0.00376084,0.110466,0,0,0,0
-0.0280545,0.123609,0,0,0,0
-0.067633,0.135474,0,0,0,0
-0.0930186,0.161134,0,0,0,0
-0.129572,0.17517,0,0,0,0
-0.10043,0.189416,0,0,0,0
-0.0152817,0.183793,0,0,0,0
0.0966382,0.138373,0,0,0,0
0.127733,0.108429,0,0,0,0
0.144126,0.0877024,0,0,0,0
0.112962,0.0365342,0,0,0,0
0.0627031,-0.00523938,0,0,0,0
0.00173171,-0.0338769,0,0,0,0
-0.0555636,-0.0418391,0,0,0,0
-0.040825,-0.031692,0,0,0,0
0.00780465,-0.0212491,0,0,0,0
0.0711928,-0.00647549,0,0,0,0
0.0831073,0.00513333,0,0,0,0
0.0672195,0.00253637,0,0,0,0
0.0694282,-0.00642934,0,0,0,0
0.0711648,-0.0250096,0,0,0,0
0.0807415,-0.0407189,0,0,0,0
0.105849,-0.0509024,0,0,0,0
0.124806,-0.0572467,0,0,0,0
0.101922,-0.0547687,0,0,0,0
0.0930934,-0.0589535,0,0,0,0
0.0941181,-0.0618888,0,0,0,0
0.0867791,-0.0641932,0,0,0,0
0.047575,-0.0685258,0,0,0,0
-0.00364047,-0.0729815,0,0,0,0
-0.023756,-0.0726183,0,0,0,0
-0.0339919,-0.076013,0,0,0,0
-0.0237688,-0.0822052,0,0,0,0
-0.0236541,-0.10099,0,0,0,0
-0.0507607,-0.100936,0,0,0,0
-0.0933197,-0.0862035,0,0,0,0
-0.0880302,-0.0625938,0,0,0,0
-0.112523,-0.0527169,0,0,0,0
-0.088687,-0.0648255,0,0,0,0
-0.119581,-0.0962054,0,0,0,0
-0.154334,-0.107571,0,0,0,0
-0.125628,-0.0940552,0,0,0,0
-0.0767042,-0.0876499,0,0,0,0
-0.0169861,-0.0917794,0,0,0,0
0.0562859,-0.0731492,0,0,0,0
0.0795954,-0.0455685,0,0,0,0
0.101349,-0.0382494,0,0,0,0
0.0577607,-0.0339956,0,0,0,0
-0.0234823,-0.0127621,0,0,0,0
-0.0757748,0.0186215,0,0,0,0
-0.109139,0.055957,0,0,0,0
-0.130777,0.0878726,0,0,0,0
-0.0957425,0.104606,0,0,0,0
-0.0585832,0.105716,0,0,0,0
-0.0410458,0.107745,0,0,0,0
-0.0270524,0.112696,0,0,0,0
0.00023986,0.1079,0,0,0,0
0.00530269,0.105608,0,0,0,0
0.0107675,0.109263,0,0,0,0
-0.0103491,0.10909,0,0,0,0
-0.0464569,0.12986,0,0,0,0
-0.0583757,0.137707,0,0,0,0
-0.050152,0.146483,0,0,0,0
-0.00417257,0.150651,0,0,0,0
0.0643268,0.147189,0,0,0,0
0.0977278,0.133891,0,0,0,0
0.094277,0.0943661,0,0,0,0
0.0970762,0.0467793,0,0,0,0
0.0588722,0.00436679,0,0,0,0
0.0087702,-0.0310239,0,0,0,0
-0.0271493,-0.0431425,0,0,0,0
-0.0398968,-0.0376441,0,0,0,0
-0.00255503,-0.0222163,0,0,0,0
0.0463477,-0.00461769,0,0,0,0
0.0888334,-0.000760299,0,0,0,0
0.133414,0.00910636,0,0,0,0
0.112458,0.0115938,0,0,0,0
0.0901635,-0.00391927,0,0,0,0
0.0796132,-0.0274816,0,0,0,0
0.0966059,-0.0406466,0,0,0,0
0.104319,-0.0504372,0,0,0,0
0.113401,-0.0602283,0,0,0,0
0.111347,-0.0607202,0,0,0,0
0.0877552,-0.0626368,0,0,0,0
0.0658116,-0.0658218,0,0,0,0
0.0400794,-0.0717081,0,0,0,0
-0.00028146,-0.0764988,0,0,0,0
-0.028648,-0.0880341,0,0,0,0
-0.0440222,-0.101148,0,0,0,0
-0.0396559,-0.107605,0,0,0,0
-0.059006,-0.116959,0,0,0,0
-0.0640624,-0.109603,0,0,0,0
-0.0925311,-0.0927555,0,0,0,0
-0.103854,-0.0732788,0,0,0,0
-0.116988,-0.073912,0,0,0,0
-0.104547,-0.0976272,0,0,0,0
-0.113323,-0.100104,0,0,0,0
-0.129085,-0.089118,0,0,0,0
-0.088682,-0.0718712,0,0,0,0
-0.0478773,-0.0574693,0,0,0,0
-0.0345665,-0.05623,0,0,0,0
0.0194229,-0.0387536,0,0,0,0
0.0832086,-0.0300528,0,0,0,0
0.0605813,-0.0366994,0,0,0,0
0.0180751,-0.0225239,0,0,0,0
-0.028214,0.000606695,0,0,0,0
-0.0778852,0.0293176,0,0,0,0
-0.0868008,0.0566591,0,0,0,0
-0.0719817,0.0791455,0,0,0,0
-0.054824,0.0869928,0,0,0,0
-0.0504535,0.0988091,0,0,0,0
-0.036233,0.118893,0,0,0,0
-0.0217695,0.130975,0,0,0,0
-0.0240625,0.122166,0,0,0,0
-0.0279986,0.1199,0,0,0,0
-0.0436631,0.118881,0,0,0,0
-0.071003,0.133108,0,0,0,0
-0.0534393,0.142185,0,0,0,0
-0.0508225,0.157116,0,0,0,0
-0.0298029,0.158195,0,0,0,0
0.0384982,0.143887,0,0,0,0
0.08928,0.109603,0,0,0,0
0.124408,0.0972969,0,0,0,0
0.116109,0.0683927,0,0,0,0
0.0712908,0.0207017,0,0,0,0
0.023799,-0.016312,0,0,0,0
-0.0271497,-0.0325203,0,0,0,0
-0.0371153,-0.0304321,0,0,0,0
0.00343714,-0.0118457,0,0,0,0
0.0467795,0.00679306,0,0,0,0
0.0769706,0.00994493,0,0,0,0
0.0702097,0.00916633,0,0,0,0
0.0671756,-0.00422657,0,0,0,0
0.0656445,-0.0231555,0,0,0,0
0.075606,-0.0415817,0,0,0,0
0.109244,-0.0541392,0,0,0,0
0.128945,-0.0596293,0,0,0,0
0.134732,-0.0593642,0,0,0,0
0.138684,-0.0589932,0,0,0,0
0.123203,-0.0541142,0,0,0,0
0.0891128,-0.0497236,0,0,0,0
0.0517774,-0.0474279,0,0,0,0
0.0209139,-0.0499823,0,0,0,0
-0.0174608,-0.0595289,0,0,0,0
-0.0318014,-0.0710054,0,0,0,0
-0.0347717,-0.0802435,0,0,0,0
-0.0313957,-0.0960709,0,0,0,0
-0.0244407,-0.0983739,0,0,0,0
-0.04845,-0.101925,0,0,0,0
-0.0758714,-0.0861016,0,0,0,0
-0.0742691,-0.0676676,0,0,0,0
-0.100218,-0.0611411,0,0,0,0
-0.0715656,-0.0611228,0,0,0,0
-0.0932582,-0.0829538,0,0,0,0
-0.121067,-0.0845645,0,0,0,0
-0.132555,-0.0881679,0,0,0,0
-0.0992111,-0.0798663,0,0,0,0
-0.0330494,-0.0687188,0,0,0,0
0.0359385,-0.0728353,0,0,0,0
0.0879102,-0.0573554,0,0,0,0
0.0585562,-0.0546408,0,0,0,0
0.0192084,-0.0507374,0,0,0,0
-0.0239891,-0.0260784,0,0,0,0
-0.0551679,0.00963608,0,0,0,0
-0.0801737,0.0483933,0,0,0,0
-0.0914967,0.0772021,0,0,0,0
-0.0800731,0.0939303,0,0,0,0
-0.0504897,0.106442,0,0,0,0
-0.0372315,0.111301,0,0,0,0
-0.0230371,0.115055,0,0,0,0
0.0054845,0.11458,0,0,0,0
0.0115999,0.111961,0,0,0,0
-0.0169762,0.115143,0,0,0,0
-0.061634,0.124566,0,0,0,0
-0.112444,0.138816,0,0,0,0
-0.130599,0.150471,0,0,0,0
-0.0965616,0.166322,0,0,0,0
-0.0385993,0.186201,0,0,0,0
0.0482889,0.164797,0,0,0,0
0.108246,0.141014,0,0,0,0
0.137898,0.0946601,0,0,0,0
0.130166,0.0417998,0,0,0,0
0.0996059,-0.0109847,0,0,0,0
0.0357852,-0.0451666,0,0,0,0
-0.0149476,-0.0485443,0,0,0,0
-0.0405231,-0.0361873,0,0,0,0
-0.00461222,-0.0263678,0,0,0,0
0.0442274,-0.00943492,0,0,0,0
0.0623547,-0.0111916,0,0,0,0
0.0769377,-0.00339458,0,0,0,0
0.0682331,-0.012223,0,0,0,0
0.0711808,-0.0247705,0,0,0,0
0.09362,-0.0336996,0,0,0,0
0.117523,-0.0393479,0,0,0,0
0.116495,-0.0465765,0,0,0,0
0.10682,-0.0476873,0,0,0,0
0.0907976,-0.0499862,0,0,0,0
0.0825685,-0.0507817,0,0,0,0
0.0558224,-0.0501877,0,0,0,0
0.017524,-0.0560017,0,0,0,0
-0.00778703,-0.0605974,0,0,0,0
-0.0207345,-0.0714984,0,0,0,0
-0.0266565,-0.0871251,0,0,0,0
-0.0179384,-0.100812,0,0,0,0
-0.0168157,-0.124897,0,0,0,0
-0.0297017,-0.122112,0,0,0,0
-0.0898702,-0.107406,0,0,0,0
-0.0965573,-0.0851868,0,0,0,0
-0.128588,-0.0728205,0,0,0,0
-0.116651,-0.0886695,0,0,0,0
-0.157596,-0.11414,0,0,0,0
-0.158743,-0.110951,0,0,0,0
-0.0932877,-0.0853547,0,0,0,0
-0.0423918,-0.0734003,0,0,0,0
0.0419323,-0.0637489,0,0,0,0
0.0510694,-0.0488264,0,0,0,0
0.0454234,-0.0275051,0,0,0,0
0.0420097,-0.0318723,0,0,0,0
0.0146704,-0.0228834,0,0,0,0
-0.0282047,-0.00243984,0,0,0,0
-0.0672752,0.0238278,0,0,0,0
-0.0991473,0.05181,0,0,0,0
-0.100513,0.0707392,0,0,0,0
-0.0619327,0.0864389,0,0,0,0
-0.0335454,0.0889031,0,0,0,0
-0.00989283,0.0972179,0,0,0,0
0.0104458,0.106651,0,0,0,0
0.00575457,0.0971577,0,0,0,0
-0.00242279,0.0849794,0,0,0,0
-0.029089,0.0899185,0,0,0,0
-0.0748955,0.108662,0,0,0,0
-0.0924987,0.136976,0,0,0,0
-0.101114,0.163509,0,0,0,0
-0.0779794,0.183774,0,0,0,0
0.0164887,0.171341,0,0,0,0
0.114941,0.147443,0,0,0,0
0.166446,0.144118,0,0,0,0
0.146915,0.10194,0,0,0,0
0.110443,0.0406104,0,0,0,0
0.0728352,-0.00120607,0,0,0,0
0.00828655,-0.0320936,0,0,0,0
-0.0456888,-0.0391393,0,0,0,0
-0.0465551,-0.0302619,0,0,0,0
0.00116627,-0.0116814,0,0,0,0
0.0557941,0.00559009,0,0,0,0
0.0694158,0.00211248,0,0,0,0
0.0476897,-0.0166714,0,0,0,0
0.0526248,-0.0329962,0,0,0,0
0.0679931,-0.0477444,0,0,0,0
0.0985546,-0.0526408,0,0,0,0
0.110819,-0.0561256,0,0,0,0
0.108307,-0.0559064,0,0,0,0
0.10463,-0.0528869,0,0,0,0
0.114626,-0.0487785,0,0,0,0
0.0965743,-0.0450634,0,0,0,0
0.0678284,-0.0481895,0,0,0,0
0.0379459,-0.0492662,0,0,0,0
0.00614029,-0.05938,0,0,0,0
-0.0279328,-0.0746495,0,0,0,0
-0.0301164,-0.0863054,0,0,0,0
-0.0171611,-0.100544,0,0,0,0
-0.046055,-0.111352,0,0,0,0
-0.0491808,-0.111955,0,0,0,0
-0.0886782,-0.103774,0,0,0,0
-0.112229,-0.100455,0,0,0,0
-0.084278,-0.0808842,0,0,0,0
-0.0824378,-0.0982405,0,0,0,0
-0.10204,-0.101238,0,0,0,0
-0.1071,-0.0892172,0,0,0,0
-0.0894812,-0.0745362,0,0,0,0
-0.0535539,-0.0631648,0,0,0,0
-0.0286449,-0.0476526,0,0,0,0
0.00463032,-0.0421484,0,0,0,0
0.0506007,-0.0331275,0,0,0,0
0.0365181,-0.0274103,0,0,0,0
0.0228908,-0.0192032,0,0,0,0
-0.0046731,0.00651859,0,0,0,0
-0.0383105,0.0353668,0,0,0,0
-0.0687226,0.0652002,0,0,0,0
-0.0858782,0.083324,0,0,0,0
-0.0660702,0.0898174,0,0,0,0
-0.0537957,0.106357,0,0,0,0
-0.0297464,0.10887,0,0,0,0
-0.00176078,0.106023,0,0,0,0
0.0197816,0.107308,0,0,0,0
-0.00343427,0.109429,0,0,0,0
-0.0504006,0.122325,0,0,0,0
-0.108215,0.14702,0,0,0,0
-0.153919,0.172342,0,0,0,0
-0.122819,0.187476,0,0,0,0
-0.0586309,0.195191,0,0,0,0
0.0500491,0.139324,0,0,0,0
0.131693,0.111961,0,0,0,0
0.138429,0.0892324,0,0,0,0
0.13799,0.0418397,0,0,0,0
0.0844058,-0.00549671,0,0,0,0
0.0394757,-0.034696,0,0,0,0
-0.0207566,-0.0447898,0,0,0,0
-0.032864,-0.0368545,0,0,0,0
-0.007254,-0.0201204,0,0,0,0
0.0358413,0.000318448,0,0,0,0
0.0623933,0.00663967,0,0,0,0
0.0893039,0.0125045,0,0,0,0
0.106924,0.0012128,0,0,0,0
0.10696,-0.0182658,0,0,0,0
0.10003,-0.0350941,0,0,0,0
0.106296,-0.046598,0,0,0,0
0.112708,-0.0530043,0,0,0,0
0.108347,-0.0503974,0,0,0,0
0.0949709,-0.0490151,0,0,0,0
0.0628797,-0.0545083,0,0,0,0
0.033932,-0.0595607,0,0,0,0
0.00393266,-0.0636991,0,0,0,0
-0.0163712,-0.0707104,0,0,0,0
-0.022081,-0.0815663,0,0,0,0
-0.0223842,-0.092103,0,0,0,0
-0.00545909,-0.109609,0,0,0,0
-0.00620165,-0.123043,0,0,0,0
-0.0205219,-0.119896,0,0,0,0
-0.074586,-0.113348,0,0,0,0
-0.112324,-0.0843294,0,0,0,0
-0.149179,-0.0761677,0,0,0,0
-0.0753871,-0.0606143,0,0,0,0
-0.0875527,-0.0821215,0,0,0,0
-0.106617,-0.0909125,0,0,0,0
-0.115692,-0.0864469,0,0,0,0
-0.0993896,-0.0795898,0,0,0,0
-0.0518638,-0.0624175,0,0,0,0
-0.0254821,-0.0446359,0,0,0,0
-0.00168709,-0.0297164,0,0,0,0
0.0455466,-0.0237609,0,0,0,0
0.0550618,-0.0270572,0,0,0,0
0.033682,-0.0104781,0,0,0,0
-0.0168458,0.0121269,0,0,0,0
-0.0619013,0.0465628,0,0,0,0
-0.0866224,0.0650627,0,0,0,0
-0.0865316,0.0779229,0,0,0,0
-0.0564864,0.0813754,0,0,0,0
-0.0472132,0.0908373,0,0,0,0
-0.0333113,0.0983335,0,0,0,0
-0.0138032,0.105358,0,0,0,0
-0.00418001,0.0989032,0,0,0,0
-0.0190121,0.0900255,0,0,0,0
-0.0558367,0.0985743,0,0,0,0
-0.11938,0.121229,0,0,0,0
-0.138289,0.142974,0,0,0,0
-0.149237,0.16659,0,0,0,0
-0.0997882,0.181927,0,0,0,0
-0.0106736,0.171419,0,0,0,0
0.0149888,0.142592,0,0,0,0
0.0956156,0.113812,0,0,0,0
0.142675,0.0738913,0,0,0,0
0.158622,0.0279681,0,0,0,0
0.131861,-0.00303666,0,0,0,0
0.0643523,-0.0189271,0,0,0,0
0.0123608,-0.0141982,0,0,0,0
0.0223892,0.0062724,0,0,0,0
0.0426703,0.0238737,0,0,0,0
0.0799771,0.0360932,0,0,0,0
0.0517505,0.0394738,0,0,0,0
0.0389671,0.0252158,0,0,0,0
0.0490274,-0.00284384,0,0,0,0
0.0726398,-0.0311909,0,0,0,0
0.0885689,-0.0605304,0,0,0,0
0.107433,-0.0785963,0,0,0,0
0.136616,-0.0915456,0,0,0,0
0.116891,-0.0938093,0,0,0,0
0.102452,-0.0853179,0,0,0,0
0.0817105,-0.0756589,0,0,0,0
0.0456381,-0.0720847,0,0,0,0
0.0108368,-0.0728806,0,0,0,0
-0.0294038,-0.074092,0,0,0,0
-0.0397947,-0.078001,0,0,0,0
-0.0229225,-0.0800577,0,0,0,0
-0.0232888,-0.099288,0,0,0,0
-0.0314638,-0.0958587,0,0,0,0
-0.0847163,-0.0901843,0,0,0,0
-0.132272,-0.0700985,0,0,0,0
-0.138829,-0.0486779,0,0,0,0
-0.183353,-0.0378179,0,0,0,0
-0.179026,-0.0608985,0,0,0,0
-0.146364,-0.0769316,0,0,0,0
-0.0960876,-0.0767891,0,0,0,0
-0.0293494,-0.0778091,0,0,0,0
0.0474478,-0.0796514,0,0,0,0
0.106146,-0.0672566,0,0,0,0
0.121953,-0.0559994,0,0,0,0
0.0939062,-0.0608644,0,0,0,0
0.0148312,-0.0601948,0,0,0,0
-0.0686226,-0.0429992,0,0,0,0
-0.111332,-0.00953257,0,0,0,0
-0.103947,0.0263433,0,0,0,0
-0.0914794,0.0575135,0,0,0,0
-0.0698161,0.0843479,0,0,0,0
-0.0333943,0.0975717,0,0,0,0
-0.020175,0.110599,0,0,0,0
-0.00728087,0.116163,0,0,0,0
0.000555992,0.113304,0,0,0,0
-0.00690572,0.109752,0,0,0,0
-0.0389195,0.115463,0,0,0,0
-0.0770946,0.124955,0,0,0,0
-0.116517,0.146197,0,0,0,0
-0.130688,0.167025,0,0,0,0
-0.111972,0.182974,0,0,0,0
-0.0452361,0.187875,0,0,0,0
0.0489273,0.128067,0,0,0,0
0.0769972,0.0867504,0,0,0,0
0.117223,0.0638825,0,0,0,0
0.129172,0.0400914,0,0,0,0
0.0932425,0.00940846,0,0,0,0
0.0557027,-0.00492737,0,0,0,0
0.00773172,-0.00104339,0,0,0,0
-0.013638,0.00908716,0,0,0,0
-0.00407011,0.0187904,0,0,0,0
0.0572111,0.0327796,0,0,0,0
0.116772,0.0375389,0,0,0,0
0.146075,0.034136,0,0,0,0
0.138118,0.0154151,0,0,0,0
0.140256,-0.0144347,0,0,0,0
0.112719,-0.0460885,0,0,0,0
0.104473,-0.0624883,0,0,0,0
0.0869835,-0.0699205,0,0,0,0
0.0724172,-0.0706028,0,0,0,0
0.0561166,-0.0680093,0,0,0,0
0.0384626,-0.0682051,0,0,0,0
0.0298493,-0.0685957,0,0,0,0
-0.00388937,-0.084063,0,0,0,0
-0.0145726,-0.0931937,0,0,0,0
-0.0208541,-0.106013,0,0,0,0
-0.0125746,-0.112563,0,0,0,0
-0.00161976,-0.112523,0,0,0,0
-0.0116781,-0.122381,0,0,0,0
-0.0481997,-0.121434,0,0,0,0
-0.101004,-0.102721,0,0,0,0
-0.0912365,-0.070657,0,0,0,0
-0.118985,-0.0461145,0,0,0,0
-0.125425,-0.0665925,0,0,0,0
-0.15119,-0.0919825,0,0,0,0
-0.13093,-0.0863884,0,0,0,0
-0.0898645,-0.0781115,0,0,0,0
-0.0342883,-0.0718338,0,0,0,0
-0.0237608,-0.0541257,0,0,0,0
-0.002384,-0.052742,0,0,0,0
0.0421553,-0.0477573,0,0,0,0
0.0389833,-0.0497582,0,0,0,0
0.0299574,-0.0456906,0,0,0,0
0.00329458,-0.0235887,0,0,0,0
-0.0356989,0.00453468,0,0,0,0
-0.0572506,0.0380241,0,0,0,0
-0.0690194,0.0635344,0,0,0,0
-0.0747791,0.0694347,0,0,0,0
-0.0948153,0.0786838,0,0,0,0
-0.0786669,0.0896471,0,0,0,0
-0.0602923,0.0962828,0,0,0,0
-0.0510143,0.097293,0,0,0,0
-0.0582139,0.104366,0,0,0,0
-0.0769351,0.120131,0,0,0,0
-0.0910866,0.137778,0,0,0,0
-0.0822189,0.149191,0,0,0,0
-0.0779431,0.166717,0,0,0,0
-0.0596338,0.179045,0,0,0,0
0.00915897,0.175492,0,0,0,0
0.0582356,0.157412,0,0,0,0
0.0916509,0.136576,0,0,0,0
0.0884793,0.0979212,0,0,0,0
0.0819035,0.0481616,0,0,0,0
0.0449409,0.0162557,0,0,0,0
-0.00314046,-0.000868152,0,0,0,0
-0.0172191,-0.0017159,0,0,0,0
0.00889735,0.00542726,0,0,0,0
0.0507027,0.0169102,0,0,0,0
0.0848512,0.012723,0,0,0,0
0.076651,0.0163073,0,0,0,0
0.0927945,0.00363741,0,0,0,0
0.131114,-0.00935758,0,0,0,0
0.160356,-0.0231375,0,0,0,0
0.156903,-0.0413739,0,0,0,0
0.164849,-0.0553637,0,0,0,0
0.135548,-0.0589257,0,0,0,0
0.0925361,-0.0610752,0,0,0,0
0.0612992,-0.0651812,0,0,0,0
0.0166958,-0.0735805,0,0,0,0
-0.0152353,-0.0768832,0,0,0,0
-0.0363306,-0.0724125,0,0,0,0
-0.0272551,-0.0796502,0,0,0,0
0.000660524,-0.0820574,0,0,0,0
0.0192462,-0.0882889,0,0,0,0
0.0205948,-0.0978351,0,0,0,0
0.0137808,-0.10488,0,0,0,0
-0.0106768,-0.102755,0,0,0,0
-0.0450948,-0.0987822,0,0,0,0
-0.0954241,-0.0839918,0,0,0,0
-0.120351,-0.0639251,0,0,0,0
-0.188161,-0.0479205,0,0,0,0
-0.192548,-0.0641057,0,0,0,0
-0.148993,-0.0728624,0,0,0,0
-0.113788,-0.0709172,0,0,0,0
-0.0543802,-0.0809521,0,0,0,0
0.0318506,-0.0848454,0,0,0,0
0.106864,-0.0790248,0,0,0,0
0.0860123,-0.0714275,0,0,0,0
0.0779949,-0.0780517,0,0,0,0
0.0185947,-0.0715819,0,0,0,0
-0.0547655,-0.048449,0,0,0,0
-0.116258,-0.01505,0,0,0,0
-0.137086,0.0277464,0,0,0,0
-0.135814,0.0674445,0,0,0,0
-0.130821,0.0906534,0,0,0,0
-0.119977,0.107007,0,0,0,0
-0.0800371,0.122305,0,0,0,0
-0.0378621,0.127306,0,0,0,0
-0.00551749,0.130758,0,0,0,0
-0.0101632,0.128604,0,0,0,0
-0.0237761,0.126589,0,0,0,0
-0.0624412,0.131997,0,0,0,0
-0.0954036,0.148159,0,0,0,0
-0.124961,0.170755,0,0,0,0
-0.095403,0.177976,0,0,0,0
-0.0528638,0.182222,0,0,0,0
0.0328788,0.146609,0,0,0,0
0.0471805,0.0988124,0,0,0,0
0.0888324,0.0772349,0,0,0,0
0.132235,0.0498708,0,0,0,0
0.141875,0.0205491,0,0,0,0
0.0821136,-0.0160872,0,0,0,0
0.00843378,-0.0344381,0,0,0,0
-0.0301499,-0.0346063,0,0,0,0
-0.0449787,-0.029774,0,0,0,0
-0.00176702,-0.0121054,0,0,0,0
0.0411032,-0.00118714,0,0,0,0
0.0857583,0.0153559,0,0,0,0
0.106268,0.0173729,0,0,0,0
0.099052,-0.00175853,0,0,0,0
0.112346,-0.0274437,0,0,0,0
0.129789,-0.0362092,0,0,0,0
0.130143,-0.0383009,0,0,0,0
0.124823,-0.0365202,0,0,0,0
0.127946,-0.0300018,0,0,0,0
0.100013,-0.0394092,0,0,0,0
0.0619228,-0.050957,0,0,0,0
0.00463238,-0.0695265,0,0,0,0
-0.0486357,-0.0880846,0,0,0,0
-0.0780808,-0.103807,0,0,0,0
-0.0576094,-0.112139,0,0,0,0
-0.0313032,-0.123829,0,0,0,0
-0.0345598,-0.138372,0,0,0,0
-0.0241224,-0.135035,0,0,0,0
-0.0383891,-0.124042,0,0,0,0
-0.0309603,-0.101066,0,0,0,0
-0.0546947,-0.0788101,0,0,0,0
-0.0449935,-0.0904528,0,0,0,0
-0.0955547,-0.0926561,0,0,0,0
-0.10816,-0.0816428,0,0,0,0
-0.110307,-0.0753075,0,0,0,0
-0.0823367,-0.0678134,0,0,0,0
-0.0548222,-0.0542419,0,0,0,0
-0.0292764,-0.0482256,0,0,0,0
0.0241416,-0.0444777,0,0,0,0
0.0283106,-0.05319,0,0,0,0
0.0214378,-0.0498123,0,0,0,0
0.00150133,-0.0235811,0,0,0,0
-0.0370876,0.0138974,0,0,0,0
-0.0666828,0.0489631,0,0,0,0
-0.0993661,0.0738268,0,0,0,0
-0.111567,0.088037,0,0,0,0
-0.118849,0.104236,0,0,0,0
-0.0857332,0.114734,0,0,0,0
-0.0621983,0.122325,0,0,0,0
-0.0430357,0.124846,0,0,0,0
-0.0360488,0.123458,0,0,0,0
-0.0399053,0.119577,0,0,0,0
-0.055591,0.121731,0,0,0,0
-0.0455508,0.132057,0,0,0,0
-0.0386294,0.140861,0,0,0,0
-0.0312278,0.154141,0,0,0,0
-0.0136241,0.141596,0,0,0,0
0.067843,0.102193,0,0,0,0
0.0989986,0.0848848,0,0,0,0
0.0865516,0.0696953,0,0,0,0
0.0509282,0.0393954,0,0,0,0
-0.00314034,0.00906173,0,0,0,0
-0.0487568,-0.00917306,0,0,0,0
-0.0685257,-0.00708596,0,0,0,0
-0.0425526,0.00599355,0,0,0,0
0.00364151,0.0230326,0,0,0,0
0.0485793,0.0348595,0,0,0,0
0.0565246,0.0428507,0,0,0,0
0.0687588,0.0400553,0,0,0,0
0.0848574,0.0229611,0,0,0,0
0.0890883,-0.00924247,0,0,0,0
0.106171,-0.0372787,0,0,0,0
0.118262,-0.0474709,0,0,0,0
0.103948,-0.0574856,0,0,0,0
0.0926643,-0.0626389,0,0,0,0
0.0841991,-0.0608616,0,0,0,0
0.0569085,-0.0631746,0,0,0,0
0.0276581,-0.0692517,0,0,0,0
-0.00177681,-0.074161,0,0,0,0
-0.0345499,-0.0846088,0,0,0,0
-0.0276262,-0.091047,0,0,0,0
-0.00961575,-0.0965045,0,0,0,0
0.00704514,-0.108965,0,0,0,0
0.00516724,-0.116177,0,0,0,0
-0.0367893,-0.110821,0,0,0,0
-0.078705,-0.0868708,0,0,0,0
-0.107261,-0.0863435,0,0,0,0
-0.0711275,-0.0867314,0,0,0,0
-0.0670438,-0.107316,0,0,0,0
-0.0777434,-0.110277,0,0,0,0
-0.0909952,-0.101932,0,0,0,0
-0.0596136,-0.0933155,0,0,0,0
-0.0321779,-0.0847601,0,0,0,0
0.00926571,-0.0539663,0,0,0,0
0.00810398,-0.0238899,0,0,0,0
0.00321403,-0.0152398,0,0,0,0
-0.000145167,-0.00846369,0,0,0,0
-0.0395914,0.00770908,0,0,0,0
-0.0910957,0.0375489,0,0,0,0
-0.120317,0.0668798,0,0,0,0
-0.165983,0.0901521,0,0,0,0
-0.15369,0.0956727,0,0,0,0
-0.121722,0.0884526,0,0,0,0
-0.097177,0.0977136,0,0,0,0
-0.0613621,0.110176,0,0,0,0
-0.0156939,0.114244,0,0,0,0
-0.00100986,0.109137,0,0,0,0
0.00309609,0.103215,0,0,0,0
-0.0179831,0.101225,0,0,0,0
-0.0590722,0.116966,0,0,0,0
-0.0825126,0.132709,0,0,0,0
-0.0844753,0.150148,0,0,0,0
-0.0585497,0.160328,0,0,0,0
0.00368277,0.150319,0,0,0,0
0.0938615,0.130216,0,0,0,0
0.112141,0.116177,0,0,0,0
0.0817374,0.0854998,0,0,0,0
0.0655237,0.0534954,0,0,0,0
0.0348461,0.0224534,0,0,0,0
0.0198425,0.00381591,0,0,0,0
0.0301531,-0.00410684,0,0,0,0
0.0528825,-0.00475197,0,0,0,0
0.0950214,-0.000237645,0,0,0,0
0.123515,0.00795051,0,0,0,0
0.156882,0.0144576,0,0,0,0
0.152815,0.00260162,0,0,0,0
0.143529,-0.018362,0,0,0,0
0.146503,-0.0366412,0,0,0,0
0.145804,-0.0474746,0,0,0,0
0.122265,-0.0537618,0,0,0,0
0.107997,-0.056506,0,0,0,0
0.0933028,-0.0544884,0,0,0,0
0.0751966,-0.061515,0,0,0,0
0.0615277,-0.0663999,0,0,0,0
0.0483722,-0.0619411,0,0,0,0
0.0419377,-0.0597588,0,0,0,0
0.0237444,-0.0609506,0,0,0,0
0.0145896,-0.0666156,0,0,0,0
0.0145018,-0.0837497,0,0,0,0
0.0193248,-0.110769,0,0,0,0
0.0139414,-0.126972,0,0,0,0
-0.020203,-0.129801,0,0,0,0
-0.0447343,-0.126224,0,0,0,0
-0.0579547,-0.128631,0,0,0,0
-0.06346,-0.119247,0,0,0,0
-0.0626529,-0.126374,0,0,0,0
-0.0618452,-0.106464,0,0,0,0
-0.0569216,-0.0920039,0,0,0,0
-0.025528,-0.0754402,0,0,0,0
0.0199557,-0.0607337,0,0,0,0
0.0677112,-0.0624471,0,0,0,0
0.0877381,-0.0593367,0,0,0,0
0.0686872,-0.0637441,0,0,0,0
0.0518411,-0.0567254,0,0,0,0
0.00588011,-0.0364377,0,0,0,0
-0.0676909,-0.00358071,0,0,0,0
-0.0842759,0.0426906,0,0,0,0
-0.088756,0.0864981,0,0,0,0
-0.0883265,0.118866,0,0,0,0
-0.0535921,0.128056,0,0,0,0
-0.0238451,0.135176,0,0,0,0
0.017346,0.138379,0,0,0,0
0.0447321,0.119805,0,0,0,0
0.050283,0.0946204,0,0,0,0
0.0409358,0.0728631,0,0,0,0
0.00452087,0.0672159,0,0,0,0
-0.0406083,0.078783,0,0,0,0
-0.0565914,0.0927987,0,0,0,0
-0.0713129,0.114115,0,0,0,0
-0.0354248,0.129501,0,0,0,0
0.0349811,0.133321,0,0,0,0
0.0730204,0.11426,0,0,0,0
0.08714,0.105746,0,0,0,0
0.104136,0.0998831,0,0,0,0
0.0939137,0.0646365,0,0,0,0
0.0700616,0.0260332,0,0,0,0
0.0345031,0.00182849,0,0,0,0
0.0233657,-0.00517381,0,0,0,0
0.0457242,0.002069,0,0,0,0
0.0814748,0.00951709,0,0,0,0
0.126707,0.00675205,0,0,0,0
0.154495,0.019043,0,0,0,0
0.126641,0.0111309,0,0,0,0
0.101758,-0.005013,0,0,0,0
0.0907077,-0.0248049,0,0,0,0
0.0929258,-0.0369719,0,0,0,0
0.0889272,-0.0480774,0,0,0,0
0.0985005,-0.0517764,0,0,0,0
0.083156,-0.0537881,0,0,0,0
0.0778585,-0.0581633,0,0,0,0
0.0571097,-0.0668102,0,0,0,0
0.0224125,-0.0744502,0,0,0,0
-0.00541691,-0.0821811,0,0,0,0
-0.0295085,-0.0926806,0,0,0,0
-0.0345173,-0.102417,0,0,0,0
-0.0251957,-0.102865,0,0,0,0
-0.0257071,-0.106296,0,0,0,0
-0.0315344,-0.100744,0,0,0,0
-0.0835602,-0.0989481,0,0,0,0
-0.118068,-0.0913869,0,0,0,0
-0.140717,-0.081508,0,0,0,0
-0.109066,-0.0880756,0,0,0,0
-0.103433,-0.111769,0,0,0,0
-0.102931,-0.118884,0,0,0,0
-0.0691998,-0.109955,0,0,0,0
-0.021888,-0.0963882,0,0,0,0
0.0417649,-0.0760711,0,0,0,0
0.0743816,-0.0544639,0,0,0,0
0.0676342,-0.0444306,0,0,0,0
0.0232692,-0.0515291,0,0,0,0
-0.0208116,-0.0370883,0,0,0,0
-0.0756694,-0.00506506,0,0,0,0
-0.109286,0.0368991,0,0,0,0
-0.102563,0.0763984,0,0,0,0
-0.0857246,0.104292,0,0,0,0
-0.0544622,0.121507,0,0,0,0
-0.00394779,0.12238,0,0,0,0
0.010961,0.126933,0,0,0,0
0.0143931,0.109685,0,0,0,0
0.0272212,0.09388,0,0,0,0
0.0162481,0.0786123,0,0,0,0
-0.0103439,0.063044,0,0,0,0
-0.030166,0.0577273,0,0,0,0
-0.0700716,0.0670837,0,0,0,0
-0.0978675,0.0821794,0,0,0,0
-0.0841486,0.103123,0,0,0,0
-0.0277928,0.121798,0,0,0,0
0.0173756,0.132735,0,0,0,0
0.0580671,0.117895,0,0,0,0
0.115044,0.100457,0,0,0,0
0.136952,0.0888467,0,0,0,0
0.133801,0.0684291,0,0,0,0
0.100982,0.0362206,0,0,0,0
0.0334581,0.014718,0,0,0,0
0.0104909,0.00930609,0,0,0,0
0.0076226,0.0189281,0,0,0,0
0.0361789,0.0309174,0,0,0,0
0.0537786,0.0344948,0,0,0,0
0.0776734,0.0421423,0,0,0,0
0.0647657,0.0185476,0,0,0,0
0.0671551,-0.0105885,0,0,0,0
0.0721981,-0.0405846,0,0,0,0
0.107346,-0.0681561,0,0,0,0
0.133628,-0.0842498,0,0,0,0
0.145058,-0.0920632,0,0,0,0
0.16098,-0.0927204,0,0,0,0
0.150443,-0.0812202,0,0,0,0
0.0926778,-0.0789056,0,0,0,0
0.0386941,-0.0774195,0,0,0,0
-0.0314946,-0.0771723,0,0,0,0
-0.0514623,-0.0754298,0,0,0,0
-0.0599176,-0.0819137,0,0,0,0
-0.0652408,-0.08786,0,0,0,0
-0.0603785,-0.0835878,0,0,0,0
-0.0717229,-0.0828794,0,0,0,0
-0.0979323,-0.0742561,0,0,0,0
-0.114204,-0.0626785,0,0,0,0
-0.157967,-0.0594984,0,0,0,0
-0.157674,-0.0530709,0,0,0,0
-0.171767,-0.067974,0,0,0,0
-0.177261,-0.08628,0,0,0,0
-0.12207,-0.0973543,0,0,0,0
-0.0355377,-0.0895786,0,0,0,0
0.0323299,-0.0823009,0,0,0,0
0.0978605,-0.0830686,0,0,0,0
0.121786,-0.084188,0,0,0,0
0.0704197,-0.0866452,0,0,0,0
0.00930671,-0.0690611,0,0,0,0
-0.060663,-0.0185513,0,0,0,0
-0.106291,0.0420532,0,0,0,0
-0.13354,0.0961987,0,0,0,0
-0.113294,0.123648,0,0,0,0
-0.0675844,0.13353,0,0,0,0
-0.0458128,0.142801,0,0,0,0
0.00192375,0.146542,0,0,0,0
0.0459574,0.1488,0,0,0,0
0.0466988,0.127723,0,0,0,0
0.0212994,0.106293,0,0,0,0
-0.0219507,0.0902943,0,0,0,0
-0.0657307,0.08024,0,0,0,0
-0.0789262,0.0911418,0,0,0,0
-0.0810565,0.101824,0,0,0,0
-0.0463589,0.108643,0,0,0,0
0.0273765,0.111427,0,0,0,0
0.0390143,0.0775836,0,0,0,0
0.102413,0.0645443,0,0,0,0
0.141316,0.0560368,0,0,0,0
0.128224,0.025511,0,0,0,0
0.101113,0.00405847,0,0,0,0
0.0330855,-0.00938269,0,0,0,0
-0.0158051,-0.0069987,0,0,0,0
-0.0103673,0.0107346,0,0,0,0
0.0212996,0.0256473,0,0,0,0
0.0581786,0.0289982,0,0,0,0
0.0675049,0.0255075,0,0,0,0
0.0672747,0.0137182,0,0,0,0
0.0683563,-0.00645096,0,0,0,0
0.0826405,-0.0288565,0,0,0,0
0.107604,-0.0462463,0,0,0,0
0.125774,-0.062225,0,0,0,0
0.135952,-0.0723859,0,0,0,0
0.132878,-0.0700744,0,0,0,0
0.0981657,-0.0640184,0,0,0,0
0.0780125,-0.0606593,0,0,0,0
0.0421982,-0.0621995,0,0,0,0
0.00933018,-0.0637617,0,0,0,0
-0.0249196,-0.0706916,0,0,0,0
-0.06211,-0.0825521,0,0,0,0
-0.0427389,-0.0880045,0,0,0,0
-0.0228778,-0.0937436,0,0,0,0
-0.0053926,-0.1,0,0,0,0
-0.0117947,-0.0987185,0,0,0,0
-0.0591359,-0.089137,0,0,0,0
-0.0927893,-0.0639897,0,0,0,0
-0.139916,-0.0684143,0,0,0,0
-0.138367,-0.0704515,0,0,0,0
-0.170269,-0.0848178,0,0,0,0
-0.168263,-0.0864435,0,0,0,0
-0.126448,-0.0809697,0,0,0,0
-0.0644785,-0.0732503,0,0,0,0
0.00743327,-0.0707202,0,0,0,0
0.0791748,-0.0484436,0,0,0,0
0.0817319,-0.0352912,0,0,0,0
0.0538444,-0.0445017,0,0,0,0
0.00318564,-0.0378276,0,0,0,0
-0.0464705,-0.0110045,0,0,0,0
-0.0932975,0.0259814,0,0,0,0
-0.103079,0.0633757,0,0,0,0
-0.0987504,0.0931591,0,0,0,0
-0.0906199,0.110453,0,0,0,0
-0.0632727,0.113301,0,0,0,0
-0.0478601,0.121016,0,0,0,0
-0.0176903,0.115173,0,0,0,0
0.0200762,0.110313,0,0,0,0
0.0242229,0.102199,0,0,0,0
0.00277603,0.0901786,0,0,0,0
-0.0367758,0.0946591,0,0,0,0
-0.0797886,0.107687,0,0,0,0
-0.104093,0.120688,0,0,0,0
-0.0808267,0.135886,0,0,0,0
-0.0473941,0.156701,0,0,0,0
0.00986658,0.147875,0,0,0,0
0.0810097,0.128892,0,0,0,0
0.124961,0.0994208,0,0,0,0
0.145281,0.0587875,0,0,0,0
0.127693,0.0167782,0,0,0,0
0.0701137,-0.0102289,0,0,0,0
0.0100717,-0.0138929,0,0,0,0
-0.0402115,-0.00846737,0,0,0,0
-0.0239322,0.00437577,0,0,0,0
0.0255469,0.0198063,0,0,0,0
0.0415249,0.0194914,0,0,0,0
0.0573756,0.0249966,0,0,0,0
0.0551884,0.00343166,0,0,0,0
0.0625479,-0.0197141,0,0,0,0
0.0810542,-0.0472898,0,0,0,0
0.0988384,-0.0660113,0,0,0,0
0.114237,-0.0835975,0,0,0,0
0.108632,-0.0871116,0,0,0,0
0.0939351,-0.0827165,0,0,0,0
0.06489,-0.0762612,0,0,0,0
0.0393682,-0.0680532,0,0,0,0
-0.00573689,-0.0647659,0,0,0,0
-0.0467819,-0.0674095,0,0,0,0
-0.0462734,-0.0657384,0,0,0,0
-0.037367,-0.0744598,0,0,0,0
-0.0262043,-0.0866963,0,0,0,0
-0.0505102,-0.0924463,0,0,0,0
-0.0355388,-0.0865755,0,0,0,0
-0.0842715,-0.0847438,0,0,0,0
-0.0869177,-0.0717289,0,0,0,0
-0.132859,-0.0719579,0,0,0,0
-0.148854,-0.0617814,0,0,0,0
-0.182639,-0.0804417,0,0,0,0
-0.197427,-0.0907564,0,0,0,0
-0.148147,-0.0814252,0,0,0,0
-0.0814736,-0.0801902,0,0,0,0
-0.0188658,-0.0726427,0,0,0,0
0.0526508,-0.0599523,0,0,0,0
0.0811876,-0.0525258,0,0,0,0
0.0634677,-0.0401931,0,0,0,0
0.0139257,-0.0326312,0,0,0,0
-0.0480805,-0.0120985,0,0,0,0
-0.121395,0.0296772,0,0,0,0
-0.168473,0.0733261,0,0,0,0
-0.215583,0.111636,0,0,0,0
-0.23235,0.132362,0,0,0,0
-0.189072,0.141618,0,0,0,0
-0.121143,0.150527,0,0,0,0
-0.0643232,0.149223,0,0,0,0
-0.00729912,0.145121,0,0,0,0
0.0199815,0.134277,0,0,0,0
0.0236182,0.12004,0,0,0,0
-0.00567566,0.108992,0,0,0,0
-0.0475739,0.11612,0,0,0,0
-0.0673222,0.12663,0,0,0,0
-0.074167,0.132333,0,0,0,0
-0.0586026,0.138412,0,0,0,0
0.029881,0.111745,0,0,0,0
0.0848042,0.104237,0,0,0,0
0.092134,0.0840817,0,0,0,0
0.0785733,0.0514342,0,0,0,0
0.0323222,0.0172216,0,0,0,0
-0.0180247,-0.0100887,0,0,0,0
-0.0604072,-0.0221023,0,0,0,0
-0.0396075,-0.0150579,0,0,0,0
0.00642652,-0.00405812,0,0,0,0
0.0463422,-0.00380699,0,0,0,0
0.0905477,0.00400499,0,0,0,0
0.0989732,-0.00151546,0,0,0,0
0.10459,-0.0146681,0,0,0,0
0.130226,-0.0302964,0,0,0,0
0.142941,-0.0476145,0,0,0,0
0.138454,-0.0535504,0,0,0,0
0.122491,-0.0500528,0,0,0,0
0.108122,-0.0415826,0,0,0,0
0.0839879,-0.0368778,0,0,0,0
0.044399,-0.0415046,0,0,0,0
0.00986906,-0.0479676,0,0,0,0
-0.0242748,-0.0572356,0,0,0,0
-0.0424592,-0.0696057,0,0,0,0
-0.026529,-0.082348,0,0,0,0
-0.00201209,-0.0991587,0,0,0,0
0.0279937,-0.106659,0,0,0,0
0.0316602,-0.112636,0,0,0,0
-0.000487955,-0.113086,0,0,0,0
-0.0336984,-0.1078,0,0,0,0
-0.0600379,-0.103167,0,0,0,0
-0.11867,-0.106679,0,0,0,0
-0.167974,-0.0997821,0,0,0,0
-0.166234,-0.0959337,0,0,0,0
-0.156103,-0.0907888,0,0,0,0
-0.11658,-0.0810876,0,0,0,0
-0.0731712,-0.0685662,0,0,0,0
-0.00324314,-0.0527594,0,0,0,0
0.0206326,-0.0444104,0,0,0,0
0.0324759,-0.0456477,0,0,0,0
0.0288868,-0.031591,0,0,0,0
-0.0214973,-0.00678196,0,0,0,0
-0.0888513,0.0322111,0,0,0,0
-0.142427,0.0694349,0,0,0,0
-0.164417,0.0978334,0,0,0,0
-0.194433,0.113937,0,0,0,0
-0.166333,0.113226,0,0,0,0
-0.118456,0.115943,0,0,0,0
-0.0625398,0.129756,0,0,0,0
-0.00121785,0.133776,0,0,0,0
0.0562999,0.126942,0,0,0,0
0.0478685,0.109108,0,0,0,0
0.0222107,0.0934764,0,0,0,0
-0.0214076,0.09607,0,0,0,0
-0.0386779,0.100228,0,0,0,0
-0.0367135,0.107581,0,0,0,0
-0.0274141,0.117911,0,0,0,0
-0.00815865,0.123161,0,0,0,0
0.0228604,0.0911952,0,0,0,0
0.0211637,0.0480019,0,0,0,0
0.0675049,0.0356432,0,0,0,0
0.088363,0.0329297,0,0,0,0
0.0957554,0.0301539,0,0,0,0
0.0711076,0.0259585,0,0,0,0
0.0541519,0.0193334,0,0,0,0
0.0452867,0.00887307,0,0,0,0
0.0810629,0.0154795,0,0,0,0
0.0992943,0.0241046,0,0,0,0
0.122443,0.0299366,0,0,0,0
0.120295,0.0262566,0,0,0,0
0.124759,0.00804478,0,0,0,0
0.111242,-0.0205291,0,0,0,0
0.101548,-0.0474759,0,0,0,0
0.106302,-0.0632685,0,0,0,0
0.108094,-0.0741475,0,0,0,0
0.0999387,-0.0724288,0,0,0,0
0.0770943,-0.0706904,0,0,0,0
0.0573459,-0.0735731,0,0,0,0
0.057459,-0.0777637,0,0,0,0
0.0518151,-0.0777285,0,0,0,0
0.0337273,-0.0758786,0,0,0,0
0.0134525,-0.0770168,0,0,0,0
4.92897e-05,-0.0834495,0,0,0,0
0.00409964,-0.0889019,0,0,0,0
-0.00978291,-0.10637,0,0,0,0
-0.0135508,-0.113994,0,0,0,0
-0.00784182,-0.101104,0,0,0,0
-0.0201259,-0.098317,0,0,0,0
-0.0186735,-0.0918286,0,0,0,0
-0.0242431,-0.112239,0,0,0,0
-0.0539097,-0.115719,0,0,0,0
-0.0777905,-0.113557,0,0,0,0
-0.0722363,-0.104468,0,0,0,0
-0.0531276,-0.0803455,0,0,0,0
-0.0569689,-0.0670609,0,0,0,0
-0.0286123,-0.0592934,0,0,0,0
0.0320244,-0.0502968,0,0,0,0
0.0562541,-0.0480984,0,0,0,0
0.0419613,-0.0334683,0,0,0,0
-0.00572192,-0.00667889,0,0,0,0
-0.0426103,0.03278,0,0,0,0
-0.0702897,0.0636351,0,0,0,0
-0.0926779,0.0911888,0,0,0,0
-0.0820188,0.110903,0,0,0,0
-0.0511751,0.117852,0,0,0,0
-0.026584,0.132265,0,0,0,0
-0.00157153,0.128637,0,0,0,0
0.0297923,0.12024,0,0,0,0
0.0308725,0.101601,0,0,0,0
0.0103121,0.0856552,0,0,0,0
-0.0229923,0.0792589,0,0,0,0
-0.0367694,0.0876045,0,0,0,0
-0.0366118,0.0982772,0,0,0,0
-0.0338052,0.112602,0,0,0,0
-0.0178303,0.127319,0,0,0,0
0.0112998,0.121034,0,0,0,0
0.0539767,0.10445,0,0,0,0
0.115498,0.094426,0,0,0,0
0.151368,0.0896047,0,0,0,0
0.101019,0.050111,0,0,0,0
0.0693116,0.0204126,0,0,0,0
0.0477119,0.00108611,0,0,0,0
0.063591,-0.00734394,0,0,0,0
0.108281,0.00708059,0,0,0,0
0.150918,0.011976,0,0,0,0
0.172909,0.0230007,0,0,0,0
0.139991,0.0246331,0,0,0,0
0.118464,0.00808999,0,0,0,0
0.126812,-0.0167197,0,0,0,0
0.134746,-0.0403447,0,0,0,0
0.146919,-0.0661619,0,0,0,0
0.155271,-0.07835,0,0,0,0
0.15001,-0.0798871,0,0,0,0
0.15414,-0.0813953,0,0,0,0
0.140437,-0.0789117,0,0,0,0
0.0813018,-0.0825224,0,0,0,0
0.026934,-0.0809717,0,0,0,0
-0.0235331,-0.0845826,0,0,0,0
-0.042741,-0.0845847,0,0,0,0
-0.0285135,-0.0917407,0,0,0,0
0.00501926,-0.101744,0,0,0,0
0.0227005,-0.0979138,0,0,0,0
0.0112386,-0.0933619,0,0,0,0
-0.0231527,-0.0834806,0,0,0,0
-0.0672821,-0.0880369,0,0,0,0
-0.112669,-0.0742561,0,0,0,0
-0.136613,-0.0862144,0,0,0,0
-0.142766,-0.0914429,0,0,0,0
-0.140216,-0.0858138,0,0,0,0
-0.116532,-0.0715105,0,0,0,0
-0.0578857,-0.0618808,0,0,0,0
-0.0067029,-0.0618907,0,0,0,0
0.0343548,-0.0610801,0,0,0,0
0.063023,-0.0623661,0,0,0,0
0.0709944,-0.0582928,0,0,0,0
0.0354283,-0.0385796,0,0,0,0
-0.0427128,0.00376767,0,0,0,0
-0.0771665,0.0505519,0,0,0,0
-0.109567,0.0934701,0,0,0,0
-0.11507,0.118446,0,0,0,0
-0.0865411,0.128775,0,0,0,0
-0.07997,0.136195,0,0,0,0
-0.0300615,0.150405,0,0,0,0
0.0138421,0.138135,0,0,0,0
0.0460536,0.112832,0,0,0,0
0.0462094,0.0943522,0,0,0,0
0.00901008,0.0804785,0,0,0,0
-0.0501594,0.0718946,0,0,0,0
-0.0882239,0.0846122,0,0,0,0
-0.0997623,0.0970805,0,0,0,0
-0.0915858,0.119961,0,0,0,0
-0.0256374,0.13072,0,0,0,0
0.0456356,0.124823,0,0,0,0
0.0674774,0.114152,0,0,0,0
0.0712839,0.0957093,0,0,0,0
0.0563406,0.0525183,0,0,0,0
0.0314214,0.0181993,0,0,0,0
-0.00292118,-0.00548111,0,0,0,0
-0.0187658,-0.0127476,0,0,0,0
-0.024507,-0.017171,0,0,0,0
0.0257152,-0.00568367,0,0,0,0
0.0607987,-0.00336605,0,0,0,0
0.0855325,0.00643684,0,0,0,0
0.0908016,-0.00244814,0,0,0,0
0.0994732,-0.0137704,0,0,0,0
0.103628,-0.0334559,0,0,0,0
0.125482,-0.0529075,0,0,0,0
0.128325,-0.0709213,0,0,0,0
0.134051,-0.0789222,0,0,0,0
0.117517,-0.0802142,0,0,0,0
0.108358,-0.0689068,0,0,0,0
0.0730132,-0.0605999,0,0,0,0
0.0384607,-0.0587023,0,0,0,0
-0.0191242,-0.0582224,0,0,0,0
-0.046405,-0.0583271,0,0,0,0
-0.0421452,-0.061687,0,0,0,0
-0.0294474,-0.0734682,0,0,0,0
-0.0395907,-0.0875729,0,0,0,0
-0.0300041,-0.0822452,0,0,0,0
-0.0579271,-0.0840648,0,0,0,0
-0.0714412,-0.0786612,0,0,0,0
-0.106881,-0.0816385,0,0,0,0
-0.124366,-0.0681792,0,0,0,0
-0.175069,-0.0809779,0,0,0,0
-0.186458,-0.0884823,0,0,0,0
-0.181813,-0.0804518,0,0,0,0
-0.11737,-0.0721592,0,0,0,0
-0.0318176,-0.0600165,0,0,0,0
0.0565544,-0.0604357,0,0,0,0
0.0941912,-0.0655196,0,0,0,0
0.0775962,-0.0625631,0,0,0,0
0.0493912,-0.0625767,0,0,0,0
-0.0139991,-0.0311837,0,0,0,0
-0.0692092,0.0160382,0,0,0,0
-0.104091,0.0695211,0,0,0,0
-0.109914,0.108579,0,0,0,0
-0.0972274,0.132363,0,0,0,0
-0.0812811,0.144378,0,0,0,0
-0.0434696,0.15783,0,0,0,0
-0.0216625,0.149428,0,0,0,0
0.0201378,0.139685,0,0,0,0
0.0310812,0.119139,0,0,0,0
0.00951368,0.101568,0,0,0,0
-0.0310596,0.0971793,0,0,0,0
-0.0832852,0.101577,0,0,0,0
-0.0888626,0.107635,0,0,0,0
-0.081126,0.111229,0,0,0,0
-0.0765406,0.121463,0,0,0,0
-0.0266609,0.0709209,0,0,0,0
0.0358864,0.06374,0,0,0,0
0.105359,0.0690299,0,0,0,0
0.104601,0.0484173,0,0,0,0
0.0794396,0.0196728,0,0,0,0
0.0411756,-0.000398727,0,0,0,0
-0.0140893,-0.00503286,0,0,0,0
-0.0365329,-0.00249259,0,0,0,0
-0.0201377,0.0093777,0,0,0,0
0.0129202,0.0212764,0,0,0,0
0.018953,0.0304308,0,0,0,0
0.03799,0.0387721,0,0,0,0
0.0387243,0.0434945,0,0,0,0
0.0466261,0.0350331,0,0,0,0
0.0451711,0.0131542,0,0,0,0
0.058524,-0.0119427,0,0,0,0
0.0772485,-0.0463649,0,0,0,0
0.0864479,-0.0693922,0,0,0,0
0.0721115,-0.0757603,0,0,0,0
0.0615275,-0.0718134,0,0,0,0
0.0274542,-0.0689781,0,0,0,0
-0.00996949,-0.0693896,0,0,0,0
-0.0383226,-0.0705116,0,0,0,0
-0.0587534,-0.0761371,0,0,0,0
-0.0216854,-0.0794292,0,0,0,0
0.0169002,-0.0843723,0,0,0,0
0.0363015,-0.098914,0,0,0,0
0.0307862,-0.106834,0,0,0,0
-0.00601019,-0.111778,0,0,0,0
-0.0563699,-0.116163,0,0,0,0
-0.104344,-0.116555,0,0,0,0
-0.168886,-0.110283,0,0,0,0
-0.227725,-0.0985397,0,0,0,0
-0.196821,-0.0948457,0,0,0,0
-0.19685,-0.0930689,0,0,0,0
-0.14014,-0.0741395,0,0,0,0
-0.0880134,-0.0621184,0,0,0,0
-0.0281521,-0.0514412,0,0,0,0
-0.00816039,-0.044749,0,0,0,0
0.0358796,-0.0426769,0,0,0,0
0.0229153,-0.0352465,0,0,0,0
-0.0320819,-0.00298393,0,0,0,0
-0.0920519,0.041658,0,0,0,0
-0.155933,0.0881826,0,0,0,0
-0.210403,0.125793,0,0,0,0
-0.22956,0.134357,0,0,0,0
-0.206962,0.132473,0,0,0,0
-0.195879,0.122998,0,0,0,0
-0.137848,0.123594,0,0,0,0
-0.039476,0.134547,0,0,0,0
0.0452026,0.124268,0,0,0,0
0.0897705,0.103165,0,0,0,0
0.0780998,0.0794561,0,0,0,0
0.0575918,0.0697568,0,0,0,0
-0.0135385,0.0744643,0,0,0,0
-0.0410556,0.0867896,0,0,0,0
-0.0528967,0.0918424,0,0,0,0
-0.0597887,0.100065,0,0,0,0
-0.0297785,0.110954,0,0,0,0
-0.0125748,0.081674,0,0,0,0
0.0553761,0.0781478,0,0,0,0
0.0910533,0.0685344,0,0,0,0
0.101333,0.0403239,0,0,0,0
0.119512,0.0223776,0,0,0,0
0.120613,0.0103294,0,0,0,0
0.112313,-0.00261935,0,0,0,0
0.0951364,-0.00397855,0,0,0,0
0.0804345,-0.00713194,0,0,0,0
0.109504,0.00154557,0,0,0,0
0.116049,0.00482645,0,0,0,0
0.129744,0.00992687,0,0,0,0
0.157267,0.0145738,0,0,0,0
0.161223,-0.00894904,0,0,0,0
0.151188,-0.0562585,0,0,0,0
0.159009,-0.0834455,0,0,0,0
0.159794,-0.0997645,0,0,0,0
0.133339,-0.0939479,0,0,0,0
0.101065,-0.0864751,0,0,0,0
0.0527213,-0.0846511,0,0,0,0
-0.00148459,-0.0858153,0,0,0,0
-0.0321473,-0.0910546,0,0,0,0
-0.0329075,-0.0900728,0,0,0,0
-0.00610078,-0.0958352,0,0,0,0
0.0138437,-0.110978,0,0,0,0
0.0168927,-0.116491,0,0,0,0
0.0062397,-0.122997,0,0,0,0
-0.0210913,-0.115954,0,0,0,0
-0.0539428,-0.103009,0,0,0,0
-0.107712,-0.100805,0,0,0,0
-0.12522,-0.0841071,0,0,0,0
-0.147408,-0.0871423,0,0,0,0
-0.13488,-0.0796917,0,0,0,0
-0.122412,-0.068395,0,0,0,0
-0.0958586,-0.0483602,0,0,0,0
-0.0866211,-0.0431534,0,0,0,0
-0.0512025,-0.0400497,0,0,0,0
0.0109986,-0.0399112,0,0,0,0
0.0345024,-0.042791,0,0,0,0
0.00781699,-0.0352372,0,0,0,0
-0.0507885,-0.00624957,0,0,0,0
-0.103257,0.0311381,0,0,0,0
-0.123616,0.0637736,0,0,0,0
-0.126459,0.082048,0,0,0,0
-0.113865,0.0921434,0,0,0,0
-0.108625,0.106002,0,0,0,0
-0.0833557,0.129344,0,0,0,0
-0.045392,0.136023,0,0,0,0
0.00545012,0.12975,0,0,0,0
0.0496521,0.113499,0,0,0,0
0.0608332,0.106977,0,0,0,0
0.0541379,0.100591,0,0,0,0
0.0136382,0.10166,0,0,0,0
-0.0326323,0.100632,0,0,0,0
-0.0657044,0.0950643,0,0,0,0
-0.0593072,0.107424,0,0,0,0
-0.020163,0.104848,0,0,0,0
0.0218815,0.0786107,0,0,0,0
0.0807183,0.0670531,0,0,0,0
0.122902,0.0551478,0,0,0,0
0.159362,0.0402479,0,0,0,0
0.160285,0.0238498,0,0,0,0
0.156812,0.00878405,0,0,0,0
0.151925,0.00708459,0,0,0,0
0.148246,0.0136005,0,0,0,0
0.138131,0.016383,0,0,0,0
0.176157,0.0297953,0,0,0,0
0.187461,0.0393911,0,0,0,0
0.178369,0.0262476,0,0,0,0
0.17435,-0.0134585,0,0,0,0
0.166593,-0.060461,0,0,0,0
0.175272,-0.0968873,0,0,0,0
0.195986,-0.11284,0,0,0,0
0.214352,-0.113916,0,0,0,0
0.18214,-0.10317,0,0,0,0
0.150963,-0.0910022,0,0,0,0
0.10393,-0.0824477,0,0,0,0
0.0685368,-0.072724,0,0,0,0
0.014899,-0.0658424,0,0,0,0
-0.0103713,-0.0649839,0,0,0,0
-0.0158278,-0.0724393,0,0,0,0
0.00242675,-0.0881432,0,0,0,0
0.00923672,-0.0932211,0,0,0,0
0.00888677,-0.0965775,0,0,0,0
0.00529878,-0.0783431,0,0,0,0
-0.00860762,-0.0722696,0,0,0,0
-0.0639735,-0.0619973,0,0,0,0
-0.0670862,-0.0675169,0,0,0,0
-0.0843306,-0.0852341,0,0,0,0
-0.0798936,-0.0821596,0,0,0,0
-0.060964,-0.0706287,0,0,0,0
-0.00767585,-0.0545975,0,0,0,0
0.0110338,-0.0497078,0,0,0,0
0.0703195,-0.0381296,0,0,0,0
0.133657,-0.0474868,0,0,0,0
0.103029,-0.0515863,0,0,0,0
0.0120302,-0.0366443,0,0,0,0
-0.0709323,-0.0037153,0,0,0,0
-0.112741,0.0456206,0,0,0,0
-0.140622,0.0837354,0,0,0,0
-0.121748,0.106921,0,0,0,0
-0.0860925,0.122341,0,0,0,0
-0.0678875,0.13726,0,0,0,0
-0.020855,0.147755,0,0,0,0
0.0153894,0.149847,0,0,0,0
0.0306422,0.129098,0,0,0,0
0.0203065,0.103273,0,0,0,0
-0.0152629,0.0877432,0,0,0,0
-0.0629251,0.0945788,0,0,0,0
-0.0605282,0.10789,0,0,0,0
-0.0848884,0.125372,0,0,0,0
-0.0539697,0.130973,0,0,0,0
0.0057699,0.131815,0,0,0,0
0.0741502,0.118485,0,0,0,0
0.098021,0.0954748,0,0,0,0
0.0757605,0.0625506,0,0,0,0
0.0484999,0.027841,0,0,0,0
0.0153213,-0.00220255,0,0,0,0
-0.0242092,-0.0186713,0,0,0,0
-0.0245942,-0.0196154,0,0,0,0
-0.0131615,-0.0244186,0,0,0,0
0.0152966,-0.0125386,0,0,0,0
0.0513089,-0.00195253,0,0,0,0
0.0581917,0.00416669,0,0,0,0
0.082839,-0.00312205,0,0,0,0
0.0774155,-0.0127887,0,0,0,0
0.0921335,-0.0307087,0,0,0,0
0.0967047,-0.0445751,0,0,0,0
0.0956513,-0.0585838,0,0,0,0
0.0930892,-0.0664018,0,0,0,0
0.0857629,-0.0709452,0,0,0,0
0.0900597,-0.0633188,0,0,0,0
0.0737858,-0.0558698,0,0,0,0
0.0271832,-0.0501639,0,0,0,0
-0.0234532,-0.0451558,0,0,0,0
-0.0466169,-0.0379583,0,0,0,0
-0.0545175,-0.0388336,0,0,0,0
-0.0325437,-0.051779,0,0,0,0
0.00276349,-0.0675854,0,0,0,0
0.00585433,-0.0833609,0,0,0,0
-0.0135801,-0.0976079,0,0,0,0
-0.0414609,-0.0943943,0,0,0,0
-0.0720863,-0.0827836,0,0,0,0
-0.123683,-0.0704546,0,0,0,0
-0.14241,-0.0538719,0,0,0,0
-0.166709,-0.0655798,0,0,0,0
-0.183213,-0.0616243,0,0,0,0
-0.169361,-0.0518955,0,0,0,0
-0.137398,-0.0386821,0,0,0,0
-0.069221,-0.0316808,0,0,0,0
0.0204148,-0.03647,0,0,0,0
0.0729519,-0.0641577,0,0,0,0
0.0680827,-0.0860636,0,0,0,0
0.0221838,-0.0759653,0,0,0,0
-0.0335543,-0.0364652,0,0,0,0
-0.0788964,0.0154178,0,0,0,0
-0.119642,0.0654617,0,0,0,0
-0.14033,0.0985525,0,0,0,0
-0.129757,0.121611,0,0,0,0
-0.098782,0.130721,0,0,0,0
-0.0754319,0.141812,0,0,0,0
-0.0261662,0.132878,0,0,0,0
0.0240678,0.119252,0,0,0,0
0.0446457,0.0997244,0,0,0,0
0.0203919,0.0838061,0,0,0,0
-0.0223103,0.0685417,0,0,0,0
-0.0526339,0.0670149,0,0,0,0
-0.0761409,0.0795803,0,0,0,0
-0.0932563,0.0944659,0,0,0,0
-0.0736802,0.109064,0,0,0,0
-0.0595753,0.105867,0,0,0,0
-0.0325295,0.0802602,0,0,0,0
0.0374626,0.0667659,0,0,0,0
0.0986945,0.064355,0,0,0,0
0.0699659,0.0364971,0,0,0,0
0.0388835,0.0166409,0,0,0,0
-0.00412937,0.00289442,0,0,0,0
-0.037268,-0.0117904,0,0,0,0
-0.0326713,-0.00940965,0,0,0,0
-0.0145556,-0.00504268,0,0,0,0
0.0294416,0.0104131,0,0,0,0
0.0425186,0.0153637,0,0,0,0
0.0559337,0.0155975,0,0,0,0
0.0600443,-0.00380797,0,0,0,0
0.0758534,-0.0296384,0,0,0,0
0.0900831,-0.0522543,0,0,0,0
0.0863703,-0.0707755,0,0,0,0
0.0836269,-0.0742716,0,0,0,0
0.0683516,-0.0625136,0,0,0,0
0.0326058,-0.0571287,0,0,0,0
-0.0110472,-0.0579056,0,0,0,0
-0.0342066,-0.0551909,0,0,0,0
-0.0553734,-0.061702,0,0,0,0
-0.0279606,-0.0652639,0,0,0,0
0.00357734,-0.080495,0,0,0,0
0.0425215,-0.0963399,0,0,0,0
0.0457476,-0.113992,0,0,0,0
-0.01091,-0.121656,0,0,0,0
-0.0384694,-0.124097,0,0,0,0
-0.0962268,-0.126552,0,0,0,0
-0.100845,-0.114065,0,0,0,0
-0.108747,-0.128055,0,0,0,0
-0.131318,-0.127324,0,0,0,0
-0.134181,-0.0971784,0,0,0,0
-0.103911,-0.0644997,0,0,0,0
-0.0369923,-0.0434464,0,0,0,0
0.0451757,-0.0267508,0,0,0,0
0.0910372,-0.017632,0,0,0,0
0.0791409,-0.0264356,0,0,0,0
0.0177953,-0.0249348,0,0,0,0
-0.0545866,-0.00378253,0,0,0,0
-0.117332,0.0342889,0,0,0,0
-0.147298,0.0697308,0,0,0,0
-0.153404,0.0957626,0,0,0,0
-0.14892,0.108526,0,0,0,0
-0.103343,0.113536,0,0,0,0
-0.0970729,0.116748,0,0,0,0
-0.0626617,0.116028,0,0,0,0
-0.0234403,0.113313,0,0,0,0
0.0277157,0.105717,0,0,0,0
0.0353909,0.0924541,0,0,0,0
0.0243812,0.0786552,0,0,0,0
-0.0165066,0.0756522,0,0,0,0
-0.0335019,0.0824222,0,0,0,0
-0.0634637,0.0892788,0,0,0,0
-0.0689815,0.0991262,0,0,0,0
-0.0555375,0.11379,0,0,0,0
-0.0323884,0.11724,0,0,0,0
0.00405568,0.0915442,0,0,0,0
0.066052,0.0669883,0,0,0,0
0.067381,0.0508139,0,0,0,0
0.0481086,0.0309514,0,0,0,0
0.0449146,0.0240672,0,0,0,0
0.0406729,0.0134251,0,0,0,0
0.0525486,0.000953621,0,0,0,0
0.0710832,-0.00434127,0,0,0,0
0.0617906,-0.00214083,0,0,0,0
0.0968635,0.00687094,0,0,0,0
0.123532,0.0120743,0,0,0,0
0.158447,0.0117159,0,0,0,0
0.164811,-0.0113754,0,0,0,0
0.163796,-0.0345406,0,0,0,0
0.181585,-0.0554307,0,0,0,0
0.158204,-0.0678751,0,0,0,0
0.099203,-0.0746032,0,0,0,0
0.0398183,-0.0714239,0,0,0,0
-0.0089094,-0.0740618,0,0,0,0
-0.0298835,-0.0715486,0,0,0,0
-0.0275135,-0.0675302,0,0,0,0
-0.00916763,-0.0694371,0,0,0,0
0.0150534,-0.0790396,0,0,0,0
0.0376139,-0.0925169,0,0,0,0
0.0434443,-0.112396,0,0,0,0
0.0235899,-0.123608,0,0,0,0
0.00286306,-0.121016,0,0,0,0
-0.0297528,-0.123524,0,0,0,0
-0.0917304,-0.124882,0,0,0,0
-0.0946785,-0.112383,0,0,0,0
-0.120735,-0.108571,0,0,0,0
-0.148697,-0.0962252,0,0,0,0
-0.135909,-0.0767043,0,0,0,0
-0.0643737,-0.0421768,0,0,0,0
-0.00011355,-0.0146843,0,0,0,0
0.0706986,-0.0101459,0,0,0,0
0.13646,-0.018923,0,0,0,0
0.108152,-0.028927,0,0,0,0
0.03597,-0.0180061,0,0,0,0
-0.0381803,0.0066493,0,0,0,0
-0.112351,0.042945,0,0,0,0
-0.11544,0.079173,0,0,0,0
-0.106627,0.10374,0,0,0,0
-0.0878271,0.117177,0,0,0,0
-0.0636145,0.123906,0,0,0,0
-0.0239345,0.129632,0,0,0,0
0.0123133,0.120171,0,0,0,0
0.0418809,0.0978538,0,0,0,0
0.0563269,0.080682,0,0,0,0
0.0344629,0.0690166,0,0,0,0
-0.0123725,0.0557137,0,0,0,0
-0.0374425,0.0634101,0,0,0,0
-0.04959,0.0800782,0,0,0,0
-0.0565063,0.0980749,0,0,0,0
-0.0472077,0.118807,0,0,0,0
0.0097583,0.0839613,0,0,0,0
0.0524321,0.079961,0,0,0,0
0.0690626,0.0824175,0,0,0,0
0.0837796,0.0730752,0,0,0,0
0.0638021,0.0515085,0,0,0,0
0.044686,0.0308623,0,0,0,0
0.00987955,0.00803145,0,0,0,0
-0.0127865,-0.00571592,0,0,0,0
-0.0249711,-0.0116301,0,0,0,0
-0.00170056,-0.00633431,0,0,0,0
0.0357428,0.00518244,0,0,0,0
0.064682,0.0130161,0,0,0,0
0.0788842,0.0121985,0,0,0,0
0.0840278,0.000151733,0,0,0,0
0.0860311,-0.0207561,0,0,0,0
0.10524,-0.0390792,0,0,0,0
0.114311,-0.0514631,0,0,0,0
0.120507,-0.0564835,0,0,0,0
0.102585,-0.0539812,0,0,0,0
0.099243,-0.0442151,0,0,0,0
0.0673324,-0.0357913,0,0,0,0
0.0267694,-0.0336215,0,0,0,0
-0.0110638,-0.0336562,0,0,0,0
-0.0525286,-0.0456727,0,0,0,0
-0.0346809,-0.0580631,0,0,0,0
-0.00789758,-0.0711776,0,0,0,0
0.020224,-0.0987541,0,0,0,0
0.0388162,-0.118601,0,0,0,0
-0.000196014,-0.127344,0,0,0,0
-0.0360961,-0.121665,0,0,0,0
-0.0936832,-0.129287,0,0,0,0
-0.121765,-0.112212,0,0,0,0
-0.164402,-0.105768,0,0,0,0
-0.200672,-0.105622,0,0,0,0
-0.168614,-0.0776879,0,0,0,0
-0.127888,-0.0458116,0,0,0,0
-0.050783,-0.032661,0,0,0,0
0.0422599,-0.0199253,0,0,0,0
0.116969,-0.0144743,0,0,0,0
0.117854,-0.030946,0,0,0,0
0.0694773,-0.0333834,0,0,0,0
-0.0134859,-0.011575,0,0,0,0
-0.0791337,0.0289619,0,0,0,0
-0.13649,0.0686982,0,0,0,0
-0.12925,0.103083,0,0,0,0
-0.101916,0.115319,0,0,0,0
-0.0777808,0.126204,0,0,0,0
-0.0442847,0.137047,0,0,0,0
0.00717626,0.132,0,0,0,0
0.0480474,0.113774,0,0,0,0
0.0806916,0.0928357,0,0,0,0
0.073398,0.0703169,0,0,0,0
0.0209698,0.0462261,0,0,0,0
-0.0455835,0.0438846,0,0,0,0
-0.0949132,0.0554892,0,0,0,0
-0.128389,0.0712793,0,0,0,0
-0.0521201,0.100168,0,0,0,0
0.0342038,0.114556,0,0,0,0
0.12259,0.0953046,0,0,0,0
0.128736,0.0683048,0,0,0,0
0.103727,0.0481706,0,0,0,0
0.082995,0.0362532,0,0,0,0
0.0360449,0.0225116,0,0,0,0
-0.0137175,0.0133261,0,0,0,0
-0.0494813,0.0070943,0,0,0,0
-0.0473463,0.00400062,0,0,0,0
-0.115371,0.00306499,0,0,0,0
-0.0973602,0.00716384,0,0,0,0
-0.029903,0.0357217,0,0,0,0
0.0169331,0.0544405,0,0,0,0
0.063979,0.0634016,0,0,0,0
0.0851551,0.0313695,0,0,0,0
0.0852602,-0.0348517,0,0,0,0
0.0593052,-0.0940117,0,0,0,0
0.0295722,-0.139218,0,0,0,0
-0.0185655,-0.158817,0,0,0,0
-0.0381544,-0.146864,0,0,0,0
