0.0084298,0.068116,0,0,0,0
0.0145608,0.0981585,0,0,0,0
0.0311754,0.0939555,0,0,0,0
0.0197166,0.0887508,0,0,0,0
-0.00444489,0.093157,0,0,0,0
-0.0347012,0.0912753,0,0,0,0
-0.0548631,0.0834813,0,0,0,0
-0.0425792,0.046993,0,0,0,0
-0.0261653,0.00582877,0,0,0,0
-0.0123456,-0.0338597,0,0,0,0
0.00424962,-0.070615,0,0,0,0
0.0208515,-0.0985177,0,0,0,0
0.00254718,-0.109917,0,0,0,0
-0.0116238,-0.112716,0,0,0,0
-0.0226042,-0.0986097,0,0,0,0
-0.0253298,-0.0724005,0,0,0,0
-0.0171655,-0.0499111,0,0,0,0
-0.00588424,-0.0312827,0,0,0,0
0.00939895,-0.0147854,0,0,0,0
0.0174128,0.000458948,0,0,0,0
0.0185218,0.0152015,0,0,0,0
0.00555979,0.0302619,0,0,0,0
-0.00866156,0.0449274,0,0,0,0
-0.0174747,0.0488059,0,0,0,0
-0.00803887,0.0381292,0,0,0,0
0.00432531,0.0230566,0,0,0,0
0.018028,0.0043914,0,0,0,0
0.00570776,-0.0119376,0,0,0,0
-0.0105985,-0.0237451,0,0,0,0
-0.0172904,-0.0320217,0,0,0,0
-0.0138752,-0.0374716,0,0,0,0
-0.00517609,-0.0382819,0,0,0,0
0.00362723,-0.0324485,0,0,0,0
-0.00545669,-0.0213464,0,0,0,0
-0.00990754,-0.00703276,0,0,0,0
-0.00868214,0.00774457,0,0,0,0
0.00621218,0.0143023,0,0,0,0
0.0151696,0.0219838,0,0,0,0
0.0101482,0.0247803,0,0,0,0
-0.00343203,0.0264272,0,0,0,0
0.00255883,0.018059,0,0,0,0
0.00401362,0.00907583,0,0,0,0
0.00290711,-0.000333818,0,0,0,0
-0.00481609,-0.0086596,0,0,0,0
-0.00999809,-0.0154095,0,0,0,0
-0.00635537,-0.0197961,0,0,0,0
-0.00429515,-0.0192453,0,0,0,0
-0.00217225,-0.0160717,0,0,0,0
0.00141023,-0.0131171,0,0,0,0
-0.000380244,-0.00106981,0,0,0,0
-0.00241314,0.00694511,0,0,0,0
-0.00738913,0.0128301,0,0,0,0
-0.00228959,0.0161951,0,0,0,0
0.007148,0.0177006,0,0,0,0
0.0105341,0.0143131,0,0,0,0
0.0110097,0.0100804,0,0,0,0
0.00435857,0.00988426,0,0,0,0
-0.00772211,0.00419172,0,0,0,0
-0.00604914,-0.00320501,0,0,0,0
-0.00398346,-0.0135534,0,0,0,0
-0.00476867,-0.016708,0,0,0,0
-0.00547087,-0.0142162,0,0,0,0
-0.00472469,-0.0116166,0,0,0,0
-0.00363816,-0.00800878,0,0,0,0
-0.00103956,-0.00363446,0,0,0,0
0.000487387,0.000223019,0,0,0,0
0.00047983,0.00439507,0,0,0,0
0.000465749,0.00832592,0,0,0,0
-0.00386491,0.0115662,0,0,0,0
-0.00956222,0.0142962,0,0,0,0
-0.0109402,0.00995423,0,0,0,0
-0.00911044,0.00369737,0,0,0,0
-0.00589054,-0.00244047,0,0,0,0
-0.00388847,-0.00802312,0,0,0,0
-0.00690693,-0.00952499,0,0,0,0
-0.00561464,-0.0119882,0,0,0,0
-0.00204726,-0.00978157,0,0,0,0
-0.0089664,-0.00680219,0,0,0,0
-0.00700024,-0.00628247,0,0,0,0
-0.00903775,-0.0031322,0,0,0,0
-0.0124536,-0.000530978,0,0,0,0
-0.0220727,0.000676516,0,0,0,0
-0.0351366,0.00553334,0,0,0,0
-0.0310427,0.00585192,0,0,0,0
-0.0320908,0.00647487,0,0,0,0
-0.0308618,0.00662206,0,0,0,0
-0.0287488,0.0035577,0,0,0,0
-0.0324066,0.00122271,0,0,0,0
-0.0355744,-0.000588893,0,0,0,0
-0.0342455,-0.00304728,0,0,0,0
-0.0342548,-0.00665251,0,0,0,0
-0.0364959,-0.00627912,0,0,0,0
-0.0337101,-0.00823894,0,0,0,0
-0.0326612,-0.00519196,0,0,0,0
-0.0191828,-0.00688205,0,0,0,0
-0.0122409,-0.00647741,0,0,0,0
-0.0115713,-0.00247812,0,0,0,0
-0.0158953,-0.00338255,0,0,0,0
-0.0263264,-0.00225373,0,0,0,0
-0.0352008,-0.00199063,0,0,0,0
-0.0390432,-0.00265826,0,0,0,0
-0.055046,0.00158053,0,0,0,0
-0.0653505,0.00293741,0,0,0,0
-0.0591864,0.000660625,0,0,0,0
-0.055988,0.00351861,0,0,0,0
-0.0477683,0.00516496,0,0,0,0
-0.0422576,0.00631338,0,0,0,0
-0.0349115,0.00667585,0,0,0,0
-0.0250482,0.00191619,0,0,0,0
-0.0175359,-0.00194893,0,0,0,0
-0.0136285,-0.00463254,0,0,0,0
-0.0111256,-0.00641143,0,0,0,0
-0.0110371,-0.00918712,0,0,0,0
-0.0208074,-0.00868098,0,0,0,0
-0.0186455,-0.0110079,0,0,0,0
-0.0186036,-0.010214,0,0,0,0
-0.0128098,-0.00888973,0,0,0,0
-0.00686667,-0.00716268,0,0,0,0
-0.00189218,-0.00360635,0,0,0,0
0.00409594,-0.000855837,0,0,0,0
0.0070887,0.000694631,0,0,0,0
0.0185525,0.0128262,0,0,0,0
0.00979613,0.0289963,0,0,0,0
-0.0425763,0.0433813,0,0,0,0
-0.0264372,0.0418374,0,0,0,0
-0.0202722,0.0409376,0,0,0,0
-0.0114329,0.0589705,0,0,0,0
-0.0143433,0.086027,0,0,0,0
-0.0122934,0.109144,0,0,0,0
-0.0121718,0.104092,0,0,0,0
-0.039581,0.112644,0,0,0,0
-0.0936668,0.110713,0,0,0,0
-0.114177,0.0958617,0,0,0,0
-0.116525,0.0829151,0,0,0,0
-0.137513,0.0789445,0,0,0,0
-0.158823,0.0975449,0,0,0,0
-0.156384,0.113294,0,0,0,0
-0.191949,0.125071,0,0,0,0
-0.263199,0.138871,0,0,0,0
-0.257237,0.104076,0,0,0,0
-0.165783,0.0996883,0,0,0,0
-0.0545206,0.146175,0,0,0,0
0.0195063,0.189787,0,0,0,0
0.134149,0.22065,0,0,0,0
0.214615,0.194988,0,0,0,0
0.135022,0.15644,0,0,0,0
-0.0307634,0.116032,0,0,0,0
-0.118584,0.0756981,0,0,0,0
-0.133386,0.0287737,0,0,0,0
-0.141816,-0.0250225,0,0,0,0
-0.109472,-0.0682367,0,0,0,0
-0.0321292,-0.0954803,0,0,0,0
0.0510467,-0.104337,0,0,0,0
0.130199,-0.107784,0,0,0,0
0.196918,-0.0903836,0,0,0,0
0.175426,-0.0532886,0,0,0,0
0.140542,-0.0235112,0,0,0,0
0.0890429,0.0137494,0,0,0,0
0.0392564,0.0297178,0,0,0,0
-0.0186586,0.0382787,0,0,0,0
-0.0957983,0.0414377,0,0,0,0
-0.140128,0.0331793,0,0,0,0
-0.0877015,0.00914013,0,0,0,0
-0.0356948,-0.00804661,0,0,0,0
0.00691198,-0.0307833,0,0,0,0
0.0385896,-0.0629316,0,0,0,0
0.0288734,-0.107667,0,0,0,0
-0.00655057,-0.143366,0,0,0,0
-0.0252356,-0.184841,0,0,0,0
-0.0237891,-0.214893,0,0,0,0
-0.0241581,-0.232067,0,0,0,0
-0.0355116,-0.201682,0,0,0,0
-0.018614,-0.193252,0,0,0,0
-0.021017,-0.18025,0,0,0,0
-0.00398547,-0.150154,0,0,0,0
0.0205266,-0.108608,0,0,0,0
0.0783668,-0.0555023,0,0,0,0
0.0859828,0.00104749,0,0,0,0
0.0825899,0.0577882,0,0,0,0
0.0808151,0.0783876,0,0,0,0
0.0722457,0.0918512,0,0,0,0
0.0395422,0.0887861,0,0,0,0
-0.00186401,0.0823431,0,0,0,0
-0.0337135,0.0641039,0,0,0,0
-0.0537911,0.0420803,0,0,0,0
-0.0589487,0.0146913,0,0,0,0
-0.0850699,-0.00683194,0,0,0,0
-0.048167,-0.0417482,0,0,0,0
-0.026886,-0.0601487,0,0,0,0
-0.0220676,-0.0624412,0,0,0,0
0.0173589,-0.0650188,0,0,0,0
0.0329824,-0.0570471,0,0,0,0
0.0285543,-0.0410275,0,0,0,0
0.00204943,-0.0146739,0,0,0,0
-0.0448482,0.0298226,0,0,0,0
-0.0490753,0.0572486,0,0,0,0
-0.0880118,0.0941943,0,0,0,0
-0.141873,0.119386,0,0,0,0
-0.171947,0.132653,0,0,0,0
-0.200601,0.120706,0,0,0,0
-0.157715,0.104742,0,0,0,0
-0.112817,0.101574,0,0,0,0
-0.0728528,0.0878318,0,0,0,0
-0.028398,0.0615206,0,0,0,0
0.0199634,0.0277039,0,0,0,0
0.0823647,-9.34301e-05,0,0,0,0
0.0854625,-0.00245279,0,0,0,0
0.0522728,0.00320906,0,0,0,0
0.0460857,0.00128144,0,0,0,0
0.00623174,0.00518876,0,0,0,0
-0.0609374,0.000884725,0,0,0,0
-0.103588,-0.010976,0,0,0,0
-0.0950409,-0.0294594,0,0,0,0
-0.0632163,-0.0509266,0,0,0,0
0.019022,-0.0553203,0,0,0,0
0.0815802,-0.0488353,0,0,0,0
0.121614,-0.0330661,0,0,0,0
0.133478,-0.030032,0,0,0,0
0.062405,-0.0234141,0,0,0,0
0.00252268,-0.0194669,0,0,0,0
-0.0531669,-0.0175828,0,0,0,0
-0.116656,-0.0300526,0,0,0,0
-0.15708,-0.0580178,0,0,0,0
-0.152871,-0.0899652,0,0,0,0
-0.0955101,-0.131025,0,0,0,0
-0.0358296,-0.167571,0,0,0,0
0.0120556,-0.189403,0,0,0,0
0.0666015,-0.165967,0,0,0,0
0.0603892,-0.166244,0,0,0,0
0.0140686,-0.167652,0,0,0,0
-0.0360613,-0.155817,0,0,0,0
-0.0638393,-0.14411,0,0,0,0
-0.0483748,-0.135111,0,0,0,0
0.0155113,-0.0977827,0,0,0,0
0.0368612,-0.0325998,0,0,0,0
0.0674021,0.0325523,0,0,0,0
0.0820113,0.055658,0,0,0,0
0.0771656,0.072375,0,0,0,0
0.0682569,0.0873734,0,0,0,0
0.0709086,0.109943,0,0,0,0
0.0611424,0.120238,0,0,0,0
0.0269915,0.114416,0,0,0,0
0.000819117,0.101286,0,0,0,0
-0.0215767,0.0774771,0,0,0,0
-0.0278392,0.0509168,0,0,0,0
-0.0414794,0.0283379,0,0,0,0
-0.0328347,0.00144883,0,0,0,0
-0.0205112,-0.0217752,0,0,0,0
0.00149442,-0.035975,0,0,0,0
0.00427211,-0.0336179,0,0,0,0
0.0161797,-0.0252119,0,0,0,0
-0.0219081,-0.00367576,0,0,0,0
-0.0554134,0.0157963,0,0,0,0
-0.0987544,0.035137,0,0,0,0
-0.149447,0.0513472,0,0,0,0
-0.0956144,0.0376275,0,0,0,0
-0.0412003,0.0840463,0,0,0,0
0.0267455,0.13835,0,0,0,0
0.0705692,0.149379,0,0,0,0
0.0613052,0.151151,0,0,0,0
0.018871,0.135466,0,0,0,0
-0.00724481,0.123255,0,0,0,0
0.0128294,0.112226,0,0,0,0
0.0429602,0.0965898,0,0,0,0
0.0712944,0.0826366,0,0,0,0
0.0610512,0.0560527,0,0,0,0
0.0231555,0.042337,0,0,0,0
-0.023883,0.0145545,0,0,0,0
-0.0507174,-0.0226799,0,0,0,0
-0.0717483,-0.0671855,0,0,0,0
-0.0606424,-0.111162,0,0,0,0
-0.0104811,-0.12302,0,0,0,0
0.038861,-0.113265,0,0,0,0
0.0787572,-0.0885744,0,0,0,0
0.118622,-0.0695008,0,0,0,0
0.100042,-0.0541446,0,0,0,0
0.0530734,-0.0411549,0,0,0,0
0.0184768,-0.0312943,0,0,0,0
-0.0216702,-0.0221087,0,0,0,0
-0.0736371,-0.0335496,0,0,0,0
-0.100763,-0.0519233,0,0,0,0
-0.108137,-0.082335,0,0,0,0
-0.0810602,-0.110037,0,0,0,0
-0.0165782,-0.138427,0,0,0,0
0.00349037,-0.138666,0,0,0,0
0.00555794,-0.107505,0,0,0,0
0.0274976,-0.110413,0,0,0,0
0.0205651,-0.097817,0,0,0,0
0.0190896,-0.0961206,0,0,0,0
0.0269049,-0.0933133,0,0,0,0
0.0361742,-0.082241,0,0,0,0
0.0554154,-0.0539201,0,0,0,0
0.0538066,-0.00733621,0,0,0,0
0.0162461,0.0309866,0,0,0,0
0.0111901,0.0548962,0,0,0,0
0.0017648,0.0639743,0,0,0,0
0.00403801,0.064053,0,0,0,0
0.0219317,0.0622207,0,0,0,0
0.0493681,0.0643658,0,0,0,0
0.0590438,0.0657271,0,0,0,0
0.0381431,0.0601354,0,0,0,0
0.0246472,0.0633096,0,0,0,0
0.0139656,0.0460022,0,0,0,0
-0.00500956,0.030081,0,0,0,0
-0.00968937,0.00847151,0,0,0,0
-0.0130676,-0.00984355,0,0,0,0
-0.0180246,-0.0150034,0,0,0,0
-0.0129182,0.00222038,0,0,0,0
-0.0350222,0.0174787,0,0,0,0
-0.0546675,0.0353672,0,0,0,0
-0.0891652,0.0592124,0,0,0,0
-0.132392,0.0805381,0,0,0,0
-0.0568254,0.0637986,0,0,0,0
-0.0198535,0.12138,0,0,0,0
0.0522781,0.186471,0,0,0,0
0.0891612,0.193759,0,0,0,0
0.0781478,0.181071,0,0,0,0
0.0225339,0.150974,0,0,0,0
0.00579887,0.115732,0,0,0,0
0.00677171,0.0890907,0,0,0,0
0.0230667,0.0794746,0,0,0,0
0.041349,0.0712521,0,0,0,0
0.0509555,0.0455993,0,0,0,0
0.014928,0.0294223,0,0,0,0
-0.0112108,-0.00754025,0,0,0,0
-0.0339235,-0.0458758,0,0,0,0
-0.04285,-0.088593,0,0,0,0
-0.0185441,-0.116785,0,0,0,0
0.00753183,-0.121164,0,0,0,0
0.0187053,-0.116809,0,0,0,0
0.0398477,-0.110197,0,0,0,0
0.0350497,-0.0864333,0,0,0,0
0.0288808,-0.0629975,0,0,0,0
0.0120364,-0.0525257,0,0,0,0
-0.021055,-0.0392706,0,0,0,0
-0.0433929,-0.0364062,0,0,0,0
-0.0724435,-0.0504089,0,0,0,0
-0.0826079,-0.0671225,0,0,0,0
-0.0636423,-0.0881624,0,0,0,0
-0.0536766,-0.107321,0,0,0,0
-0.0364835,-0.120119,0,0,0,0
-0.0344508,-0.132677,0,0,0,0
-0.0439909,-0.127607,0,0,0,0
-0.0231612,-0.137306,0,0,0,0
-0.01326,-0.146648,0,0,0,0
-0.00883108,-0.133648,0,0,0,0
0.00680297,-0.116798,0,0,0,0
0.0399779,-0.0809103,0,0,0,0
0.0642264,-0.0335047,0,0,0,0
0.0989937,0.0163272,0,0,0,0
0.0686895,0.0378492,0,0,0,0
0.0581354,0.0443822,0,0,0,0
0.0444645,0.0581168,0,0,0,0
0.0353734,0.0693069,0,0,0,0
0.0102444,0.0861649,0,0,0,0
0.0129621,0.0996756,0,0,0,0
0.0150056,0.101986,0,0,0,0
0.0271505,0.0907671,0,0,0,0
0.0244788,0.0898651,0,0,0,0
0.0167886,0.0749893,0,0,0,0
0.00144267,0.054285,0,0,0,0
0.000488744,0.0296959,0,0,0,0
-0.00205136,0.0148232,0,0,0,0
-0.0192862,0.0127785,0,0,0,0
-0.0478426,0.0213662,0,0,0,0
-0.0884218,0.0358309,0,0,0,0
-0.114055,0.0469062,0,0,0,0
-0.154399,0.07037,0,0,0,0
-0.186102,0.0948934,0,0,0,0
-0.0714941,0.0937963,0,0,0,0
0.0216782,0.147838,0,0,0,0
0.106729,0.182345,0,0,0,0
0.120603,0.168832,0,0,0,0
0.0652519,0.143408,0,0,0,0
0.0163247,0.108119,0,0,0,0
-0.0194261,0.0777745,0,0,0,0
-0.0050831,0.0552859,0,0,0,0
0.0394249,0.044115,0,0,0,0
0.0853376,0.0294604,0,0,0,0
0.0562373,0.0220631,0,0,0,0
0.0257438,-0.00367104,0,0,0,0
-0.0269682,-0.0324232,0,0,0,0
-0.0509966,-0.0637193,0,0,0,0
-0.0380831,-0.0918577,0,0,0,0
-0.00972857,-0.106688,0,0,0,0
0.0209208,-0.107491,0,0,0,0
0.0470706,-0.0980232,0,0,0,0
0.0875881,-0.0870604,0,0,0,0
0.107061,-0.0734321,0,0,0,0
0.072444,-0.0559432,0,0,0,0
0.0334912,-0.0474655,0,0,0,0
-0.0156015,-0.0427413,0,0,0,0
-0.0590704,-0.0525069,0,0,0,0
-0.087713,-0.0743257,0,0,0,0
-0.118289,-0.0926711,0,0,0,0
-0.109633,-0.112211,0,0,0,0
-0.0508588,-0.137986,0,0,0,0
-0.0105438,-0.142708,0,0,0,0
0.00452942,-0.108234,0,0,0,0
0.0198597,-0.107618,0,0,0,0
0.0449539,-0.105968,0,0,0,0
0.0186773,-0.0931332,0,0,0,0
0.00362482,-0.083677,0,0,0,0
0.00917617,-0.0681527,0,0,0,0
0.0316299,-0.0345379,0,0,0,0
0.0438264,0.0128415,0,0,0,0
0.0381208,0.0526271,0,0,0,0
0.0420899,0.0605798,0,0,0,0
0.0367855,0.066178,0,0,0,0
0.0629307,0.0633198,0,0,0,0
0.0556233,0.0660584,0,0,0,0
0.0412739,0.0643108,0,0,0,0
0.0140028,0.0658896,0,0,0,0
-0.00372696,0.0582899,0,0,0,0
0.0129177,0.0330803,0,0,0,0
0.00816955,0.0127778,0,0,0,0
0.00697694,-0.00390389,0,0,0,0
0.00485555,-0.0198684,0,0,0,0
0.00333673,-0.0228193,0,0,0,0
0.00178833,-0.0172008,0,0,0,0
-0.0129109,-0.0074866,0,0,0,0
-0.048228,0.0108876,0,0,0,0
-0.0559695,0.0174645,0,0,0,0
-0.0983687,0.0413041,0,0,0,0
-0.134122,0.0580223,0,0,0,0
-0.165857,0.0737909,0,0,0,0
-0.0825056,0.0884452,0,0,0,0
-0.0311572,0.129477,0,0,0,0
0.0552764,0.169371,0,0,0,0
0.0844962,0.17163,0,0,0,0
0.0594948,0.155746,0,0,0,0
0.0175644,0.123921,0,0,0,0
-0.00948214,0.0935967,0,0,0,0
0.0034578,0.0657325,0,0,0,0
0.00884065,0.04959,0,0,0,0
0.0120764,0.0348037,0,0,0,0
0.0446773,0.0139856,0,0,0,0
0.0150207,-0.0125039,0,0,0,0
-0.0118218,-0.0405059,0,0,0,0
-0.0316513,-0.0678845,0,0,0,0
-0.0336297,-0.0945872,0,0,0,0
-0.0104519,-0.101241,0,0,0,0
0.0255121,-0.0890366,0,0,0,0
0.0618552,-0.0664677,0,0,0,0
0.0780625,-0.0432183,0,0,0,0
0.0752842,-0.0285205,0,0,0,0
0.0519973,-0.0167573,0,0,0,0
-0.00522594,-0.00615992,0,0,0,0
-0.0340455,-0.0062344,0,0,0,0
-0.0693893,-0.0247276,0,0,0,0
-0.103899,-0.0450354,0,0,0,0
-0.100933,-0.0880932,0,0,0,0
-0.084014,-0.12622,0,0,0,0
-0.0478156,-0.157916,0,0,0,0
-0.018939,-0.170368,0,0,0,0
0.00318466,-0.172356,0,0,0,0
-0.0229903,-0.148327,0,0,0,0
-0.0172235,-0.152803,0,0,0,0
-0.0258432,-0.145379,0,0,0,0
0.00549542,-0.123463,0,0,0,0
0.0445524,-0.0903485,0,0,0,0
0.0970222,-0.0307092,0,0,0,0
0.117894,0.0407887,0,0,0,0
0.0963379,0.10616,0,0,0,0
0.10116,0.117166,0,0,0,0
0.0680744,0.1188,0,0,0,0
0.0528545,0.105939,0,0,0,0
0.0435028,0.0911438,0,0,0,0
0.0225937,0.0758524,0,0,0,0
-0.0159942,0.0678416,0,0,0,0
-0.0252088,0.0607004,0,0,0,0
-0.0113155,0.0442935,0,0,0,0
-0.00450872,0.0257135,0,0,0,0
0.0307357,0.0109762,0,0,0,0
0.0374177,-0.00592891,0,0,0,0
0.0380534,-0.0165365,0,0,0,0
0.0153818,-0.0242078,0,0,0,0
-0.0142008,-0.0219106,0,0,0,0
-0.0720718,-0.00426442,0,0,0,0
-0.0856155,-0.00121619,0,0,0,0
-0.110038,0.0136092,0,0,0,0
-0.138074,0.0334781,0,0,0,0
-0.138213,0.0466416,0,0,0,0
-0.0337384,0.0337901,0,0,0,0
0.000706234,0.0939112,0,0,0,0
0.0742815,0.144038,0,0,0,0
0.117435,0.165349,0,0,0,0
0.0790964,0.160723,0,0,0,0
0.0306442,0.13521,0,0,0,0
-0.0131653,0.117758,0,0,0,0
-0.00991094,0.103677,0,0,0,0
0.00450506,0.101679,0,0,0,0
0.0156388,0.0915561,0,0,0,0
0.0330786,0.0708364,0,0,0,0
0.0163651,0.0343505,0,0,0,0
-0.00942154,-0.00796164,0,0,0,0
-0.0255505,-0.0492047,0,0,0,0
-0.0268007,-0.0874921,0,0,0,0
-0.0111821,-0.115241,0,0,0,0
0.0148631,-0.128993,0,0,0,0
0.0364293,-0.116875,0,0,0,0
0.0312389,-0.0923077,0,0,0,0
0.0198834,-0.0743556,0,0,0,0
0.00434233,-0.0623126,0,0,0,0
-0.0109609,-0.0481927,0,0,0,0
-0.033284,-0.0369762,0,0,0,0
-0.0519136,-0.0420378,0,0,0,0
-0.0797163,-0.0592875,0,0,0,0
-0.1089,-0.0812516,0,0,0,0
-0.119434,-0.102492,0,0,0,0
-0.0940472,-0.127622,0,0,0,0
-0.0584221,-0.147343,0,0,0,0
0.0260282,-0.153337,0,0,0,0
-0.00335084,-0.13833,0,0,0,0
0.0145051,-0.146155,0,0,0,0
-0.001568,-0.133807,0,0,0,0
0.00460126,-0.119391,0,0,0,0
0.0190696,-0.0877485,0,0,0,0
0.0570915,-0.0437519,0,0,0,0
0.0832445,0.00886106,0,0,0,0
0.0784435,0.0583579,0,0,0,0
0.0712313,0.0758199,0,0,0,0
0.0670364,0.0762458,0,0,0,0
0.05018,0.0777084,0,0,0,0
0.0337033,0.0765135,0,0,0,0
0.0191523,0.0706763,0,0,0,0
-0.00918322,0.0752822,0,0,0,0
-0.00795823,0.0677218,0,0,0,0
0.00472046,0.0449218,0,0,0,0
0.00178087,0.0274626,0,0,0,0
0.0181675,0.0168539,0,0,0,0
0.0123835,0.00226353,0,0,0,0
0.0139648,-0.00768127,0,0,0,0
0.0124179,-0.0161424,0,0,0,0
-0.00313043,-0.0201768,0,0,0,0
-0.0487789,-0.00616524,0,0,0,0
-0.0803285,0.000846665,0,0,0,0
-0.127761,0.0209717,0,0,0,0
-0.147826,0.0384653,0,0,0,0
-0.169839,0.059172,0,0,0,0
-0.0837347,0.0549087,0,0,0,0
-0.000516719,0.100962,0,0,0,0
0.0860366,0.149634,0,0,0,0
0.127626,0.162197,0,0,0,0
0.116653,0.151191,0,0,0,0
0.0591177,0.124323,0,0,0,0
0.00340491,0.103272,0,0,0,0
0.00854241,0.0897847,0,0,0,0
0.0332609,0.0860035,0,0,0,0
0.0264481,0.0773915,0,0,0,0
0.00761777,0.0491355,0,0,0,0
-0.0110614,0.0108203,0,0,0,0
-0.0201074,-0.0328212,0,0,0,0
-0.0191921,-0.0755594,0,0,0,0
-0.00818506,-0.111474,0,0,0,0
0.0142713,-0.120757,0,0,0,0
0.0428495,-0.118638,0,0,0,0
0.0770738,-0.105864,0,0,0,0
0.0783444,-0.0859948,0,0,0,0
0.0426294,-0.0635479,0,0,0,0
0.00874475,-0.0481704,0,0,0,0
-0.025397,-0.0347771,0,0,0,0
-0.0490781,-0.028758,0,0,0,0
-0.0691599,-0.0368686,0,0,0,0
-0.0933577,-0.0483348,0,0,0,0
-0.079452,-0.0835474,0,0,0,0
-0.0506497,-0.115745,0,0,0,0
-0.00705518,-0.132925,0,0,0,0
0.00586326,-0.140244,0,0,0,0
-0.000604129,-0.123154,0,0,0,0
0.00183471,-0.112007,0,0,0,0
0.0022428,-0.0984358,0,0,0,0
0.00108171,-0.073199,0,0,0,0
0.00931637,-0.0582743,0,0,0,0
0.0308897,-0.0361815,0,0,0,0
0.0517861,0.00772692,0,0,0,0
0.0862549,0.048785,0,0,0,0
0.0562987,0.0831545,0,0,0,0
0.0367503,0.0975906,0,0,0,0
0.0143379,0.0921555,0,0,0,0
0.0186669,0.0752611,0,0,0,0
0.0380741,0.0607218,0,0,0,0
0.0329502,0.0543703,0,0,0,0
0.0262944,0.0521376,0,0,0,0
0.0076295,0.0465338,0,0,0,0
0.0139162,0.0332788,0,0,0,0
0.0168721,0.0238581,0,0,0,0
0.0359327,0.00860296,0,0,0,0
0.0457156,-0.00649627,0,0,0,0
0.0269278,-0.0200855,0,0,0,0
0.00131567,-0.024994,0,0,0,0
-0.0396658,-0.0189557,0,0,0,0
-0.0865374,-0.00188136,0,0,0,0
-0.0952973,0.00699992,0,0,0,0
-0.129126,0.0327509,0,0,0,0
-0.151144,0.048571,0,0,0,0
-0.156591,0.0586415,0,0,0,0
-0.0315182,0.0652856,0,0,0,0
0.0359163,0.117404,0,0,0,0
0.107645,0.178357,0,0,0,0
0.159954,0.182052,0,0,0,0
0.158874,0.177352,0,0,0,0
0.104207,0.151129,0,0,0,0
0.0230251,0.134838,0,0,0,0
-0.0182496,0.11685,0,0,0,0
-0.0332795,0.0987252,0,0,0,0
-0.0157615,0.0749443,0,0,0,0
0.00965631,0.0473258,0,0,0,0
0.0150744,0.0112457,0,0,0,0
0.00867216,-0.0258761,0,0,0,0
-0.00134065,-0.0626705,0,0,0,0
-0.00226584,-0.0926639,0,0,0,0
-0.00383433,-0.11509,0,0,0,0
0.000948479,-0.118846,0,0,0,0
0.0101254,-0.107482,0,0,0,0
0.0177973,-0.0844457,0,0,0,0
0.0227878,-0.0676688,0,0,0,0
0.0212702,-0.0539973,0,0,0,0
-0.00272578,-0.0454747,0,0,0,0
-0.0218538,-0.0359755,0,0,0,0
-0.0452651,-0.03593,0,0,0,0
-0.0712629,-0.0522477,0,0,0,0
-0.0918211,-0.0741393,0,0,0,0
-0.106655,-0.0963362,0,0,0,0
-0.0892922,-0.122668,0,0,0,0
-0.0456378,-0.1425,0,0,0,0
-0.0112627,-0.152876,0,0,0,0
-0.0188475,-0.132914,0,0,0,0
-0.0208183,-0.128305,0,0,0,0
-0.0218325,-0.121226,0,0,0,0
0.00419021,-0.11916,0,0,0,0
0.0406773,-0.0887902,0,0,0,0
0.0788344,-0.0530409,0,0,0,0
0.120429,0.00469389,0,0,0,0
0.106242,0.0680856,0,0,0,0
0.0836145,0.081607,0,0,0,0
0.0581986,0.0882987,0,0,0,0
0.0295989,0.0877739,0,0,0,0
0.021489,0.075905,0,0,0,0
0.00065414,0.067625,0,0,0,0
-0.0259713,0.0722221,0,0,0,0
-0.0297382,0.0727159,0,0,0,0
-0.0157094,0.0542855,0,0,0,0
-0.00269442,0.0374691,0,0,0,0
0.046186,0.0181953,0,0,0,0
0.0564089,-0.00087122,0,0,0,0
0.0479185,-0.00954793,0,0,0,0
0.0110348,-0.0151802,0,0,0,0
-0.0223932,-0.0163284,0,0,0,0
-0.0676436,-0.0029851,0,0,0,0
-0.0914229,-0.000561415,0,0,0,0
-0.148585,0.0203725,0,0,0,0
-0.161889,0.034045,0,0,0,0
-0.159716,0.0488739,0,0,0,0
-0.0629314,0.0778641,0,0,0,0
0.0164391,0.134678,0,0,0,0
0.0829184,0.160116,0,0,0,0
0.148338,0.14925,0,0,0,0
0.136176,0.137797,0,0,0,0
0.0579833,0.120789,0,0,0,0
-0.0217373,0.114984,0,0,0,0
-0.0587865,0.120133,0,0,0,0
-0.0204379,0.117437,0,0,0,0
0.0166393,0.0853114,0,0,0,0
0.0312954,0.0514669,0,0,0,0
0.0218789,0.011124,0,0,0,0
-0.00464227,-0.0316562,0,0,0,0
-0.0224177,-0.0784067,0,0,0,0
-0.0222563,-0.117109,0,0,0,0
-0.0123753,-0.134128,0,0,0,0
0.00789075,-0.12726,0,0,0,0
0.0242673,-0.111723,0,0,0,0
0.0316234,-0.0885147,0,0,0,0
0.0230627,-0.0705434,0,0,0,0
-0.0179429,-0.0535772,0,0,0,0
-0.0423408,-0.0423197,0,0,0,0
-0.0539118,-0.0449902,0,0,0,0
-0.066081,-0.0528494,0,0,0,0
-0.0778205,-0.0701016,0,0,0,0
-0.0722119,-0.0963838,0,0,0,0
-0.0651072,-0.118438,0,0,0,0
-0.0503351,-0.136441,0,0,0,0
-0.0534848,-0.135741,0,0,0,0
-0.00752547,-0.125599,0,0,0,0
0.0152165,-0.126526,0,0,0,0
-0.00384061,-0.1143,0,0,0,0
-0.00566278,-0.0984169,0,0,0,0
0.0096091,-0.0745886,0,0,0,0
0.0293606,-0.0395569,0,0,0,0
0.0364023,0.0159809,0,0,0,0
0.07279,0.0670579,0,0,0,0
0.0616737,0.0883655,0,0,0,0
0.0462791,0.0994799,0,0,0,0
0.0272976,0.0967561,0,0,0,0
0.0219495,0.0884335,0,0,0,0
0.0218124,0.0718298,0,0,0,0
0.0301158,0.0560717,0,0,0,0
0.0273701,0.0464705,0,0,0,0
0.0142302,0.0389367,0,0,0,0
0.0239404,0.0340029,0,0,0,0
0.0309889,0.0240196,0,0,0,0
0.0313259,0.016999,0,0,0,0
0.0426806,0.00246333,0,0,0,0
0.0373725,-0.00839054,0,0,0,0
0.0107353,-0.0097786,0,0,0,0
-0.0284503,0.00373092,0,0,0,0
-0.0764698,0.0094462,0,0,0,0
-0.118227,0.0185683,0,0,0,0
-0.161175,0.0376196,0,0,0,0
-0.158079,0.0377021,0,0,0,0
-0.0352482,0.0302326,0,0,0,0
0.0324751,0.0851923,0,0,0,0
0.077316,0.139828,0,0,0,0
0.140724,0.140628,0,0,0,0
0.127565,0.137934,0,0,0,0
0.0786725,0.12197,0,0,0,0
0.0310982,0.111764,0,0,0,0
0.0274202,0.111959,0,0,0,0
0.0360902,0.116239,0,0,0,0
0.0341641,0.107564,0,0,0,0
0.0494518,0.0855597,0,0,0,0
0.0336748,0.0556231,0,0,0,0
-0.01359,0.0133344,0,0,0,0
-0.0524337,-0.0330143,0,0,0,0
-0.0613893,-0.0753479,0,0,0,0
-0.0456458,-0.111502,0,0,0,0
-0.00286266,-0.126874,0,0,0,0
0.0280927,-0.124749,0,0,0,0
0.0276199,-0.109327,0,0,0,0
0.0166391,-0.0948447,0,0,0,0
0.00386184,-0.0797122,0,0,0,0
-0.0111593,-0.068948,0,0,0,0
-0.0215631,-0.0615537,0,0,0,0
-0.0446631,-0.0619986,0,0,0,0
-0.0740733,-0.0739384,0,0,0,0
-0.10868,-0.0803511,0,0,0,0
-0.102321,-0.0951455,0,0,0,0
-0.0690755,-0.115679,0,0,0,0
-0.0311359,-0.125029,0,0,0,0
-0.00187806,-0.136946,0,0,0,0
-0.00611507,-0.117828,0,0,0,0
-0.00702239,-0.112145,0,0,0,0
-0.0289625,-0.0940909,0,0,0,0
-0.0181467,-0.0743641,0,0,0,0
0.0134962,-0.0590041,0,0,0,0
0.0658796,-0.0293289,0,0,0,0
0.0971234,0.0140949,0,0,0,0
0.0672202,0.076065,0,0,0,0
0.0616384,0.0909978,0,0,0,0
0.0371822,0.0894794,0,0,0,0
0.0309779,0.0787858,0,0,0,0
0.00510321,0.0710617,0,0,0,0
-0.0023812,0.0589018,0,0,0,0
-0.00189215,0.0501817,0,0,0,0
0.00690193,0.0450039,0,0,0,0
0.0278044,0.0361768,0,0,0,0
0.0257518,0.0322776,0,0,0,0
0.0320795,0.021843,0,0,0,0
0.0434931,0.00350513,0,0,0,0
0.0340848,-0.00895225,0,0,0,0
0.00988787,-0.0168826,0,0,0,0
-0.0265416,-0.0171094,0,0,0,0
-0.0608902,0.00584997,0,0,0,0
-0.104,0.0176698,0,0,0,0
-0.121617,0.0302707,0,0,0,0
-0.134278,0.0462003,0,0,0,0
-0.148121,0.0531882,0,0,0,0
-0.0605661,0.0591196,0,0,0,0
0.0153652,0.110987,0,0,0,0
0.0958935,0.17326,0,0,0,0
0.134734,0.16883,0,0,0,0
0.119073,0.14576,0,0,0,0
0.0623431,0.119227,0,0,0,0
0.0174103,0.1033,0,0,0,0
0.0141867,0.093558,0,0,0,0
0.0241872,0.0869528,0,0,0,0
0.0363216,0.0875299,0,0,0,0
0.0475214,0.0641609,0,0,0,0
0.0218297,0.0475535,0,0,0,0
-0.0102746,0.0125071,0,0,0,0
-0.0340632,-0.0290018,0,0,0,0
-0.0362507,-0.0653877,0,0,0,0
-0.0147714,-0.101823,0,0,0,0
0.00538395,-0.117026,0,0,0,0
0.0165701,-0.113533,0,0,0,0
0.0132118,-0.102694,0,0,0,0
0.0107435,-0.0915455,0,0,0,0
-0.00951427,-0.0790576,0,0,0,0
-0.0234036,-0.0681186,0,0,0,0
-0.0322452,-0.0642557,0,0,0,0
-0.0422872,-0.0652625,0,0,0,0
-0.0542663,-0.0812211,0,0,0,0
-0.0590979,-0.0953021,0,0,0,0
-0.061017,-0.113603,0,0,0,0
-0.066495,-0.127494,0,0,0,0
-0.0513417,-0.132604,0,0,0,0
-0.0642988,-0.124285,0,0,0,0
-0.0220012,-0.117075,0,0,0,0
-0.0124435,-0.114529,0,0,0,0
-0.00936731,-0.104303,0,0,0,0
-0.0142665,-0.0857764,0,0,0,0
0.00515611,-0.061941,0,0,0,0
0.0295559,-0.030508,0,0,0,0
0.0465243,0.0261682,0,0,0,0
0.0950899,0.0825119,0,0,0,0
0.095784,0.111446,0,0,0,0
0.0484511,0.116386,0,0,0,0
0.0143945,0.107839,0,0,0,0
-0.0127814,0.0880551,0,0,0,0
-0.00254085,0.0577198,0,0,0,0
0.00209792,0.0389832,0,0,0,0
0.000452781,0.0235884,0,0,0,0
-0.00104436,0.00823659,0,0,0,0
0.0104692,-0.00597241,0,0,0,0
0.024683,-0.0127428,0,0,0,0
0.0192574,-0.0123678,0,0,0,0
0.0191773,-0.0132344,0,0,0,0
0.0224806,-0.0146007,0,0,0,0
0.00212264,-0.0107365,0,0,0,0
-0.0120145,0.00898066,0,0,0,0
-0.039156,0.0264378,0,0,0,0
-0.0711909,0.0426557,0,0,0,0
-0.124677,0.0676278,0,0,0,0
-0.112705,0.0605211,0,0,0,0
-0.00967931,0.0600507,0,0,0,0
0.0387271,0.10923,0,0,0,0
0.0703924,0.156673,0,0,0,0
0.0995827,0.150125,0,0,0,0
0.0537609,0.13923,0,0,0,0
0.0111741,0.121216,0,0,0,0
-0.0210293,0.108388,0,0,0,0
0.000807543,0.106292,0,0,0,0
0.0408513,0.103348,0,0,0,0
0.0733837,0.0908238,0,0,0,0
0.0978192,0.0726361,0,0,0,0
0.0564243,0.0480236,0,0,0,0
-0.00573444,0.0153712,0,0,0,0
-0.06472,-0.023006,0,0,0,0
-0.0673003,-0.0664232,0,0,0,0
-0.0467499,-0.0968796,0,0,0,0
0.00122852,-0.113423,0,0,0,0
0.0337596,-0.113981,0,0,0,0
0.0343895,-0.102025,0,0,0,0
0.0242946,-0.0924116,0,0,0,0
0.00275057,-0.0829115,0,0,0,0
-0.0262911,-0.0772647,0,0,0,0
-0.039032,-0.0736352,0,0,0,0
-0.0461607,-0.0755343,0,0,0,0
-0.0611919,-0.082077,0,0,0,0
-0.0714561,-0.0940856,0,0,0,0
-0.068561,-0.111642,0,0,0,0
-0.0775606,-0.119804,0,0,0,0
-0.0793732,-0.130376,0,0,0,0
-0.080531,-0.128419,0,0,0,0
-0.0447854,-0.115843,0,0,0,0
-0.0465199,-0.110724,0,0,0,0
-0.0448843,-0.105691,0,0,0,0
-0.0432302,-0.0929375,0,0,0,0
-0.0034365,-0.0711955,0,0,0,0
0.0380972,-0.0397955,0,0,0,0
0.0851289,0.0118627,0,0,0,0
0.12222,0.0713502,0,0,0,0
0.10313,0.105823,0,0,0,0
0.0489695,0.117624,0,0,0,0
-0.000277871,0.112825,0,0,0,0
-0.011411,0.0988148,0,0,0,0
-0.0130066,0.0761541,0,0,0,0
-0.0198761,0.0549172,0,0,0,0
-0.0167086,0.038529,0,0,0,0
0.00415002,0.0170296,0,0,0,0
0.0137556,0.00331956,0,0,0,0
0.0367099,0.000479541,0,0,0,0
0.0533074,-0.00420273,0,0,0,0
0.0476454,-0.00890749,0,0,0,0
0.0194841,-0.010086,0,0,0,0
-0.0151612,-0.00503788,0,0,0,0
-0.0629418,0.0176842,0,0,0,0
-0.092052,0.0285934,0,0,0,0
-0.116059,0.0492767,0,0,0,0
-0.114171,0.066929,0,0,0,0
-0.0950806,0.063736,0,0,0,0
-0.030085,0.108641,0,0,0,0
0.0457691,0.153318,0,0,0,0
0.0696056,0.180522,0,0,0,0
0.0939791,0.176129,0,0,0,0
0.0453354,0.15353,0,0,0,0
0.00145793,0.126865,0,0,0,0
-0.0297795,0.106976,0,0,0,0
-0.0264897,0.0911075,0,0,0,0
0.0323179,0.0721869,0,0,0,0
0.0924441,0.0459916,0,0,0,0
0.118341,0.0222688,0,0,0,0
0.0986855,-0.00899751,0,0,0,0
0.0203902,-0.0460692,0,0,0,0
-0.0397109,-0.0787352,0,0,0,0
-0.0789109,-0.106866,0,0,0,0
-0.0565517,-0.119568,0,0,0,0
-0.00833649,-0.115361,0,0,0,0
0.0363969,-0.100536,0,0,0,0
0.0509322,-0.0742108,0,0,0,0
0.0475616,-0.0566082,0,0,0,0
0.037612,-0.0459482,0,0,0,0
0.0125742,-0.0444048,0,0,0,0
-0.0237335,-0.0475952,0,0,0,0
-0.0623804,-0.0612226,0,0,0,0
-0.0835278,-0.0809743,0,0,0,0
-0.076642,-0.115331,0,0,0,0
-0.0585638,-0.139806,0,0,0,0
-0.0375572,-0.163734,0,0,0,0
-0.0150538,-0.171178,0,0,0,0
0.00834597,-0.153694,0,0,0,0
-0.0382309,-0.130612,0,0,0,0
-0.0403916,-0.120854,0,0,0,0
-0.048429,-0.102208,0,0,0,0
-0.018365,-0.0818887,0,0,0,0
0.0201786,-0.0454463,0,0,0,0
0.041179,0.0112514,0,0,0,0
0.0884821,0.0615505,0,0,0,0
0.0630234,0.0998649,0,0,0,0
0.0297281,0.119952,0,0,0,0
0.0172641,0.116164,0,0,0,0
0.0194523,0.1014,0,0,0,0
0.015481,0.0877361,0,0,0,0
0.0350756,0.0647697,0,0,0,0
0.0228043,0.0523289,0,0,0,0
0.0198451,0.0330382,0,0,0,0
0.0269178,0.0206829,0,0,0,0
0.0248242,0.0042603,0,0,0,0
0.0253161,-0.00743984,0,0,0,0
0.0229122,-0.0226937,0,0,0,0
0.0079618,-0.0326855,0,0,0,0
-0.00145452,-0.0397674,0,0,0,0
-0.0242387,-0.0308868,0,0,0,0
-0.0479378,-0.00531173,0,0,0,0
-0.0674023,0.014769,0,0,0,0
-0.0993597,0.0465621,0,0,0,0
-0.108396,0.074224,0,0,0,0
-0.0986055,0.0875384,0,0,0,0
-0.0156585,0.130039,0,0,0,0
0.0536827,0.169974,0,0,0,0
0.112412,0.195343,0,0,0,0
0.162049,0.178438,0,0,0,0
0.0836396,0.150077,0,0,0,0
0.00831108,0.114591,0,0,0,0
-0.0191188,0.0874988,0,0,0,0
-0.0223189,0.0869193,0,0,0,0
0.0435337,0.070278,0,0,0,0
0.0702979,0.0468644,0,0,0,0
0.0600621,0.0338181,0,0,0,0
0.0408165,0.00419045,0,0,0,0
-0.00888896,-0.0318144,0,0,0,0
-0.0477349,-0.0633097,0,0,0,0
-0.0483396,-0.0948078,0,0,0,0
-0.0398901,-0.113635,0,0,0,0
-0.000475654,-0.112881,0,0,0,0
0.0342662,-0.0929996,0,0,0,0
0.0586974,-0.0789648,0,0,0,0
0.0542598,-0.0650627,0,0,0,0
0.0360496,-0.0550037,0,0,0,0
0.00542202,-0.0468422,0,0,0,0
-0.0224504,-0.0517114,0,0,0,0
-0.0586242,-0.0646444,0,0,0,0
-0.0982764,-0.0803438,0,0,0,0
-0.113094,-0.108114,0,0,0,0
-0.0834028,-0.128643,0,0,0,0
-0.0558366,-0.149207,0,0,0,0
-0.0195007,-0.163588,0,0,0,0
0.044002,-0.143661,0,0,0,0
0.0145406,-0.115779,0,0,0,0
0.0104756,-0.103122,0,0,0,0
-0.022228,-0.075824,0,0,0,0
-0.0188474,-0.0608905,0,0,0,0
-0.00682079,-0.0401795,0,0,0,0
0.0477699,-0.0147833,0,0,0,0
0.0643165,0.0326722,0,0,0,0
0.0498629,0.0842518,0,0,0,0
0.0484037,0.0947995,0,0,0,0
0.0435963,0.0941454,0,0,0,0
0.0178183,0.0873249,0,0,0,0
0.00190925,0.0731083,0,0,0,0
0.00495983,0.0544015,0,0,0,0
0.0236852,0.0374923,0,0,0,0
0.0322096,0.0264496,0,0,0,0
0.0361198,0.00925178,0,0,0,0
0.0247144,0.0160204,0,0,0,0
0.0132728,0.0220197,0,0,0,0
-0.00317564,0.0208104,0,0,0,0
0.00326453,0.00650585,0,0,0,0
0.00554209,-0.00606538,0,0,0,0
-0.00919561,-0.0100084,0,0,0,0
-0.0191452,0.00859884,0,0,0,0
-0.0583992,0.0244458,0,0,0,0
-0.0821014,0.0463827,0,0,0,0
-0.128526,0.0754047,0,0,0,0
-0.138084,0.0799387,0,0,0,0
-0.0167122,0.0737749,0,0,0,0
0.0352687,0.119117,0,0,0,0
0.0718483,0.1688,0,0,0,0
0.122047,0.161405,0,0,0,0
0.0661572,0.144691,0,0,0,0
0.0209279,0.122345,0,0,0,0
-0.0253657,0.115179,0,0,0,0
-0.0217451,0.108615,0,0,0,0
0.0130349,0.0893657,0,0,0,0
0.0485492,0.0716336,0,0,0,0
0.0849945,0.0443573,0,0,0,0
0.0457321,0.017555,0,0,0,0
-0.00776367,-0.0214664,0,0,0,0
-0.0452008,-0.0595774,0,0,0,0
-0.0429051,-0.0935039,0,0,0,0
-0.0277778,-0.11853,0,0,0,0
0.0122905,-0.12417,0,0,0,0
0.0335082,-0.106102,0,0,0,0
0.0304681,-0.0877921,0,0,0,0
0.010984,-0.0718959,0,0,0,0
-0.00689139,-0.0678494,0,0,0,0
-0.0327256,-0.0663969,0,0,0,0
-0.0394078,-0.0626886,0,0,0,0
-0.0523305,-0.0718845,0,0,0,0
-0.0595817,-0.0864999,0,0,0,0
-0.0922754,-0.0974637,0,0,0,0
-0.0900322,-0.112894,0,0,0,0
-0.0667828,-0.129756,0,0,0,0
-0.0483543,-0.140288,0,0,0,0
0.0206909,-0.137062,0,0,0,0
-0.0149372,-0.10919,0,0,0,0
-0.0151646,-0.10678,0,0,0,0
-0.0412538,-0.0866449,0,0,0,0
-0.00965915,-0.0676312,0,0,0,0
0.0382442,-0.0419798,0,0,0,0
0.0964248,0.00618032,0,0,0,0
0.120886,0.0684756,0,0,0,0
0.0856594,0.10085,0,0,0,0
0.0693383,0.116008,0,0,0,0
0.0556646,0.112451,0,0,0,0
0.0503293,0.0978431,0,0,0,0
0.0268189,0.0813201,0,0,0,0
0.00720767,0.0679734,0,0,0,0
-0.0219394,0.0568361,0,0,0,0
-0.0318955,0.0440305,0,0,0,0
-0.000201572,0.0152286,0,0,0,0
0.010995,0.0107683,0,0,0,0
0.0217714,0.00776087,0,0,0,0
0.0226216,-0.00184431,0,0,0,0
0.0246015,-0.0161298,0,0,0,0
0.0130436,-0.0188274,0,0,0,0
-0.0157027,-0.0192431,0,0,0,0
-0.0750096,0.00472538,0,0,0,0
-0.074601,0.0135802,0,0,0,0
-0.09407,0.0318017,0,0,0,0
-0.136064,0.0631201,0,0,0,0
-0.122201,0.0652973,0,0,0,0
-0.0524873,0.0980319,0,0,0,0
0.00428241,0.152413,0,0,0,0
0.0508419,0.186978,0,0,0,0
0.0812505,0.172845,0,0,0,0
0.0499567,0.145314,0,0,0,0
0.0316104,0.123897,0,0,0,0
0.0435791,0.103698,0,0,0,0
0.0455398,0.0857964,0,0,0,0
0.0295253,0.0745927,0,0,0,0
0.0230397,0.0509317,0,0,0,0
-0.000523083,0.0113842,0,0,0,0
-0.0224038,-0.0370189,0,0,0,0
-0.0458086,-0.0858098,0,0,0,0
-0.0245888,-0.122066,0,0,0,0
0.0112813,-0.132806,0,0,0,0
0.047544,-0.124221,0,0,0,0
0.0992377,-0.107623,0,0,0,0
0.127299,-0.0788381,0,0,0,0
0.102069,-0.0444926,0,0,0,0
0.0391675,-0.0191536,0,0,0,0
-0.0115816,-0.0124735,0,0,0,0
-0.0653271,-0.0141623,0,0,0,0
-0.0826853,-0.0303358,0,0,0,0
-0.0998527,-0.0499664,0,0,0,0
-0.0820166,-0.0900198,0,0,0,0
-0.0627211,-0.115592,0,0,0,0
-0.0360864,-0.151187,0,0,0,0
-0.0124268,-0.160108,0,0,0,0
-0.0125286,-0.161276,0,0,0,0
0.00668676,-0.154787,0,0,0,0
-0.00722768,-0.147066,0,0,0,0
-0.0200418,-0.139876,0,0,0,0
-0.00143881,-0.115757,0,0,0,0
0.022279,-0.0842508,0,0,0,0
0.0537545,-0.0364721,0,0,0,0
0.082736,0.0240054,0,0,0,0
0.0785132,0.0899791,0,0,0,0
0.0723414,0.106623,0,0,0,0
0.0628236,0.112763,0,0,0,0
0.0469825,0.112933,0,0,0,0
0.0378956,0.0992523,0,0,0,0
0.0267445,0.0845221,0,0,0,0
0.0207133,0.0730943,0,0,0,0
0.00402359,0.0562452,0,0,0,0
-0.0043472,0.0407824,0,0,0,0
0.0129142,0.0232838,0,0,0,0
0.00230971,0.0178829,0,0,0,0
-0.00604892,0.011947,0,0,0,0
-0.0046791,0.000778322,0,0,0,0
0.0151645,-0.01402,0,0,0,0
0.0151396,-0.0184324,0,0,0,0
-0.0007135,-0.0179656,0,0,0,0
-0.0343692,-0.00229041,0,0,0,0
-0.0854947,0.00976286,0,0,0,0
-0.140526,0.0223255,0,0,0,0
-0.187486,0.0479962,0,0,0,0
-0.137748,0.0514156,0,0,0,0
-0.0520094,0.083761,0,0,0,0
0.0200477,0.140633,0,0,0,0
0.0614194,0.197375,0,0,0,0
0.106499,0.182007,0,0,0,0
0.0808772,0.151249,0,0,0,0
0.037543,0.127604,0,0,0,0
0.0135636,0.102257,0,0,0,0
0.0109717,0.092045,0,0,0,0
0.0341594,0.0858527,0,0,0,0
0.0388517,0.0509936,0,0,0,0
0.00131774,0.0223225,0,0,0,0
-0.0119494,-0.0100084,0,0,0,0
-0.0189463,-0.0525096,0,0,0,0
-0.01567,-0.0912934,0,0,0,0
-0.00138653,-0.119646,0,0,0,0
0.0108196,-0.119052,0,0,0,0
0.0295659,-0.107407,0,0,0,0
0.0338406,-0.0897532,0,0,0,0
0.022484,-0.0674221,0,0,0,0
0.00444402,-0.0528868,0,0,0,0
-0.0162301,-0.0461046,0,0,0,0
-0.0342325,-0.0366839,0,0,0,0
-0.0457991,-0.0378155,0,0,0,0
-0.0586273,-0.0532179,0,0,0,0
-0.0731032,-0.0715078,0,0,0,0
-0.0679547,-0.104481,0,0,0,0
-0.0621737,-0.136952,0,0,0,0
-0.0429136,-0.158344,0,0,0,0
-0.0415656,-0.157689,0,0,0,0
0.00864998,-0.149737,0,0,0,0
-0.0149309,-0.121985,0,0,0,0
-0.0176158,-0.114659,0,0,0,0
-0.0347962,-0.0991723,0,0,0,0
-0.0108075,-0.076366,0,0,0,0
0.0306017,-0.0473144,0,0,0,0
0.079015,-0.0155916,0,0,0,0
0.0898311,0.0480199,0,0,0,0
0.0678066,0.0943592,0,0,0,0
0.0835648,0.112996,0,0,0,0
0.059873,0.114555,0,0,0,0
0.0376273,0.0995955,0,0,0,0
0.00989463,0.0904565,0,0,0,0
-0.0034362,0.0780327,0,0,0,0
0.00113583,0.0585203,0,0,0,0
0.00183391,0.0448724,0,0,0,0
0.0223883,0.0230279,0,0,0,0
0.0212651,0.00972437,0,0,0,0
0.0352897,0.00178584,0,0,0,0
0.0450316,-0.0117416,0,0,0,0
0.0318842,-0.019778,0,0,0,0
0.00892388,-0.0256878,0,0,0,0
-0.0275816,-0.0211635,0,0,0,0
-0.0718591,-0.011823,0,0,0,0
-0.09323,0.00179647,0,0,0,0
-0.141191,0.0295562,0,0,0,0
-0.114564,0.024793,0,0,0,0
0.00657393,0.0212979,0,0,0,0
0.047514,0.0945323,0,0,0,0
0.0645571,0.149371,0,0,0,0
0.106404,0.149568,0,0,0,0
0.099243,0.143974,0,0,0,0
0.0760009,0.122036,0,0,0,0
0.0139737,0.111733,0,0,0,0
0.0212522,0.10733,0,0,0,0
0.0223628,0.116525,0,0,0,0
0.0282557,0.125559,0,0,0,0
0.0472009,0.104247,0,0,0,0
0.0261787,0.0680794,0,0,0,0
-0.0180208,0.0227859,0,0,0,0
-0.0498787,-0.0289852,0,0,0,0
-0.0575997,-0.0765843,0,0,0,0
-0.0371752,-0.107648,0,0,0,0
0.00227348,-0.124728,0,0,0,0
0.0293564,-0.118766,0,0,0,0
0.0351709,-0.105662,0,0,0,0
0.029816,-0.085091,0,0,0,0
0.00303076,-0.0751995,0,0,0,0
-0.0282199,-0.069725,0,0,0,0
-0.0530269,-0.0737595,0,0,0,0
-0.0693956,-0.0865407,0,0,0,0
-0.0901056,-0.0951224,0,0,0,0
-0.0974888,-0.112236,0,0,0,0
-0.092039,-0.129042,0,0,0,0
-0.0906577,-0.145836,0,0,0,0
-0.0457412,-0.149184,0,0,0,0
-0.0113268,-0.142609,0,0,0,0
-0.0254144,-0.104534,0,0,0,0
-0.0171303,-0.0953072,0,0,0,0
-0.0119756,-0.0731268,0,0,0,0
0.0064992,-0.0555874,0,0,0,0
0.034685,-0.0363524,0,0,0,0
0.0764888,-0.013652,0,0,0,0
0.0938282,0.0312745,0,0,0,0
0.0605182,0.0868267,0,0,0,0
0.0504463,0.0947519,0,0,0,0
0.033084,0.0871002,0,0,0,0
0.00671801,0.073034,0,0,0,0
0.000500795,0.0583512,0,0,0,0
-0.0024002,0.0473585,0,0,0,0
-0.0104791,0.0403842,0,0,0,0
-0.00884396,0.0381165,0,0,0,0
0.00816242,0.0251388,0,0,0,0
0.00816611,0.0233404,0,0,0,0
0.0271326,0.015187,0,0,0,0
0.0327942,0.0036863,0,0,0,0
0.0265134,-0.00685735,0,0,0,0
0.0159388,-0.0146651,0,0,0,0
-0.0136885,-0.00516718,0,0,0,0
-0.0709927,0.0188726,0,0,0,0
-0.0914987,0.0293393,0,0,0,0
-0.116212,0.0552805,0,0,0,0
-0.114917,0.0574062,0,0,0,0
-0.00647599,0.0339806,0,0,0,0
0.0482827,0.0914187,0,0,0,0
0.0790754,0.160501,0,0,0,0
0.100464,0.170405,0,0,0,0
0.096797,0.163487,0,0,0,0
0.0490552,0.139676,0,0,0,0
-0.00547711,0.114513,0,0,0,0
-0.0161176,0.0920653,0,0,0,0
0.00722055,0.0904196,0,0,0,0
0.0635997,0.0925287,0,0,0,0
0.0849979,0.0727306,0,0,0,0
0.0452978,0.0499495,0,0,0,0
-0.0042763,0.019817,0,0,0,0
-0.0451844,-0.0206017,0,0,0,0
-0.049173,-0.0659412,0,0,0,0
-0.0309376,-0.106389,0,0,0,0
-0.00795476,-0.123758,0,0,0,0
0.00244851,-0.121988,0,0,0,0
0.00572578,-0.112703,0,0,0,0
0.00142416,-0.108565,0,0,0,0
-0.00778218,-0.103892,0,0,0,0
-0.0169289,-0.10492,0,0,0,0
-0.0335092,-0.0998818,0,0,0,0
-0.0574951,-0.0954493,0,0,0,0
-0.0855552,-0.102453,0,0,0,0
-0.113493,-0.111453,0,0,0,0
-0.0808923,-0.127734,0,0,0,0
-0.0509467,-0.135854,0,0,0,0
-0.0162884,-0.137189,0,0,0,0
0.013927,-0.105205,0,0,0,0
-0.0158096,-0.0788643,0,0,0,0
0.00148822,-0.0716423,0,0,0,0
-0.00997953,-0.0546978,0,0,0,0
-0.0145119,-0.0451966,0,0,0,0
-0.00494445,-0.0377118,0,0,0,0
0.0181064,-0.0260871,0,0,0,0
0.0519051,-0.00805792,0,0,0,0
0.0667059,0.0319599,0,0,0,0
0.044211,0.0597442,0,0,0,0
0.0356462,0.0645345,0,0,0,0
0.0291739,0.0643791,0,0,0,0
0.0227347,0.058586,0,0,0,0
0.0184337,0.0513124,0,0,0,0
0.0281018,0.0437133,0,0,0,0
0.0245523,0.0373139,0,0,0,0
0.0122545,0.0289214,0,0,0,0
0.0107459,0.0151988,0,0,0,0
-1.2533e-05,0.00897153,0,0,0,0
0.0144235,0.00182304,0,0,0,0
0.0217229,-0.000296578,0,0,0,0
0.0260845,-0.0022915,0,0,0,0
0.0113185,-0.00491162,0,0,0,0
-0.0130111,-0.00123316,0,0,0,0
-0.0628282,0.0254392,0,0,0,0
-0.103416,0.0465701,0,0,0,0
-0.132415,0.0675092,0,0,0,0
-0.113811,0.0777656,0,0,0,0
-0.0854991,0.0809926,0,0,0,0
-0.00328888,0.101785,0,0,0,0
0.0706446,0.135816,0,0,0,0
0.0774153,0.164973,0,0,0,0
0.0956893,0.145177,0,0,0,0
0.043186,0.129705,0,0,0,0
0.00480766,0.104192,0,0,0,0
-0.0132526,0.0826549,0,0,0,0
0.0211409,0.0752353,0,0,0,0
0.0683659,0.0794014,0,0,0,0
0.0771161,0.0599826,0,0,0,0
0.030667,0.0599559,0,0,0,0
-0.0210652,0.0414804,0,0,0,0
-0.0523466,-0.000336201,0,0,0,0
-0.0478311,-0.046722,0,0,0,0
-0.0294405,-0.0911589,0,0,0,0
0.00340607,-0.12411,0,0,0,0
0.0236236,-0.123933,0,0,0,0
0.0367607,-0.106096,0,0,0,0
0.0581353,-0.0903131,0,0,0,0
0.0487714,-0.0666028,0,0,0,0
0.0316375,-0.0471379,0,0,0,0
0.00135958,-0.0320141,0,0,0,0
-0.0271534,-0.0260796,0,0,0,0
-0.0580066,-0.036294,0,0,0,0
-0.082555,-0.0642103,0,0,0,0
-0.0812927,-0.108461,0,0,0,0
-0.0540309,-0.136076,0,0,0,0
-0.0242165,-0.14436,0,0,0,0
0.0151557,-0.145019,0,0,0,0
0.000313173,-0.122206,0,0,0,0
-0.0282177,-0.0919919,0,0,0,0
-0.0480251,-0.0796735,0,0,0,0
-0.0450955,-0.0714676,0,0,0,0
-0.00232732,-0.0686673,0,0,0,0
0.0313363,-0.059003,0,0,0,0
0.0628815,-0.0242542,0,0,0,0
0.0998095,0.0200615,0,0,0,0
0.0951702,0.0729294,0,0,0,0
0.0878233,0.0875669,0,0,0,0
0.0626759,0.0884458,0,0,0,0
0.0249242,0.0855187,0,0,0,0
-0.00213641,0.0705924,0,0,0,0
-0.00340219,0.0564324,0,0,0,0
0.00628584,0.0439039,0,0,0,0
0.0235032,0.0231783,0,0,0,0
0.0279006,0.013266,0,0,0,0
0.0334525,0.00247121,0,0,0,0
0.028472,-0.000306674,0,0,0,0
0.0377924,-0.00658524,0,0,0,0
0.0353102,-0.00867776,0,0,0,0
0.00993948,-0.00618115,0,0,0,0
-0.0194505,0.00309422,0,0,0,0
-0.0647126,0.0237396,0,0,0,0
-0.0893195,0.0444846,0,0,0,0
-0.123648,0.0721708,0,0,0,0
-0.0773686,0.0614107,0,0,0,0
0.0224696,0.0961261,0,0,0,0
0.0662402,0.152067,0,0,0,0
0.0811453,0.200219,0,0,0,0
0.128848,0.209034,0,0,0,0
0.0702581,0.194323,0,0,0,0
0.0138491,0.170164,0,0,0,0
-0.0133634,0.143085,0,0,0,0
-0.0085599,0.116466,0,0,0,0
0.00377224,0.0906816,0,0,0,0
0.0183929,0.0646435,0,0,0,0
0.0525,0.0285174,0,0,0,0
0.060551,-0.0131052,0,0,0,0
0.00328609,-0.0480032,0,0,0,0
-0.0426169,-0.0819523,0,0,0,0
-0.0900849,-0.115104,0,0,0,0
-0.0775599,-0.13153,0,0,0,0
-0.0374751,-0.132551,0,0,0,0
0.00312279,-0.124685,0,0,0,0
0.0176369,-0.106877,0,0,0,0
0.0234123,-0.0905243,0,0,0,0
0.00118438,-0.0767259,0,0,0,0
-0.0221264,-0.0658663,0,0,0,0
-0.0472415,-0.061163,0,0,0,0
-0.082399,-0.0663263,0,0,0,0
-0.109006,-0.0740034,0,0,0,0
-0.128567,-0.0958202,0,0,0,0
-0.112104,-0.118897,0,0,0,0
-0.0774262,-0.141371,0,0,0,0
-0.0298809,-0.147678,0,0,0,0
-0.0177044,-0.145228,0,0,0,0
-0.0420156,-0.109779,0,0,0,0
-0.0565193,-0.0947032,0,0,0,0
-0.0465646,-0.0838525,0,0,0,0
-0.0149543,-0.0737069,0,0,0,0
0.038627,-0.0608017,0,0,0,0
0.0808352,-0.0269475,0,0,0,0
0.119636,0.0160969,0,0,0,0
0.104925,0.0736661,0,0,0,0
0.095027,0.0971162,0,0,0,0
0.0789117,0.0943781,0,0,0,0
0.0454137,0.090868,0,0,0,0
0.0183145,0.0785323,0,0,0,0
0.00404452,0.0669328,0,0,0,0
-0.0128739,0.0562946,0,0,0,0
-0.0135707,0.0390715,0,0,0,0
-0.000956576,0.0191185,0,0,0,0
0.00746289,0.00486156,0,0,0,0
0.0252792,-0.00685623,0,0,0,0
0.0340884,-0.0155101,0,0,0,0
0.0293721,-0.022262,0,0,0,0
0.0146955,-0.0188133,0,0,0,0
-0.0238378,-0.00380015,0,0,0,0
-0.0802607,0.0198211,0,0,0,0
-0.0862201,0.0348615,0,0,0,0
-0.103226,0.059341,0,0,0,0
-0.123607,0.0696671,0,0,0,0
0.0184248,0.0516036,0,0,0,0
0.0447797,0.115261,0,0,0,0
0.0948381,0.188854,0,0,0,0
0.121762,0.186839,0,0,0,0
0.0743334,0.169604,0,0,0,0
0.0296041,0.139042,0,0,0,0
-0.0268811,0.117272,0,0,0,0
0.00664711,0.0977189,0,0,0,0
0.0353454,0.0925694,0,0,0,0
0.0529028,0.0989861,0,0,0,0
0.0880486,0.077523,0,0,0,0
0.0455269,0.0495891,0,0,0,0
-0.012026,0.0131839,0,0,0,0
-0.0536348,-0.0303356,0,0,0,0
-0.0626822,-0.0725018,0,0,0,0
-0.0408705,-0.0962177,0,0,0,0
-0.00754045,-0.113799,0,0,0,0
0.0220572,-0.11147,0,0,0,0
0.0209937,-0.0962104,0,0,0,0
0.0221508,-0.0840586,0,0,0,0
0.00230782,-0.079019,0,0,0,0
-0.0131511,-0.0700647,0,0,0,0
-0.0338312,-0.0707553,0,0,0,0
-0.0562835,-0.0801044,0,0,0,0
-0.0681508,-0.0919731,0,0,0,0
-0.0640861,-0.114419,0,0,0,0
-0.0596354,-0.141858,0,0,0,0
-0.0629277,-0.155392,0,0,0,0
-0.0548112,-0.150587,0,0,0,0
-0.0622784,-0.128308,0,0,0,0
-0.0301042,-0.111175,0,0,0,0
-0.0179237,-0.0962999,0,0,0,0
-0.00372677,-0.0908759,0,0,0,0
-0.000323793,-0.0718792,0,0,0,0
0.0275039,-0.0486003,0,0,0,0
0.0607977,-0.0123728,0,0,0,0
0.1053,0.0316653,0,0,0,0
0.113092,0.0910105,0,0,0,0
0.0813597,0.11422,0,0,0,0
0.0561692,0.125248,0,0,0,0
0.0311072,0.11016,0,0,0,0
0.0053832,0.075684,0,0,0,0
-0.0128538,0.0444231,0,0,0,0
-0.0212,0.023144,0,0,0,0
-0.0221993,0.00887258,0,0,0,0
-0.00625767,-0.00537362,0,0,0,0
0.0420707,-0.0223586,0,0,0,0
0.0454248,-0.0147701,0,0,0,0
0.0413649,-0.00805123,0,0,0,0
0.0315636,-0.0062217,0,0,0,0
0.0180804,-0.00420119,0,0,0,0
-0.00494417,0.0040221,0,0,0,0
-0.0222758,0.0159911,0,0,0,0
-0.0692526,0.0466111,0,0,0,0
-0.102852,0.0695178,0,0,0,0
-0.123902,0.09133,0,0,0,0
-0.108202,0.0954018,0,0,0,0
-0.0342174,0.0705203,0,0,0,0
0.0296704,0.118812,0,0,0,0
0.0850806,0.172558,0,0,0,0
0.116599,0.190175,0,0,0,0
0.124082,0.168792,0,0,0,0
0.0535566,0.13691,0,0,0,0
-0.0261134,0.112585,0,0,0,0
-0.0511836,0.0839549,0,0,0,0
-0.023393,0.0671063,0,0,0,0
0.0487143,0.0569568,0,0,0,0
0.0831022,0.0406359,0,0,0,0
0.0658009,0.0307471,0,0,0,0
0.0247093,0.00688726,0,0,0,0
-0.0313927,-0.0270535,0,0,0,0
-0.0553627,-0.0580112,0,0,0,0
-0.0595797,-0.0902625,0,0,0,0
-0.0319503,-0.104579,0,0,0,0
0.00254485,-0.105339,0,0,0,0
0.040295,-0.0949521,0,0,0,0
0.0518067,-0.086849,0,0,0,0
0.0159489,-0.0808684,0,0,0,0
-0.0324384,-0.0714942,0,0,0,0
-0.0726554,-0.0668409,0,0,0,0
-0.0665456,-0.0710731,0,0,0,0
-0.0764433,-0.0803953,0,0,0,0
-0.0764326,-0.0958476,0,0,0,0
-0.0806118,-0.118076,0,0,0,0
-0.0687344,-0.131612,0,0,0,0
-0.0410596,-0.145386,0,0,0,0
-0.00993277,-0.156394,0,0,0,0
-0.00474282,-0.152757,0,0,0,0
-0.0406992,-0.111706,0,0,0,0
-0.0515711,-0.0940195,0,0,0,0
-0.0426995,-0.0731585,0,0,0,0
-0.0130042,-0.0667591,0,0,0,0
0.0248353,-0.0450576,0,0,0,0
0.0501758,0.000610618,0,0,0,0
0.102228,0.0534838,0,0,0,0
0.0907914,0.0988306,0,0,0,0
0.0803633,0.110466,0,0,0,0
0.0788034,0.102291,0,0,0,0
0.0564302,0.0975685,0,0,0,0
0.0181199,0.0879942,0,0,0,0
-0.00665505,0.0706398,0,0,0,0
-0.0235143,0.048191,0,0,0,0
-0.0233305,0.0212773,0,0,0,0
-0.00778447,0.00634465,0,0,0,0
0.0104057,-0.0096979,0,0,0,0
0.0205165,-0.0164947,0,0,0,0
0.0310597,-0.0158555,0,0,0,0
0.0282745,-0.0155243,0,0,0,0
0.00421364,-0.0087744,0,0,0,0
-0.0233013,0.00690565,0,0,0,0
-0.0746184,0.0257131,0,0,0,0
-0.0950979,0.04609,0,0,0,0
-0.123127,0.068948,0,0,0,0
-0.114582,0.0642044,0,0,0,0
0.0283323,0.0438755,0,0,0,0
0.0576603,0.106852,0,0,0,0
0.0983577,0.172227,0,0,0,0
0.120262,0.17606,0,0,0,0
0.0709622,0.164395,0,0,0,0
0.0162284,0.135946,0,0,0,0
-0.0288288,0.121291,0,0,0,0
0.00100499,0.100814,0,0,0,0
0.0355758,0.0936368,0,0,0,0
0.0560067,0.085714,0,0,0,0
0.0851702,0.0737628,0,0,0,0
0.0714476,0.047817,0,0,0,0
0.00983532,0.0125232,0,0,0,0
-0.0432323,-0.0301831,0,0,0,0
-0.0552173,-0.0746792,0,0,0,0
-0.0484207,-0.100793,0,0,0,0
-0.0257305,-0.123363,0,0,0,0
0.0113437,-0.132891,0,0,0,0
0.0182013,-0.115834,0,0,0,0
0.0202507,-0.0991868,0,0,0,0
0.000489339,-0.0853087,0,0,0,0
-0.0121089,-0.0784559,0,0,0,0
-0.0303064,-0.0755482,0,0,0,0
-0.0493072,-0.0770262,0,0,0,0
-0.0765954,-0.0860745,0,0,0,0
-0.099464,-0.100169,0,0,0,0
-0.0845386,-0.123906,0,0,0,0
-0.0744533,-0.144378,0,0,0,0
-0.0440734,-0.14686,0,0,0,0
-0.0417131,-0.135688,0,0,0,0
-0.0287658,-0.0991254,0,0,0,0
-0.0240914,-0.0855038,0,0,0,0
-0.0111818,-0.078166,0,0,0,0
0.00369143,-0.0760777,0,0,0,0
0.018924,-0.0591203,0,0,0,0
0.0387484,-0.0368763,0,0,0,0
0.0664808,0.0102234,0,0,0,0
0.0664509,0.0735523,0,0,0,0
0.0557054,0.093129,0,0,0,0
0.0424679,0.100575,0,0,0,0
0.0292947,0.0966983,0,0,0,0
0.0364541,0.0866811,0,0,0,0
0.0444332,0.0785137,0,0,0,0
0.0301864,0.0708196,0,0,0,0
0.0206968,0.054334,0,0,0,0
0.0193484,0.0293133,0,0,0,0
0.01961,0.0130922,0,0,0,0
0.0190268,-0.00367291,0,0,0,0
0.0100961,-0.0194099,0,0,0,0
0.0162513,-0.0321723,0,0,0,0
0.00653674,-0.0368322,0,0,0,0
-0.0207491,-0.0348941,0,0,0,0
-0.0645117,-0.0115918,0,0,0,0
-0.104115,0.0105089,0,0,0,0
-0.117277,0.0347226,0,0,0,0
-0.106623,0.0536159,0,0,0,0
-0.0725731,0.0641765,0,0,0,0
0.0052411,0.0917458,0,0,0,0
0.0716327,0.139387,0,0,0,0
0.115625,0.171989,0,0,0,0
0.105615,0.164812,0,0,0,0
0.0401073,0.143424,0,0,0,0
-0.0114564,0.115727,0,0,0,0
-0.0438121,0.0954478,0,0,0,0
0.00392124,0.0820559,0,0,0,0
0.0500077,0.0813589,0,0,0,0
0.0818186,0.0590305,0,0,0,0
0.0407507,0.0452687,0,0,0,0
0.00615162,0.0215864,0,0,0,0
-0.0294459,-0.0145734,0,0,0,0
-0.0295664,-0.056456,0,0,0,0
-0.0162375,-0.0944664,0,0,0,0
0.00923158,-0.113663,0,0,0,0
0.0345486,-0.118599,0,0,0,0
0.0380119,-0.101868,0,0,0,0
0.0433545,-0.0849906,0,0,0,0
0.0223981,-0.0632135,0,0,0,0
0.000414393,-0.0504327,0,0,0,0
-0.0211769,-0.0461333,0,0,0,0
-0.0484343,-0.0470683,0,0,0,0
-0.0659462,-0.0572559,0,0,0,0
-0.0744539,-0.0826334,0,0,0,0
-0.0670957,-0.118036,0,0,0,0
-0.0741149,-0.149878,0,0,0,0
-0.0503676,-0.153743,0,0,0,0
-0.0323295,-0.145725,0,0,0,0
0.0107204,-0.139768,0,0,0,0
-0.0134119,-0.115032,0,0,0,0
-0.0126974,-0.100113,0,0,0,0
-0.0257965,-0.079018,0,0,0,0
-0.024387,-0.0624002,0,0,0,0
0.0145695,-0.0413754,0,0,0,0
0.0988538,-0.00618634,0,0,0,0
0.15284,0.0444538,0,0,0,0
0.12385,0.090359,0,0,0,0
0.0844723,0.112763,0,0,0,0
0.0497239,0.100063,0,0,0,0
0.0265971,0.0778326,0,0,0,0
0.0113598,0.0600132,0,0,0,0
-0.000275806,0.0422091,0,0,0,0
-0.00599888,0.035776,0,0,0,0
-0.00488228,0.0256823,0,0,0,0
0.013469,0.00780604,0,0,0,0
0.0269755,0.00104603,0,0,0,0
0.0399094,-0.00551043,0,0,0,0
0.0337512,-0.00802643,0,0,0,0
0.0298221,-0.00623803,0,0,0,0
0.0164234,-0.00424703,0,0,0,0
-0.0105585,-0.000733575,0,0,0,0
-0.050958,0.0208288,0,0,0,0
-0.0695344,0.0243487,0,0,0,0
-0.110572,0.0423752,0,0,0,0
-0.123801,0.0607885,0,0,0,0
-0.128065,0.0674705,0,0,0,0
-0.0662017,0.0761542,0,0,0,0
0.01116,0.115717,0,0,0,0
0.0593583,0.159868,0,0,0,0
0.0994024,0.15372,0,0,0,0
0.0660051,0.141876,0,0,0,0
0.0393421,0.12243,0,0,0,0
0.00530307,0.107639,0,0,0,0
0.0172153,0.092953,0,0,0,0
0.0454216,0.0920496,0,0,0,0
0.0557171,0.070588,0,0,0,0
0.0454457,0.0582653,0,0,0,0
0.00720855,0.0326622,0,0,0,0
-0.0296644,-0.00565997,0,0,0,0
-0.0414885,-0.0489043,0,0,0,0
-0.0232495,-0.0873075,0,0,0,0
0.00498208,-0.113024,0,0,0,0
0.0322939,-0.111062,0,0,0,0
0.0451423,-0.0994719,0,0,0,0
0.0437268,-0.0761602,0,0,0,0
0.024681,-0.0505273,0,0,0,0
0.0031126,-0.0389955,0,0,0,0
-0.0163419,-0.0325084,0,0,0,0
-0.0320016,-0.0412404,0,0,0,0
-0.0492672,-0.0506917,0,0,0,0
-0.0770852,-0.0751448,0,0,0,0
-0.0911934,-0.108161,0,0,0,0
-0.0833042,-0.129294,0,0,0,0
-0.0617169,-0.154978,0,0,0,0
-0.0256306,-0.160007,0,0,0,0
-0.0162255,-0.148035,0,0,0,0
-0.0220241,-0.109543,0,0,0,0
-0.0153306,-0.0969118,0,0,0,0
-0.0224138,-0.077019,0,0,0,0
-0.0021208,-0.0718127,0,0,0,0
0.027309,-0.0516759,0,0,0,0
0.0650344,-0.0177563,0,0,0,0
0.116316,0.0237037,0,0,0,0
0.096687,0.0744265,0,0,0,0
0.0965593,0.0837732,0,0,0,0
0.0795535,0.0824757,0,0,0,0
0.0588546,0.0777891,0,0,0,0
0.0388911,0.070146,0,0,0,0
0.0304189,0.0629357,0,0,0,0
0.00480606,0.0675459,0,0,0,0
-0.00495315,0.0680563,0,0,0,0
0.0144276,0.0571599,0,0,0,0
0.0103639,0.053297,0,0,0,0
0.0313137,0.0380536,0,0,0,0
0.0368595,0.0222026,0,0,0,0
0.034025,0.0119221,0,0,0,0
0.0201343,0.00610742,0,0,0,0
-0.0130993,0.00606876,0,0,0,0
-0.0632084,0.0199687,0,0,0,0
-0.0749732,0.034053,0,0,0,0
-0.0967093,0.0573018,0,0,0,0
-0.126765,0.0626914,0,0,0,0
-0.00586943,0.0420334,0,0,0,0
0.0470127,0.0915965,0,0,0,0
0.0637834,0.152777,0,0,0,0
0.0820899,0.154053,0,0,0,0
0.0756445,0.142934,0,0,0,0
0.0397048,0.119371,0,0,0,0
0.00453196,0.100385,0,0,0,0
0.000499849,0.0951307,0,0,0,0
0.0320317,0.0930902,0,0,0,0
0.0374044,0.0975474,0,0,0,0
0.0636791,0.085005,0,0,0,0
0.0446148,0.057533,0,0,0,0
0.00882602,0.0182362,0,0,0,0
-0.025878,-0.0311022,0,0,0,0
-0.0332672,-0.0765131,0,0,0,0
-0.0295429,-0.108749,0,0,0,0
-0.0227522,-0.1253,0,0,0,0
-0.0172651,-0.128737,0,0,0,0
0.00560984,-0.108364,0,0,0,0
0.00539599,-0.0883256,0,0,0,0
0.000435406,-0.0802672,0,0,0,0
-0.00636296,-0.0748067,0,0,0,0
-0.00927504,-0.0753848,0,0,0,0
-0.0187559,-0.0741086,0,0,0,0
-0.0499564,-0.0782465,0,0,0,0
-0.0791679,-0.0943363,0,0,0,0
-0.0945577,-0.120722,0,0,0,0
-0.100535,-0.129536,0,0,0,0
-0.0763208,-0.139659,0,0,0,0
-0.0646637,-0.135803,0,0,0,0
-0.00971488,-0.120217,0,0,0,0
0.00802077,-0.107684,0,0,0,0
0.0181118,-0.0930055,0,0,0,0
0.00992211,-0.0718733,0,0,0,0
0.0115238,-0.0527639,0,0,0,0
0.0277453,-0.0388507,0,0,0,0
0.0511533,0.00010187,0,0,0,0
0.053386,0.040576,0,0,0,0
0.0265645,0.0779885,0,0,0,0
0.0211244,0.0945343,0,0,0,0
0.00627945,0.0942589,0,0,0,0
0.0173677,0.0826197,0,0,0,0
0.0217603,0.0702891,0,0,0,0
0.028466,0.0643724,0,0,0,0
0.038613,0.0581466,0,0,0,0
0.0291937,0.0475237,0,0,0,0
0.0238519,0.0272717,0,0,0,0
0.00659684,0.0172981,0,0,0,0
0.0098895,0.000735022,0,0,0,0
0.00832617,-0.015878,0,0,0,0
0.00206105,-0.0276637,0,0,0,0
-0.0141907,-0.0309205,0,0,0,0
-0.0328526,-0.021331,0,0,0,0
-0.075185,0.000271052,0,0,0,0
-0.124993,0.0201905,0,0,0,0
-0.14555,0.0457635,0,0,0,0
-0.200193,0.0715614,0,0,0,0
-0.0457713,0.0495464,0,0,0,0
0.0373708,0.102665,0,0,0,0
0.0679514,0.167685,0,0,0,0
0.10783,0.171995,0,0,0,0
0.11136,0.163687,0,0,0,0
0.0749506,0.139411,0,0,0,0
0.0179122,0.118299,0,0,0,0
0.0233479,0.0936533,0,0,0,0
0.0346076,0.0879094,0,0,0,0
0.0598998,0.0924463,0,0,0,0
0.0648747,0.0794167,0,0,0,0
0.0254291,0.0515611,0,0,0,0
-0.0387027,0.0142444,0,0,0,0
-0.0791526,-0.028174,0,0,0,0
-0.0669769,-0.0732589,0,0,0,0
-0.037143,-0.113051,0,0,0,0
0.0147748,-0.126479,0,0,0,0
0.0396175,-0.116161,0,0,0,0
0.0469343,-0.0965898,0,0,0,0
0.0482639,-0.0894951,0,0,0,0
0.0268174,-0.0797164,0,0,0,0
0.00289923,-0.0723464,0,0,0,0
-0.0178148,-0.0701908,0,0,0,0
-0.0408667,-0.071652,0,0,0,0
-0.0853694,-0.0773127,0,0,0,0
-0.126846,-0.0906519,0,0,0,0
-0.122803,-0.124975,0,0,0,0
-0.0899084,-0.140043,0,0,0,0
-0.0277107,-0.14835,0,0,0,0
-0.0146999,-0.13581,0,0,0,0
-0.0109177,-0.100953,0,0,0,0
-0.00691926,-0.0640957,0,0,0,0
0.0319197,-0.057063,0,0,0,0
0.0286959,-0.0400334,0,0,0,0
0.0371341,-0.0307875,0,0,0,0
0.0484357,-0.0231552,0,0,0,0
0.0574078,-0.0110028,0,0,0,0
0.064869,0.011255,0,0,0,0
0.0580644,0.0483464,0,0,0,0
0.0111272,0.0715294,0,0,0,0
-0.00393758,0.0709847,0,0,0,0
-0.0172536,0.0675764,0,0,0,0
0.00698301,0.054335,0,0,0,0
0.0155912,0.0459449,0,0,0,0
0.0331102,0.0405583,0,0,0,0
0.0409779,0.0384693,0,0,0,0
0.0574339,0.02834,0,0,0,0
0.0477657,0.025077,0,0,0,0
0.0402692,0.0211557,0,0,0,0
0.0256874,0.0100866,0,0,0,0
0.0189791,0.000920528,0,0,0,0
0.00557154,-0.00481908,0,0,0,0
-0.0151016,-0.00813141,0,0,0,0
-0.0579537,0.0135027,0,0,0,0
-0.100632,0.0330236,0,0,0,0
-0.12799,0.0612165,0,0,0,0
-0.135464,0.0708592,0,0,0,0
-0.0679287,0.0692447,0,0,0,0
0.014957,0.118669,0,0,0,0
0.0904293,0.177099,0,0,0,0
0.117941,0.187192,0,0,0,0
0.0839283,0.173201,0,0,0,0
0.0268509,0.152732,0,0,0,0
-0.00883679,0.123544,0,0,0,0
-0.0364572,0.101428,0,0,0,0
0.0149722,0.0827253,0,0,0,0
0.0535321,0.0794504,0,0,0,0
0.0845791,0.0541658,0,0,0,0
0.0792814,0.0296236,0,0,0,0
0.0356376,0.00171185,0,0,0,0
-0.0210214,-0.0364395,0,0,0,0
-0.0883206,-0.0707443,0,0,0,0
-0.117056,-0.104592,0,0,0,0
-0.0865843,-0.120363,0,0,0,0
-0.0157929,-0.124374,0,0,0,0
0.0384391,-0.112533,0,0,0,0
0.0510692,-0.0954808,0,0,0,0
0.0628235,-0.0836284,0,0,0,0
0.0377797,-0.0702673,0,0,0,0
0.00161258,-0.0604459,0,0,0,0
-0.033582,-0.0523564,0,0,0,0
-0.0752541,-0.058865,0,0,0,0
-0.101378,-0.0754271,0,0,0,0
-0.130138,-0.110902,0,0,0,0
-0.117142,-0.12229,0,0,0,0
-0.0787364,-0.136813,0,0,0,0
-0.0238762,-0.152386,0,0,0,0
0.0202781,-0.133666,0,0,0,0
-0.00905027,-0.102872,0,0,0,0
-0.0011194,-0.0929184,0,0,0,0
-0.00331943,-0.07211,0,0,0,0
0.0119084,-0.0553228,0,0,0,0
0.0342513,-0.0419932,0,0,0,0
0.0704543,-0.029565,0,0,0,0
0.115068,0.00940731,0,0,0,0
0.126445,0.0575623,0,0,0,0
0.0647902,0.090511,0,0,0,0
0.0337137,0.0983497,0,0,0,0
0.00646569,0.0929886,0,0,0,0
0.00815773,0.0700829,0,0,0,0
0.0176913,0.0576766,0,0,0,0
0.0249103,0.0460311,0,0,0,0
0.0194478,0.0397961,0,0,0,0
0.0399651,0.0277441,0,0,0,0
0.0453608,0.0220938,0,0,0,0
0.0287087,0.0154424,0,0,0,0
0.00869729,0.00615143,0,0,0,0
0.00258849,-0.00338946,0,0,0,0
0.00285393,-0.014184,0,0,0,0
-0.0206256,-0.0167129,0,0,0,0
-0.0653207,0.011604,0,0,0,0
-0.0616124,0.0210507,0,0,0,0
-0.0995177,0.0451897,0,0,0,0
-0.155154,0.0685513,0,0,0,0
-0.133338,0.0639298,0,0,0,0
-0.0329395,0.09994,0,0,0,0
0.0776692,0.149819,0,0,0,0
0.129972,0.164067,0,0,0,0
0.149007,0.15306,0,0,0,0
0.0928328,0.128222,0,0,0,0
0.0341398,0.106567,0,0,0,0
-0.00962501,0.100943,0,0,0,0
0.002279,0.0964032,0,0,0,0
0.0372714,0.103461,0,0,0,0
0.068729,0.0812339,0,0,0,0
0.0519565,0.0636478,0,0,0,0
0.0127222,0.0372191,0,0,0,0
-0.0397877,-0.00941681,0,0,0,0
-0.0752315,-0.0578826,0,0,0,0
-0.0580055,-0.10197,0,0,0,0
-0.02331,-0.136993,0,0,0,0
0.0237975,-0.157536,0,0,0,0
0.0398489,-0.146326,0,0,0,0
0.032363,-0.118338,0,0,0,0
0.0136945,-0.0954644,0,0,0,0
-0.00831655,-0.0731714,0,0,0,0
-0.0313272,-0.059466,0,0,0,0
-0.0446783,-0.0546583,0,0,0,0
-0.0677344,-0.0565022,0,0,0,0
-0.0878739,-0.0766469,0,0,0,0
-0.0936009,-0.108077,0,0,0,0
-0.0706143,-0.134771,0,0,0,0
-0.0402732,-0.153594,0,0,0,0
-0.0440679,-0.139124,0,0,0,0
-0.0020691,-0.112974,0,0,0,0
-0.0144835,-0.0897564,0,0,0,0
-0.00484402,-0.087606,0,0,0,0
0.00530892,-0.0768555,0,0,0,0
0.0314897,-0.0691367,0,0,0,0
0.0345056,-0.0446597,0,0,0,0
0.04419,0.00359107,0,0,0,0
0.0858644,0.05488,0,0,0,0
0.0839166,0.0932045,0,0,0,0
0.0375436,0.11404,0,0,0,0
0.0178666,0.107426,0,0,0,0
0.0103305,0.0857955,0,0,0,0
0.00695155,0.0736841,0,0,0,0
0.0167662,0.059439,0,0,0,0
0.0261588,0.0423745,0,0,0,0
0.0319947,0.0258,0,0,0,0
0.0351107,0.0122788,0,0,0,0
0.0381586,0.00132822,0,0,0,0
0.0138124,-0.00415062,0,0,0,0
-0.00328036,-0.0136418,0,0,0,0
-0.0113407,-0.0213921,0,0,0,0
-0.024131,-0.0250292,0,0,0,0
-0.028708,-0.0104267,0,0,0,0
-0.0643005,0.0140667,0,0,0,0
-0.0755333,0.0412715,0,0,0,0
-0.120007,0.0721334,0,0,0,0
-0.132106,0.0812494,0,0,0,0
-0.0426931,0.088525,0,0,0,0
0.00872366,0.137734,0,0,0,0
0.065942,0.186055,0,0,0,0
0.123265,0.196158,0,0,0,0
0.0760538,0.177814,0,0,0,0
0.0256546,0.137186,0,0,0,0
-0.00860057,0.100593,0,0,0,0
3.7723e-05,0.0806369,0,0,0,0
0.0237419,0.0786764,0,0,0,0
0.0404065,0.0727984,0,0,0,0
0.0681756,0.0504436,0,0,0,0
0.0550358,0.0230392,0,0,0,0
0.00548384,-0.00957195,0,0,0,0
-0.035532,-0.0456822,0,0,0,0
-0.0619001,-0.0871759,0,0,0,0
-0.0464879,-0.111239,0,0,0,0
-0.014485,-0.125269,0,0,0,0
0.0101001,-0.117082,0,0,0,0
0.0118272,-0.0961634,0,0,0,0
0.0146146,-0.0792835,0,0,0,0
0.00977541,-0.0661951,0,0,0,0
-0.00204312,-0.0610516,0,0,0,0
-0.0137904,-0.0595135,0,0,0,0
-0.0364409,-0.0605622,0,0,0,0
-0.0692956,-0.067892,0,0,0,0
-0.0875545,-0.0914392,0,0,0,0
-0.0810289,-0.112241,0,0,0,0
-0.0746687,-0.131227,0,0,0,0
-0.0597636,-0.134759,0,0,0,0
-0.02388,-0.140684,0,0,0,0
-0.0145052,-0.120554,0,0,0,0
-0.0208683,-0.0803304,0,0,0,0
-0.0228144,-0.0646835,0,0,0,0
-0.0190566,-0.0498986,0,0,0,0
0.00254059,-0.048362,0,0,0,0
0.0355502,-0.0434175,0,0,0,0
0.0748001,-0.0357485,0,0,0,0
0.114511,-0.00158095,0,0,0,0
0.108406,0.060989,0,0,0,0
0.0805061,0.079544,0,0,0,0
0.0325148,0.0959851,0,0,0,0
0.0141507,0.0897884,0,0,0,0
0.00288079,0.0695371,0,0,0,0
0.00576508,0.0574764,0,0,0,0
0.00514356,0.0423046,0,0,0,0
0.019421,0.0293319,0,0,0,0
0.0353787,0.0186631,0,0,0,0
0.0342757,0.0164204,0,0,0,0
0.03923,0.0112427,0,0,0,0
0.0273141,0.0048346,0,0,0,0
0.024337,-0.00453078,0,0,0,0
0.0188584,-0.0140287,0,0,0,0
-0.0051573,-0.0189264,0,0,0,0
-0.0525985,0.00850432,0,0,0,0
-0.0817801,0.0288532,0,0,0,0
-0.120126,0.0522864,0,0,0,0
-0.143604,0.071025,0,0,0,0
-0.0817063,0.0495226,0,0,0,0
-0.00800337,0.111523,0,0,0,0
0.0746166,0.169852,0,0,0,0
0.096287,0.190302,0,0,0,0
0.104639,0.181489,0,0,0,0
0.0444975,0.16043,0,0,0,0
-0.0188004,0.14143,0,0,0,0
-0.0368317,0.117716,0,0,0,0
-0.00713238,0.0975151,0,0,0,0
0.044752,0.0793298,0,0,0,0
0.0751305,0.0482467,0,0,0,0
0.0849706,0.0284543,0,0,0,0
0.0590204,0.00344484,0,0,0,0
-8.48286e-05,-0.0306425,0,0,0,0
-0.0516737,-0.0654385,0,0,0,0
-0.0691983,-0.0976759,0,0,0,0
-0.0587171,-0.116779,0,0,0,0
-0.0331352,-0.129465,0,0,0,0
0.0023756,-0.123061,0,0,0,0
0.0125853,-0.110532,0,0,0,0
0.00708244,-0.0951614,0,0,0,0
-0.00183428,-0.08531,0,0,0,0
-0.0142815,-0.0760268,0,0,0,0
-0.0237416,-0.0643483,0,0,0,0
-0.0486302,-0.0655001,0,0,0,0
-0.0692874,-0.0786804,0,0,0,0
-0.102659,-0.0931312,0,0,0,0
-0.103734,-0.104781,0,0,0,0
-0.0922041,-0.123848,0,0,0,0
-0.0352926,-0.135099,0,0,0,0
0.0145372,-0.126671,0,0,0,0
-0.0191948,-0.0999229,0,0,0,0
-0.0069902,-0.0958634,0,0,0,0
-0.0224616,-0.076436,0,0,0,0
0.00304666,-0.0651592,0,0,0,0
0.0316697,-0.0525186,0,0,0,0
0.0814323,-0.0236118,0,0,0,0
0.103195,0.0159142,0,0,0,0
0.0803599,0.0716982,0,0,0,0
0.0695861,0.0871807,0,0,0,0
0.0537705,0.0840108,0,0,0,0
0.0430457,0.0685975,0,0,0,0
0.02567,0.0624079,0,0,0,0
0.000996774,0.0569912,0,0,0,0
-0.00274195,0.0475452,0,0,0,0
0.0073118,0.0351226,0,0,0,0
0.0335206,0.0204902,0,0,0,0
0.0398544,0.0174414,0,0,0,0
0.0453762,0.0141652,0,0,0,0
0.0426355,0.00483797,0,0,0,0
0.0122679,0.00142727,0,0,0,0
-0.0197144,-0.00472991,0,0,0,0
-0.0545362,-0.00115033,0,0,0,0
-0.0868829,0.00987842,0,0,0,0
-0.0745966,0.0212795,0,0,0,0
-0.0996659,0.0539177,0,0,0,0
-0.102439,0.0654493,0,0,0,0
-0.0610617,0.0568137,0,0,0,0
-0.0124321,0.113811,0,0,0,0
0.05698,0.17452,0,0,0,0
0.103452,0.177905,0,0,0,0
0.105098,0.159771,0,0,0,0
0.0529063,0.135834,0,0,0,0
0.0041047,0.119794,0,0,0,0
-0.0072068,0.103477,0,0,0,0
0.0156073,0.099915,0,0,0,0
0.0627271,0.10313,0,0,0,0
0.101814,0.0731606,0,0,0,0
0.0707971,0.0456832,0,0,0,0
0.032178,0.0185177,0,0,0,0
-0.0129118,-0.0206458,0,0,0,0
-0.0476287,-0.0616356,0,0,0,0
-0.0605168,-0.0917094,0,0,0,0
-0.0440171,-0.118767,0,0,0,0
-0.018132,-0.127458,0,0,0,0
0.00670361,-0.120203,0,0,0,0
0.00782552,-0.107333,0,0,0,0
0.00912995,-0.100037,0,0,0,0
-0.00107826,-0.0913367,0,0,0,0
-0.0186431,-0.0864077,0,0,0,0
-0.0466892,-0.0856272,0,0,0,0
-0.0835012,-0.0914317,0,0,0,0
-0.0962955,-0.0995821,0,0,0,0
-0.0810199,-0.122517,0,0,0,0
-0.0782687,-0.137901,0,0,0,0
-0.0605343,-0.146322,0,0,0,0
-0.0638141,-0.126511,0,0,0,0
-0.00399337,-0.0996159,0,0,0,0
-0.0054838,-0.0843868,0,0,0,0
0.00841254,-0.0772458,0,0,0,0
0.00666124,-0.0622932,0,0,0,0
0.0138694,-0.0432952,0,0,0,0
0.0329679,-0.0267269,0,0,0,0
0.0497368,0.0107876,0,0,0,0
0.0987474,0.0526877,0,0,0,0
0.0880508,0.0788063,0,0,0,0
0.0425034,0.0908193,0,0,0,0
0.0276687,0.0875396,0,0,0,0
0.0135004,0.0835704,0,0,0,0
0.0283276,0.0654443,0,0,0,0
0.0192034,0.0544216,0,0,0,0
0.00835696,0.0413665,0,0,0,0
0.00504824,0.0229338,0,0,0,0
0.00352877,0.0144122,0,0,0,0
0.0180831,0.000132258,0,0,0,0
0.0158935,-0.00484455,0,0,0,0
0.0380412,-0.0176864,0,0,0,0
0.0369703,-0.0232684,0,0,0,0
0.0102797,-0.0200824,0,0,0,0
-0.0277465,0.00745825,0,0,0,0
-0.0695448,0.0356875,0,0,0,0
-0.107096,0.057862,0,0,0,0
-0.138293,0.079415,0,0,0,0
-0.105256,0.0716287,0,0,0,0
-0.0348146,0.1348,0,0,0,0
0.0615281,0.192594,0,0,0,0
0.108559,0.200698,0,0,0,0
0.136825,0.171885,0,0,0,0
0.0910415,0.146158,0,0,0,0
0.0217036,0.129942,0,0,0,0
-0.0452384,0.111731,0,0,0,0
-0.0174246,0.0931599,0,0,0,0
0.0413851,0.0811114,0,0,0,0
0.0872884,0.0491432,0,0,0,0
0.0553855,0.0257955,0,0,0,0
0.0150677,8.63568e-05,0,0,0,0
-0.0334026,-0.0360165,0,0,0,0
-0.0789792,-0.0731443,0,0,0,0
-0.0658951,-0.107247,0,0,0,0
-0.0426085,-0.128281,0,0,0,0
-0.00658141,-0.13395,0,0,0,0
0.034686,-0.132341,0,0,0,0
0.0380721,-0.115965,0,0,0,0
0.00631064,-0.0949648,0,0,0,0
-0.0244591,-0.0729826,0,0,0,0
-0.0411419,-0.0678024,0,0,0,0
-0.0613735,-0.0614157,0,0,0,0
-0.0762776,-0.0691479,0,0,0,0
-0.0832019,-0.0813635,0,0,0,0
-0.105419,-0.0949446,0,0,0,0
-0.0920042,-0.111803,0,0,0,0
-0.0591456,-0.133354,0,0,0,0
-0.0114624,-0.14362,0,0,0,0
-0.0158832,-0.118677,0,0,0,0
0.0196736,-0.08257,0,0,0,0
0.0113972,-0.0681175,0,0,0,0
-0.00213723,-0.0564867,0,0,0,0
0.0046905,-0.052638,0,0,0,0
0.013301,-0.039719,0,0,0,0
0.030354,-0.0285134,0,0,0,0
0.0436159,0.002799,0,0,0,0
0.0868191,0.0510602,0,0,0,0
0.0678607,0.0764544,0,0,0,0
0.0290593,0.0858384,0,0,0,0
0.0152609,0.0809069,0,0,0,0
0.00837832,0.0674051,0,0,0,0
-0.00292134,0.0597127,0,0,0,0
0.00381307,0.0453145,0,0,0,0
0.0111809,0.0358869,0,0,0,0
0.0307708,0.0150388,0,0,0,0
0.0228601,0.00938607,0,0,0,0
0.0250787,-0.000389452,0,0,0,0
0.00321311,-0.00292808,0,0,0,0
0.01175,-0.01375,0,0,0,0
0.003284,-0.0189057,0,0,0,0
-0.012199,-0.0189961,0,0,0,0
-0.0394278,0.00546935,0,0,0,0
-0.0893841,0.0287915,0,0,0,0
-0.12814,0.0578291,0,0,0,0
-0.147323,0.0760647,0,0,0,0
-0.116368,0.0698929,0,0,0,0
0.0104812,0.076733,0,0,0,0
0.0805001,0.129362,0,0,0,0
0.11344,0.189685,0,0,0,0
0.141466,0.195983,0,0,0,0
0.0814452,0.171021,0,0,0,0
0.00794768,0.136097,0,0,0,0
-0.0576595,0.106995,0,0,0,0
-0.0497965,0.0828105,0,0,0,0
-0.0137313,0.0753657,0,0,0,0
0.0197714,0.0674883,0,0,0,0
0.0552937,0.0436939,0,0,0,0
0.0674574,0.0130361,0,0,0,0
0.0251812,-0.0187435,0,0,0,0
-0.0180206,-0.0487808,0,0,0,0
-0.0425658,-0.0752021,0,0,0,0
-0.0501099,-0.0891915,0,0,0,0
-0.0266362,-0.0957054,0,0,0,0
0.0016874,-0.0927198,0,0,0,0
0.0178134,-0.0786828,0,0,0,0
0.0136302,-0.0687938,0,0,0,0
0.00547712,-0.0651379,0,0,0,0
-0.00299325,-0.061115,0,0,0,0
-0.0221351,-0.0620269,0,0,0,0
-0.042657,-0.0679435,0,0,0,0
-0.0755031,-0.0745953,0,0,0,0
-0.0939283,-0.0887429,0,0,0,0
-0.0780955,-0.11378,0,0,0,0
-0.0596024,-0.134852,0,0,0,0
-0.0465562,-0.147615,0,0,0,0
-0.0432168,-0.138119,0,0,0,0
-0.0133822,-0.116334,0,0,0,0
-0.0339135,-0.102001,0,0,0,0
-0.0386785,-0.0937108,0,0,0,0
-0.0320865,-0.0821889,0,0,0,0
-0.0119578,-0.0605236,0,0,0,0
0.0315228,-0.0299144,0,0,0,0
0.0816984,0.014922,0,0,0,0
0.135221,0.0735156,0,0,0,0
0.10996,0.119197,0,0,0,0
0.0599937,0.127043,0,0,0,0
0.0183541,0.117011,0,0,0,0
0.00175195,0.0886457,0,0,0,0
-0.00600489,0.0565951,0,0,0,0
-0.017074,0.0336725,0,0,0,0
-0.0187402,0.0152004,0,0,0,0
0.00300545,-0.00172639,0,0,0,0
0.00356378,-0.00908243,0,0,0,0
0.0102298,-0.0214053,0,0,0,0
0.0121094,-0.0266261,0,0,0,0
0.0185368,-0.0276073,0,0,0,0
0.021016,-0.0242285,0,0,0,0
0.00413899,-0.0125125,0,0,0,0
-0.0205918,0.0179118,0,0,0,0
-0.0594884,0.0468183,0,0,0,0
-0.0998041,0.0726425,0,0,0,0
-0.13354,0.093014,0,0,0,0
-0.0930631,0.0835193,0,0,0,0
-0.0133379,0.12998,0,0,0,0
0.0723094,0.178049,0,0,0,0
0.0845665,0.188521,0,0,0,0
0.128222,0.174917,0,0,0,0
0.0747491,0.149407,0,0,0,0
0.0123494,0.128368,0,0,0,0
-0.0118423,0.101465,0,0,0,0
-0.0188191,0.0841178,0,0,0,0
0.028176,0.0706443,0,0,0,0
0.0546386,0.0425719,0,0,0,0
0.0743147,0.022148,0,0,0,0
0.0559057,-0.00821704,0,0,0,0
-0.0128633,-0.039776,0,0,0,0
-0.0644307,-0.0744365,0,0,0,0
-0.0680544,-0.100895,0,0,0,0
-0.035989,-0.116323,0,0,0,0
0.00450727,-0.120618,0,0,0,0
0.0366554,-0.109751,0,0,0,0
0.0388919,-0.0891594,0,0,0,0
0.0271763,-0.0673973,0,0,0,0
0.0120047,-0.055846,0,0,0,0
-0.0196859,-0.0480974,0,0,0,0
-0.0462345,-0.0470299,0,0,0,0
-0.0762949,-0.0553403,0,0,0,0
-0.0845103,-0.0712049,0,0,0,0
-0.108046,-0.0983711,0,0,0,0
-0.101367,-0.117514,0,0,0,0
-0.052341,-0.145817,0,0,0,0
-0.00592081,-0.16212,0,0,0,0
0.0380527,-0.152176,0,0,0,0
-0.0187689,-0.127547,0,0,0,0
-0.0362317,-0.124316,0,0,0,0
-0.0605683,-0.102971,0,0,0,0
-0.0248812,-0.0921046,0,0,0,0
0.00892704,-0.0709029,0,0,0,0
0.0556266,-0.030166,0,0,0,0
0.0798094,0.0284856,0,0,0,0
0.0510931,0.0746464,0,0,0,0
0.0448181,0.102363,0,0,0,0
0.032081,0.110117,0,0,0,0
0.0186547,0.114742,0,0,0,0
0.0044335,0.0994618,0,0,0,0
-0.00210991,0.0846226,0,0,0,0
-0.00549663,0.0757348,0,0,0,0
0.00290863,0.0465851,0,0,0,0
0.0184926,0.0247109,0,0,0,0
0.0279952,0.00115227,0,0,0,0
0.0321229,-0.0147268,0,0,0,0
0.0323431,-0.0246173,0,0,0,0
0.0202198,-0.0297472,0,0,0,0
-0.00366631,-0.0317728,0,0,0,0
-0.0367093,-0.0197306,0,0,0,0
-0.0725805,0.00342027,0,0,0,0
-0.0773018,0.0322468,0,0,0,0
-0.120454,0.0725624,0,0,0,0
-0.0987417,0.0687202,0,0,0,0
0.00316628,0.0619775,0,0,0,0
0.0275739,0.115649,0,0,0,0
0.0690404,0.175791,0,0,0,0
0.111925,0.182942,0,0,0,0
0.0547259,0.168758,0,0,0,0
0.00793493,0.130062,0,0,0,0
-0.0322826,0.0970036,0,0,0,0
-0.0157784,0.0779174,0,0,0,0
0.0123804,0.0771016,0,0,0,0
0.0338728,0.072652,0,0,0,0
0.0701179,0.0557338,0,0,0,0
0.0568776,0.0324811,0,0,0,0
0.0117171,0.00136582,0,0,0,0
-0.0408087,-0.0330775,0,0,0,0
-0.0595092,-0.0683846,0,0,0,0
-0.0426196,-0.0934938,0,0,0,0
-0.0124269,-0.11192,0,0,0,0
0.0186181,-0.116804,0,0,0,0
0.0155631,-0.10362,0,0,0,0
0.0051313,-0.0813862,0,0,0,0
0.00265215,-0.0669636,0,0,0,0
-0.00352904,-0.0557475,0,0,0,0
-0.00434895,-0.0475401,0,0,0,0
-0.0115468,-0.0442168,0,0,0,0
-0.0304691,-0.0430694,0,0,0,0
-0.0528256,-0.0511607,0,0,0,0
-0.0846943,-0.0582705,0,0,0,0
-0.0813004,-0.0706892,0,0,0,0
-0.0701125,-0.0970371,0,0,0,0
-0.0383111,-0.110205,0,0,0,0
-0.0327671,-0.112267,0,0,0,0
-0.00987824,-0.115316,0,0,0,0
-0.0286617,-0.104406,0,0,0,0
-0.0407458,-0.0979469,0,0,0,0
-0.0327656,-0.0920334,0,0,0,0
0.00679848,-0.0851332,0,0,0,0
0.0398336,-0.0509429,0,0,0,0
0.100568,-0.017386,0,0,0,0
0.0951879,0.0557953,0,0,0,0
0.0834613,0.0858916,0,0,0,0
0.0408292,0.101838,0,0,0,0
0.0140714,0.103486,0,0,0,0
-0.0141752,0.0893693,0,0,0,0
-0.0123368,0.0659147,0,0,0,0
-0.0195615,0.0474175,0,0,0,0
-0.0259531,0.0296205,0,0,0,0
-0.0144064,0.010154,0,0,0,0
0.00268399,-0.0010204,0,0,0,0
0.0240775,-0.0103373,0,0,0,0
0.0478588,-0.0197102,0,0,0,0
0.0314096,-0.0227631,0,0,0,0
0.016246,-0.0228256,0,0,0,0
-0.0221411,-0.0113878,0,0,0,0
-0.0697394,0.0217615,0,0,0,0
-0.0966724,0.0553891,0,0,0,0
-0.128529,0.0827144,0,0,0,0
-0.131856,0.101486,0,0,0,0
-0.102794,0.0823835,0,0,0,0
-0.0133964,0.0999509,0,0,0,0
0.0518701,0.142606,0,0,0,0
0.0771282,0.161404,0,0,0,0
0.0770063,0.154229,0,0,0,0
0.0406325,0.138272,0,0,0,0
-0.00143362,0.103047,0,0,0,0
-0.0244841,0.0767797,0,0,0,0
-0.0340681,0.0679617,0,0,0,0
0.00274386,0.0629711,0,0,0,0
0.0488425,0.0370135,0,0,0,0
0.0497073,0.0235889,0,0,0,0
0.0237175,-0.000389497,0,0,0,0
-0.0101332,-0.0329895,0,0,0,0
-0.0322424,-0.0717434,0,0,0,0
-0.033981,-0.0987135,0,0,0,0
-0.0259326,-0.110345,0,0,0,0
-0.0103948,-0.103184,0,0,0,0
0.011393,-0.0896936,0,0,0,0
0.0169196,-0.0752091,0,0,0,0
0.0159265,-0.0666444,0,0,0,0
0.0107671,-0.0603037,0,0,0,0
-0.00966731,-0.0507372,0,0,0,0
-0.024406,-0.0462454,0,0,0,0
-0.048522,-0.0508687,0,0,0,0
-0.0536537,-0.0653175,0,0,0,0
-0.0749283,-0.0954867,0,0,0,0
-0.0748446,-0.12453,0,0,0,0
-0.0514876,-0.135889,0,0,0,0
-0.0252514,-0.140508,0,0,0,0
0.00542068,-0.13151,0,0,0,0
-0.0176053,-0.1065,0,0,0,0
-0.00549283,-0.10555,0,0,0,0
-0.0159499,-0.0863203,0,0,0,0
0.00659728,-0.07532,0,0,0,0
0.0398837,-0.0537817,0,0,0,0
0.0702914,-0.011723,0,0,0,0
0.111063,0.0311477,0,0,0,0
0.0950729,0.0701706,0,0,0,0
0.0689354,0.094379,0,0,0,0
0.0397967,0.101491,0,0,0,0
0.00524263,0.0902983,0,0,0,0
-0.0120746,0.0761959,0,0,0,0
-0.0190311,0.0601511,0,0,0,0
-0.0150247,0.0458404,0,0,0,0
-0.0138925,0.0262598,0,0,0,0
-0.00142669,0.0122705,0,0,0,0
0.0158343,-0.00192698,0,0,0,0
0.0427841,-0.0156168,0,0,0,0
0.0630835,-0.0289087,0,0,0,0
0.064661,-0.0323507,0,0,0,0
0.0374221,-0.0188756,0,0,0,0
-0.0109745,0.00129195,0,0,0,0
-0.0775145,0.0323813,0,0,0,0
-0.107156,0.0611803,0,0,0,0
-0.151295,0.0868994,0,0,0,0
-0.183797,0.104068,0,0,0,0
-0.0789638,0.0758501,0,0,0,0
-0.0132114,0.108543,0,0,0,0
0.0669851,0.141865,0,0,0,0
0.0898506,0.157811,0,0,0,0
0.0849371,0.13539,0,0,0,0
0.0143682,0.108069,0,0,0,0
-0.0198506,0.0697888,0,0,0,0
-0.0161525,0.0364657,0,0,0,0
6.28741e-05,0.0230465,0,0,0,0
-0.0140662,0.0190105,0,0,0,0
0.00436708,0.0194407,0,0,0,0
0.00986194,0.00676454,0,0,0,0
-0.00890552,-0.00786232,0,0,0,0
-0.0255597,-0.0331842,0,0,0,0
-0.0285173,-0.0570179,0,0,0,0
-0.0163284,-0.0677869,0,0,0,0
0.00601997,-0.072312,0,0,0,0
0.0253655,-0.066901,0,0,0,0
0.0160071,-0.0493085,0,0,0,0
0.00648216,-0.0416162,0,0,0,0
-0.0113789,-0.0383564,0,0,0,0
-0.0140839,-0.0395351,0,0,0,0
-0.0210112,-0.0424838,0,0,0,0
-0.0344076,-0.0540924,0,0,0,0
-0.0508227,-0.0758296,0,0,0,0
-0.0679645,-0.111161,0,0,0,0
-0.0531182,-0.136358,0,0,0,0
-0.0439511,-0.162185,0,0,0,0
-0.0241393,-0.160596,0,0,0,0
-0.0150878,-0.150547,0,0,0,0
-0.00133032,-0.105834,0,0,0,0
0.0061324,-0.0959213,0,0,0,0
0.00298049,-0.079665,0,0,0,0
0.0178418,-0.0691324,0,0,0,0
0.0381379,-0.0599322,0,0,0,0
0.0774665,-0.0536416,0,0,0,0
0.0986765,0.0021599,0,0,0,0
0.0798761,0.0746727,0,0,0,0
0.0615783,0.091146,0,0,0,0
0.0268548,0.10262,0,0,0,0
-0.00331994,0.0906857,0,0,0,0
-0.0189986,0.0654068,0,0,0,0
-0.0271789,0.0559348,0,0,0,0
-0.0346245,0.0551841,0,0,0,0
-0.0342733,0.0473662,0,0,0,0
0.00255714,0.0294052,0,0,0,0
0.0228204,0.0226947,0,0,0,0
0.0622869,0.0170124,0,0,0,0
0.0570562,0.0258342,0,0,0,0
0.0433992,0.0326125,0,0,0,0
0.00634252,0.040714,0,0,0,0
-0.0384312,0.048389,0,0,0,0
-0.106387,0.0709378,0,0,0,0
-0.105936,0.0716161,0,0,0,0
-0.126277,0.082204,0,0,0,0
-0.129803,0.0941096,0,0,0,0
-0.150462,0.101123,0,0,0,0
-0.0950291,0.0804206,0,0,0,0
-0.0317217,0.112042,0,0,0,0
0.066021,0.13684,0,0,0,0
0.117352,0.13216,0,0,0,0
0.100125,0.109122,0,0,0,0
0.0648571,0.0817468,0,0,0,0
0.0218106,0.0610316,0,0,0,0
0.0297502,0.0572756,0,0,0,0
0.0401671,0.0568966,0,0,0,0
0.0548663,0.0518244,0,0,0,0
0.0131185,0.0287177,0,0,0,0
-0.0189483,-0.00351715,0,0,0,0
-0.0345471,-0.0376846,0,0,0,0
-0.0305688,-0.0709549,0,0,0,0
-0.0114151,-0.102636,0,0,0,0
0.0182907,-0.109219,0,0,0,0
0.0491123,-0.0965465,0,0,0,0
0.0794901,-0.0780306,0,0,0,0
0.080621,-0.0567449,0,0,0,0
0.0559583,-0.0350207,0,0,0,0
0.0231845,-0.0237118,0,0,0,0
-0.00622113,-0.0194756,0,0,0,0
-0.0335857,-0.0186628,0,0,0,0
-0.0381909,-0.0268829,0,0,0,0
-0.0452772,-0.044828,0,0,0,0
-0.0547369,-0.0834609,0,0,0,0
-0.0296419,-0.111056,0,0,0,0
-0.0112723,-0.142389,0,0,0,0
0.00382007,-0.162622,0,0,0,0
0.00994669,-0.166805,0,0,0,0
0.0482104,-0.167698,0,0,0,0
-0.00807985,-0.137701,0,0,0,0
-0.0227489,-0.132096,0,0,0,0
0.00214015,-0.123745,0,0,0,0
0.0418116,-0.0966482,0,0,0,0
0.0791285,-0.0536693,0,0,0,0
0.130091,0.0116145,0,0,0,0
0.126543,0.0877324,0,0,0,0
0.141772,0.119059,0,0,0,0
0.142393,0.128204,0,0,0,0
0.117087,0.124525,0,0,0,0
0.103403,0.115844,0,0,0,0
0.0767506,0.100403,0,0,0,0
0.0501238,0.0934605,0,0,0,0
0.0206353,0.0841802,0,0,0,0
-0.00253946,0.0593923,0,0,0,0
0.00110816,0.0435046,0,0,0,0
0.0268282,0.0292695,0,0,0,0
0.0344798,0.0146307,0,0,0,0
0.0325093,0.00123164,0,0,0,0
0.0207049,-0.0104872,0,0,0,0
-0.00994286,-0.0181575,0,0,0,0
-0.030679,-0.0156316,0,0,0,0
-0.0579393,-0.00930306,0,0,0,0
-0.0760094,-0.000134664,0,0,0,0
-0.101752,0.0160616,0,0,0,0
-0.093144,0.0190975,0,0,0,0
0.00657706,0.0373096,0,0,0,0
0.038933,0.0930703,0,0,0,0
0.0587706,0.14772,0,0,0,0
0.0863383,0.137701,0,0,0,0
0.0435686,0.127459,0,0,0,0
0.00952754,0.104089,0,0,0,0
-0.0123341,0.0955465,0,0,0,0
-0.0113298,0.104073,0,0,0,0
0.0209606,0.10659,0,0,0,0
0.0557364,0.0857096,0,0,0,0
0.0735279,0.0703677,0,0,0,0
0.0646184,0.0516372,0,0,0,0
0.00999714,0.0154329,0,0,0,0
-0.0326526,-0.0338886,0,0,0,0
-0.0471085,-0.0756314,0,0,0,0
-0.0365148,-0.105792,0,0,0,0
-0.00889191,-0.123416,0,0,0,0
0.0269503,-0.113982,0,0,0,0
0.0346689,-0.0932271,0,0,0,0
0.0286396,-0.076385,0,0,0,0
0.0146353,-0.0618014,0,0,0,0
-0.000112577,-0.0581419,0,0,0,0
-0.0235966,-0.0566651,0,0,0,0
-0.0537428,-0.0613095,0,0,0,0
-0.0737844,-0.0727399,0,0,0,0
-0.098066,-0.0972003,0,0,0,0
-0.0991829,-0.118063,0,0,0,0
-0.0701505,-0.14153,0,0,0,0
-0.0388432,-0.150575,0,0,0,0
0.0146196,-0.153312,0,0,0,0
-0.0126056,-0.129329,0,0,0,0
-0.0202523,-0.111734,0,0,0,0
-0.0298115,-0.0876669,0,0,0,0
-0.0112564,-0.0737384,0,0,0,0
0.0315693,-0.0524071,0,0,0,0
0.0953621,-0.0120353,0,0,0,0
0.145037,0.0343543,0,0,0,0
0.125501,0.0952002,0,0,0,0
0.130588,0.10398,0,0,0,0
0.0898411,0.101342,0,0,0,0
0.0619689,0.0762918,0,0,0,0
0.0419122,0.0631347,0,0,0,0
0.0111139,0.0541735,0,0,0,0
-0.00827822,0.0488001,0,0,0,0
-0.0104229,0.0377075,0,0,0,0
0.0108639,0.0173326,0,0,0,0
0.0273217,0.00907056,0,0,0,0
0.0262526,0.0164796,0,0,0,0
0.0218584,0.00969055,0,0,0,0
0.0287966,0.00726643,0,0,0,0
0.0330209,0.0030258,0,0,0,0
0.0193657,-0.000366234,0,0,0,0
-0.0419383,0.0194405,0,0,0,0
-0.0901138,0.0251566,0,0,0,0
-0.128747,0.0392218,0,0,0,0
-0.129235,0.0459778,0,0,0,0
-0.100051,0.0543478,0,0,0,0
-0.0330659,0.0855423,0,0,0,0
0.0335436,0.130817,0,0,0,0
0.0585945,0.168081,0,0,0,0
0.0966098,0.158215,0,0,0,0
0.0782028,0.139311,0,0,0,0
0.0260109,0.110843,0,0,0,0
-0.0207301,0.0916284,0,0,0,0
-0.0198744,0.0810201,0,0,0,0
0.0178791,0.0798015,0,0,0,0
0.042238,0.0649372,0,0,0,0
0.0368762,0.0430669,0,0,0,0
0.0242458,0.00779538,0,0,0,0
-0.00656853,-0.0316156,0,0,0,0
-0.022328,-0.0688705,0,0,0,0
-0.0175705,-0.0944059,0,0,0,0
0.00263452,-0.109721,0,0,0,0
0.0217882,-0.101691,0,0,0,0
0.0373605,-0.0777828,0,0,0,0
0.0429066,-0.0627751,0,0,0,0
0.00467181,-0.0487907,0,0,0,0
-0.0165435,-0.0422778,0,0,0,0
-0.0434969,-0.0380945,0,0,0,0
-0.0548188,-0.0475932,0,0,0,0
-0.0583489,-0.0611252,0,0,0,0
-0.0751239,-0.0879164,0,0,0,0
-0.0821799,-0.12447,0,0,0,0
-0.0779502,-0.151878,0,0,0,0
-0.0545985,-0.161495,0,0,0,0
-0.0285638,-0.149272,0,0,0,0
-0.0209875,-0.131659,0,0,0,0
-0.0337091,-0.111445,0,0,0,0
-0.0383552,-0.0961528,0,0,0,0
-0.0247271,-0.0871081,0,0,0,0
0.0146721,-0.0822285,0,0,0,0
0.0530597,-0.0455712,0,0,0,0
0.0808292,0.00820932,0,0,0,0
0.106693,0.068298,0,0,0,0
0.109184,0.103737,0,0,0,0
0.0584284,0.110017,0,0,0,0
0.034808,0.105423,0,0,0,0
0.0105525,0.0955103,0,0,0,0
0.00129551,0.0841499,0,0,0,0
0.00854738,0.0655234,0,0,0,0
0.000778597,0.0471318,0,0,0,0
-0.00308656,0.0181594,0,0,0,0
0.00424337,0.00159568,0,0,0,0
0.0308717,-0.0138116,0,0,0,0
0.0324866,-0.0202548,0,0,0,0
0.0424231,-0.0259966,0,0,0,0
0.0156996,-0.0212887,0,0,0,0
-0.0178643,-0.0096439,0,0,0,0
-0.0429952,0.00740438,0,0,0,0
-0.0937297,0.0243743,0,0,0,0
-0.131526,0.0418345,0,0,0,0
-0.148355,0.0613078,0,0,0,0
-0.120866,0.0560961,0,0,0,0
-0.015221,0.0619989,0,0,0,0
0.0361592,0.119329,0,0,0,0
0.0657204,0.16708,0,0,0,0
0.102774,0.165777,0,0,0,0
0.0727968,0.150811,0,0,0,0
0.0285145,0.121345,0,0,0,0
-0.00558611,0.102165,0,0,0,0
-0.0111381,0.0953101,0,0,0,0
-0.003454,0.0972719,0,0,0,0
0.0135837,0.0909757,0,0,0,0
0.0463427,0.0595313,0,0,0,0
0.0344656,0.0290816,0,0,0,0
-0.00172059,-0.00975142,0,0,0,0
-0.0193359,-0.0506758,0,0,0,0
-0.0308239,-0.0928693,0,0,0,0
-0.0196178,-0.11017,0,0,0,0
-0.00725052,-0.113406,0,0,0,0
0.00106947,-0.103444,0,0,0,0
0.000679264,-0.087574,0,0,0,0
-0.00206244,-0.0736096,0,0,0,0
-0.00471096,-0.0551637,0,0,0,0
-0.00744915,-0.0494921,0,0,0,0
-0.00827386,-0.0488183,0,0,0,0
-0.00842401,-0.0495794,0,0,0,0
-0.0444379,-0.0573143,0,0,0,0
-0.0768406,-0.0705618,0,0,0,0
-0.0986431,-0.0995539,0,0,0,0
-0.103965,-0.127507,0,0,0,0
-0.0815496,-0.151896,0,0,0,0
-0.0293719,-0.159814,0,0,0,0
-0.00954586,-0.151284,0,0,0,0
-0.0106228,-0.108312,0,0,0,0
-0.00982817,-0.0953514,0,0,0,0
-0.00144776,-0.0822405,0,0,0,0
0.0320429,-0.0755369,0,0,0,0
0.0601,-0.0564591,0,0,0,0
0.105213,-0.029035,0,0,0,0
0.118904,0.021868,0,0,0,0
0.0861448,0.0811879,0,0,0,0
0.0869105,0.0923105,0,0,0,0
0.0676857,0.0926625,0,0,0,0
0.0311247,0.0880873,0,0,0,0
-0.0139817,0.0817738,0,0,0,0
-0.026805,0.0659125,0,0,0,0
-0.0279258,0.0518068,0,0,0,0
-0.0271155,0.0413359,0,0,0,0
-0.017155,0.0224461,0,0,0,0
-0.000640154,0.0177394,0,0,0,0
0.0160927,0.0148825,0,0,0,0
0.024108,0.0022234,0,0,0,0
0.0421778,-0.00700443,0,0,0,0
0.0422179,-0.0140923,0,0,0,0
-0.00159291,-0.0032178,0,0,0,0
-0.0595805,0.0263076,0,0,0,0
-0.107667,0.0389957,0,0,0,0
-0.136927,0.0629876,0,0,0,0
-0.157917,0.0814494,0,0,0,0
-0.106681,0.0601123,0,0,0,0
-0.0346792,0.107213,0,0,0,0
0.0736045,0.167729,0,0,0,0
0.109492,0.184804,0,0,0,0
0.127534,0.179907,0,0,0,0
0.0780169,0.154886,0,0,0,0
0.00664229,0.119258,0,0,0,0
-0.0365174,0.0931589,0,0,0,0
-0.0238079,0.0756747,0,0,0,0
0.0150074,0.0677779,0,0,0,0
0.0617975,0.0341209,0,0,0,0
0.056116,0.0138403,0,0,0,0
0.0227912,-0.0132511,0,0,0,0
-0.0260605,-0.0419782,0,0,0,0
-0.0431273,-0.0751593,0,0,0,0
-0.0500649,-0.102813,0,0,0,0
-0.0340645,-0.11185,0,0,0,0
0.00595709,-0.10458,0,0,0,0
0.0264912,-0.0820974,0,0,0,0
0.0334462,-0.0652286,0,0,0,0
0.0172864,-0.0517424,0,0,0,0
-0.011474,-0.0439461,0,0,0,0
-0.0366177,-0.0447846,0,0,0,0
-0.0716987,-0.0518657,0,0,0,0
-0.0905788,-0.0708095,0,0,0,0
-0.114586,-0.0980385,0,0,0,0
-0.116842,-0.121214,0,0,0,0
-0.0850378,-0.149675,0,0,0,0
-0.0450497,-0.16397,0,0,0,0
-0.0184619,-0.161323,0,0,0,0
-0.0186245,-0.154772,0,0,0,0
-0.0316799,-0.121088,0,0,0,0
-0.0587213,-0.101731,0,0,0,0
-0.0610389,-0.0840864,0,0,0,0
-0.032959,-0.0691345,0,0,0,0
0.0203032,-0.0450102,0,0,0,0
0.0665672,0.00409656,0,0,0,0
0.0985612,0.0658535,0,0,0,0
0.0752756,0.118619,0,0,0,0
0.0713404,0.137602,0,0,0,0
0.0578674,0.136862,0,0,0,0
0.0170641,0.128822,0,0,0,0
-0.0191014,0.102296,0,0,0,0
-0.0367664,0.0637157,0,0,0,0
-0.0546912,0.040348,0,0,0,0
-0.0585698,0.0159557,0,0,0,0
-0.0291589,-0.00468367,0,0,0,0
0.0130513,-0.0202258,0,0,0,0
0.0459544,-0.0251487,0,0,0,0
0.0607775,-0.0273562,0,0,0,0
0.0254596,-0.0129879,0,0,0,0
-0.0283021,0.00261455,0,0,0,0
-0.0669466,0.0207889,0,0,0,0
-0.120468,0.0443113,0,0,0,0
-0.133321,0.0582929,0,0,0,0
-0.164705,0.0763883,0,0,0,0
-0.185859,0.0728468,0,0,0,0
-0.118906,0.0434855,0,0,0,0
-0.0681231,0.0890672,0,0,0,0
0.0201942,0.13454,0,0,0,0
0.0597338,0.149934,0,0,0,0
0.0508924,0.139647,0,0,0,0
0.0336171,0.10949,0,0,0,0
0.00546041,0.0731135,0,0,0,0
0.012874,0.0516662,0,0,0,0
0.0146875,0.0457644,0,0,0,0
0.0015109,0.0313164,0,0,0,0
0.00668005,0.0249651,0,0,0,0
0.00528568,0.00948981,0,0,0,0
-0.00854576,-0.0153933,0,0,0,0
-0.0116164,-0.0501982,0,0,0,0
-0.0117536,-0.0745551,0,0,0,0
-0.00612081,-0.0773224,0,0,0,0
-0.00200489,-0.0699825,0,0,0,0
0.00164584,-0.0548568,0,0,0,0
-0.00758666,-0.0458664,0,0,0,0
-0.0142394,-0.0444279,0,0,0,0
-0.00641524,-0.0539296,0,0,0,0
-0.00433647,-0.061018,0,0,0,0
0.00253738,-0.0639763,0,0,0,0
-0.00853748,-0.0704513,0,0,0,0
-0.0283003,-0.0815137,0,0,0,0
-0.0502831,-0.098553,0,0,0,0
-0.0570449,-0.114885,0,0,0,0
-0.0564427,-0.142773,0,0,0,0
-0.0580325,-0.141817,0,0,0,0
-0.0467539,-0.135017,0,0,0,0
-0.0351663,-0.135483,0,0,0,0
-0.0385536,-0.115579,0,0,0,0
-0.0187562,-0.10164,0,0,0,0
0.0255991,-0.0927262,0,0,0,0
0.0711993,-0.0693397,0,0,0,0
0.140146,-0.0354704,0,0,0,0
0.171015,0.0191081,0,0,0,0
0.125719,0.0963244,0,0,0,0
0.101748,0.114253,0,0,0,0
0.0471652,0.126457,0,0,0,0
-0.0220737,0.118593,0,0,0,0
-0.049453,0.0930832,0,0,0,0
-0.0705974,0.0592918,0,0,0,0
-0.0552501,0.0341291,0,0,0,0
-0.0346483,0.019228,0,0,0,0
0.00388178,0.000809808,0,0,0,0
0.0478853,-0.0149661,0,0,0,0
0.104075,-0.0121339,0,0,0,0
0.0940723,0.0124667,0,0,0,0
0.0689944,0.0381084,0,0,0,0
0.02148,0.0589764,0,0,0,0
-0.0298647,0.0753796,0,0,0,0
-0.0976094,0.104802,0,0,0,0
-0.139849,0.110179,0,0,0,0
-0.13741,0.108252,0,0,0,0
-0.12114,0.108028,0,0,0,0
-0.105198,0.114398,0,0,0,0
-0.0690915,0.103101,0,0,0,0
-0.00733272,0.102748,0,0,0,0
0.0366515,0.113257,0,0,0,0
0.0681971,0.116498,0,0,0,0
0.052619,0.091147,0,0,0,0
0.0180248,0.0643682,0,0,0,0
-0.0109521,0.037654,0,0,0,0
-0.00590872,0.0148051,0,0,0,0
0.0201697,0.00652018,0,0,0,0
0.052034,-0.0169064,0,0,0,0
0.030521,-0.0191713,0,0,0,0
0.00109317,-0.030617,0,0,0,0
-0.036987,-0.0435569,0,0,0,0
-0.0682695,-0.0574327,0,0,0,0
-0.0585528,-0.0753219,0,0,0,0
-0.00580811,-0.0831671,0,0,0,0
0.0410324,-0.07499,0,0,0,0
0.0751631,-0.0570983,0,0,0,0
0.0916579,-0.0383539,0,0,0,0
0.0895593,-0.0267453,0,0,0,0
0.0770727,-0.0192526,0,0,0,0
0.0463797,-0.0167436,0,0,0,0
0.0164532,-0.0204824,0,0,0,0
-0.0177222,-0.0314413,0,0,0,0
-0.051861,-0.0476126,0,0,0,0
-0.0668086,-0.0762077,0,0,0,0
-0.0672259,-0.112917,0,0,0,0
-0.0658287,-0.144666,0,0,0,0
-0.0330175,-0.165276,0,0,0,0
-0.0233057,-0.160467,0,0,0,0
0.028274,-0.165154,0,0,0,0
0.0160156,-0.141205,0,0,0,0
0.0222168,-0.139632,0,0,0,0
0.0171165,-0.120973,0,0,0,0
0.0414487,-0.102013,0,0,0,0
0.0771533,-0.0674597,0,0,0,0
0.102165,-0.0168139,0,0,0,0
0.121288,0.059039,0,0,0,0
0.113154,0.0887202,0,0,0,0
0.0659054,0.11251,0,0,0,0
0.045094,0.120476,0,0,0,0
0.0436427,0.113984,0,0,0,0
0.054145,0.105887,0,0,0,0
0.0498554,0.0904434,0,0,0,0
0.0294161,0.0806639,0,0,0,0
0.0222235,0.0686432,0,0,0,0
0.0441407,0.0476148,0,0,0,0
0.042494,0.0334023,0,0,0,0
0.0410672,0.0240778,0,0,0,0
0.0428516,0.0119323,0,0,0,0
0.0449132,0.00242855,0,0,0,0
0.0175403,0.00141265,0,0,0,0
-0.0148069,0.00387908,0,0,0,0
-0.0556737,0.02133,0,0,0,0
-0.0726163,0.0351171,0,0,0,0
-0.0790589,0.0503794,0,0,0,0
-0.0832731,0.0718994,0,0,0,0
-0.0572247,0.0815798,0,0,0,0
-0.000701642,0.09451,0,0,0,0
0.0519439,0.132177,0,0,0,0
0.0637676,0.172983,0,0,0,0
0.0597698,0.139854,0,0,0,0
0.0197409,0.108673,0,0,0,0
0.00597951,0.0878719,0,0,0,0
0.0487635,0.0697458,0,0,0,0
0.0806818,0.0605771,0,0,0,0
0.0680277,0.060403,0,0,0,0
0.0660993,0.0555405,0,0,0,0
0.0441458,0.0363933,0,0,0,0
-0.00915337,0.00225674,0,0,0,0
-0.0367013,-0.0401629,0,0,0,0
-0.0415216,-0.083317,0,0,0,0
-0.0142723,-0.115362,0,0,0,0
0.0299412,-0.117162,0,0,0,0
0.0668685,-0.104773,0,0,0,0
0.0969115,-0.0815418,0,0,0,0
0.0785151,-0.0563458,0,0,0,0
0.0618219,-0.0494333,0,0,0,0
0.0283819,-0.0483199,0,0,0,0
-0.0138917,-0.0475844,0,0,0,0
-0.0573743,-0.0479562,0,0,0,0
-0.0622216,-0.0603661,0,0,0,0
-0.058775,-0.076043,0,0,0,0
-0.0400817,-0.10047,0,0,0,0
-0.043947,-0.118403,0,0,0,0
-0.0483672,-0.123909,0,0,0,0
-0.0499676,-0.113099,0,0,0,0
-0.018045,-0.125697,0,0,0,0
-0.0275216,-0.10903,0,0,0,0
-0.00738314,-0.111083,0,0,0,0
0.0177604,-0.100397,0,0,0,0
0.049261,-0.0851852,0,0,0,0
0.0942519,-0.0544606,0,0,0,0
0.128847,-0.00177561,0,0,0,0
0.155344,0.0580181,0,0,0,0
0.130535,0.0794815,0,0,0,0
0.0759781,0.0910627,0,0,0,0
0.0459284,0.0895286,0,0,0,0
0.0500723,0.0786447,0,0,0,0
0.0322959,0.0740621,0,0,0,0
0.0117842,0.0662145,0,0,0,0
-0.0099412,0.0566211,0,0,0,0
-0.0298011,0.043571,0,0,0,0
-0.0175281,0.0344727,0,0,0,0
0.0227348,0.0186936,0,0,0,0
0.0245802,0.00590945,0,0,0,0
0.0243968,-0.00566635,0,0,0,0
0.0203939,-0.0152302,0,0,0,0
-0.0124537,-0.0179344,0,0,0,0
-0.0425938,-0.00608506,0,0,0,0
-0.099185,0.00550552,0,0,0,0
-0.112469,0.0125512,0,0,0,0
-0.13175,0.0358839,0,0,0,0
-0.134,0.045269,0,0,0,0
-0.0513178,0.0752796,0,0,0,0
-0.00105102,0.12281,0,0,0,0
0.0607001,0.178544,0,0,0,0
0.0772637,0.186746,0,0,0,0
0.0129013,0.16544,0,0,0,0
-0.0139573,0.124725,0,0,0,0
-0.034574,0.094559,0,0,0,0
-0.014636,0.0866162,0,0,0,0
0.0281368,0.086998,0,0,0,0
0.0385122,0.071658,0,0,0,0
0.00809028,0.0567057,0,0,0,0
-0.0108735,0.0272454,0,0,0,0
-0.0359888,-0.0162137,0,0,0,0
-0.0389959,-0.0646867,0,0,0,0
-0.0139841,-0.10913,0,0,0,0
0.0136646,-0.126088,0,0,0,0
0.038333,-0.121809,0,0,0,0
0.0402729,-0.101548,0,0,0,0
0.0333929,-0.0765352,0,0,0,0
0.0232613,-0.0610775,0,0,0,0
-0.00551233,-0.0493407,0,0,0,0
-0.030136,-0.0359734,0,0,0,0
-0.0437495,-0.0366263,0,0,0,0
-0.0611328,-0.04772,0,0,0,0
-0.0760795,-0.0624806,0,0,0,0
-0.0879011,-0.0966128,0,0,0,0
-0.100458,-0.119365,0,0,0,0
-0.0585755,-0.137463,0,0,0,0
-0.0260693,-0.147086,0,0,0,0
-0.00755697,-0.148004,0,0,0,0
5.83222e-05,-0.122578,0,0,0,0
-0.0148693,-0.11403,0,0,0,0
-0.0137365,-0.10528,0,0,0,0
0.00711436,-0.0964093,0,0,0,0
0.0359485,-0.0618485,0,0,0,0
0.0898868,-0.0147705,0,0,0,0
0.138264,0.0454276,0,0,0,0
0.136176,0.0928557,0,0,0,0
0.153116,0.107412,0,0,0,0
0.107978,0.1148,0,0,0,0
0.0554161,0.110147,0,0,0,0
0.0275398,0.0907195,0,0,0,0
0.00671021,0.0638322,0,0,0,0
-0.0141637,0.0508529,0,0,0,0
-0.0390154,0.0356346,0,0,0,0
-0.019114,0.0164069,0,0,0,0
-0.0195236,0.00690953,0,0,0,0
0.000483706,-0.00568987,0,0,0,0
0.0101638,-0.0163194,0,0,0,0
0.015512,-0.0174732,0,0,0,0
0.017664,-0.0173899,0,0,0,0
-0.0209106,-0.00372615,0,0,0,0
-0.0793612,0.0189982,0,0,0,0
-0.119906,0.0369533,0,0,0,0
-0.153662,0.06161,0,0,0,0
-0.172859,0.0730144,0,0,0,0
-0.140586,0.0665063,0,0,0,0
-0.0695794,0.121251,0,0,0,0
0.0101108,0.170946,0,0,0,0
0.0552631,0.186256,0,0,0,0
0.0606256,0.171017,0,0,0,0
0.0236358,0.137414,0,0,0,0
-0.0108724,0.0949437,0,0,0,0
-0.0237204,0.0605501,0,0,0,0
-0.0115796,0.0458316,0,0,0,0
0.0278895,0.0302961,0,0,0,0
0.0642442,0.0199189,0,0,0,0
0.0241534,0.0100825,0,0,0,0
-0.0230235,-0.00451427,0,0,0,0
-0.057482,-0.0264117,0,0,0,0
-0.0769335,-0.0451417,0,0,0,0
-0.0558794,-0.0633606,0,0,0,0
-0.0157118,-0.0812685,0,0,0,0
0.0305247,-0.0791369,0,0,0,0
0.0387348,-0.0586464,0,0,0,0
0.0197465,-0.0386802,0,0,0,0
-0.00554008,-0.0248391,0,0,0,0
-0.0413326,-0.0187721,0,0,0,0
-0.0569819,-0.019769,0,0,0,0
-0.0474253,-0.03282,0,0,0,0
-0.0398923,-0.0503073,0,0,0,0
-0.0421664,-0.0739761,0,0,0,0
-0.0759631,-0.108082,0,0,0,0
-0.107876,-0.144745,0,0,0,0
-0.117987,-0.180535,0,0,0,0
-0.11677,-0.195908,0,0,0,0
-0.0948663,-0.206265,0,0,0,0
-0.0706981,-0.201124,0,0,0,0
-0.0351017,-0.187693,0,0,0,0
-0.0241865,-0.157261,0,0,0,0
0.018428,-0.125149,0,0,0,0
0.0598845,-0.0692776,0,0,0,0
0.1108,-0.0123395,0,0,0,0
0.126088,0.0561916,0,0,0,0
0.134376,0.127466,0,0,0,0
0.0917442,0.153701,0,0,0,0
0.020812,0.165674,0,0,0,0
-0.0288927,0.158485,0,0,0,0
-0.0554275,0.137654,0,0,0,0
-0.0494638,0.103542,0,0,0,0
-0.0276853,0.0692035,0,0,0,0
-0.0262886,0.0397466,0,0,0,0
-0.0213875,0.0135697,0,0,0,0
0.00185946,-0.0113591,0,0,0,0
0.0214492,-0.0315598,0,0,0,0
0.0421608,-0.0305863,0,0,0,0
0.0567559,-0.0224748,0,0,0,0
0.0159346,0.00127091,0,0,0,0
-0.0392958,0.0258829,0,0,0,0
-0.0725515,0.0378919,0,0,0,0
-0.125473,0.0631088,0,0,0,0
-0.120023,0.0663852,0,0,0,0
-0.146897,0.0767431,0,0,0,0
-0.165804,0.0855377,0,0,0,0
-0.159795,0.079065,0,0,0,0
-0.0802227,0.0951588,0,0,0,0
-0.0058617,0.120419,0,0,0,0
0.0534965,0.146053,0,0,0,0
0.105108,0.123601,0,0,0,0
0.0783351,0.101747,0,0,0,0
0.0581634,0.0708583,0,0,0,0
0.0316329,0.0515712,0,0,0,0
0.0163035,0.0360277,0,0,0,0
-0.00181782,0.0147464,0,0,0,0
-0.0201132,0.00933539,0,0,0,0
-0.0242236,-0.0122422,0,0,0,0
-0.0147,-0.0367294,0,0,0,0
0.00238282,-0.0632872,0,0,0,0
0.014452,-0.0929638,0,0,0,0
0.0303489,-0.104658,0,0,0,0
0.0397549,-0.0973931,0,0,0,0
0.0584869,-0.0771593,0,0,0,0
0.0689118,-0.0522505,0,0,0,0
0.0481356,-0.025168,0,0,0,0
0.0295672,-0.0199466,0,0,0,0
0.00863862,-0.0215201,0,0,0,0
-0.00603925,-0.0283273,0,0,0,0
-0.0182807,-0.0389228,0,0,0,0
-0.0241869,-0.0488043,0,0,0,0
-0.0259051,-0.0682097,0,0,0,0
-0.0283693,-0.0977626,0,0,0,0
-0.0397883,-0.125463,0,0,0,0
-0.0260591,-0.146342,0,0,0,0
-0.00405687,-0.168547,0,0,0,0
-0.00152141,-0.168544,0,0,0,0
-0.023559,-0.149407,0,0,0,0
-0.030474,-0.141041,0,0,0,0
-0.0144072,-0.122385,0,0,0,0
0.0140764,-0.0969623,0,0,0,0
0.0662087,-0.0717838,0,0,0,0
0.0784946,-0.0238068,0,0,0,0
0.0886868,0.047073,0,0,0,0
0.0994257,0.0690788,0,0,0,0
0.0334926,0.106591,0,0,0,0
0.0205303,0.113668,0,0,0,0
0.00743273,0.110233,0,0,0,0
-0.00613687,0.100563,0,0,0,0
-0.0112111,0.0808125,0,0,0,0
-0.0276318,0.0653443,0,0,0,0
-0.0232423,0.043819,0,0,0,0
0.00205643,0.0231653,0,0,0,0
0.0274774,0.00315633,0,0,0,0
0.0391532,0.00229782,0,0,0,0
0.0499649,-0.00233314,0,0,0,0
0.0444967,0.00434208,0,0,0,0
0.0162243,0.0137736,0,0,0,0
-0.0183763,0.0249063,0,0,0,0
-0.0646971,0.0444565,0,0,0,0
-0.0815832,0.0498743,0,0,0,0
-0.0994316,0.0670132,0,0,0,0
-0.0957963,0.0864017,0,0,0,0
-0.0778403,0.0915417,0,0,0,0
0.00172301,0.0758756,0,0,0,0
0.0472309,0.10083,0,0,0,0
0.0880549,0.133081,0,0,0,0
0.0797713,0.138068,0,0,0,0
0.047167,0.133674,0,0,0,0
0.0302343,0.113856,0,0,0,0
0.0529773,0.0950793,0,0,0,0
0.0771484,0.0828334,0,0,0,0
0.0600124,0.0766225,0,0,0,0
0.0578485,0.0702568,0,0,0,0
0.0351636,0.0450118,0,0,0,0
0.00978974,0.00420609,0,0,0,0
-0.0146644,-0.0424746,0,0,0,0
-0.00553643,-0.0825817,0,0,0,0
0.0400574,-0.115644,0,0,0,0
0.100626,-0.146006,0,0,0,0
0.173056,-0.131709,0,0,0,0
0.185222,-0.0902697,0,0,0,0
0.174929,-0.058428,0,0,0,0
0.14637,-0.0387116,0,0,0,0
0.115024,-0.0279999,0,0,0,0
0.0828666,-0.0225807,0,0,0,0
0.0171307,-0.0275496,0,0,0,0
-0.0290638,-0.0379345,0,0,0,0
-0.0670573,-0.0522088,0,0,0,0
-0.0675342,-0.0843849,0,0,0,0
-0.0401347,-0.105093,0,0,0,0
0.00480204,-0.112212,0,0,0,0
0.0379408,-0.107694,0,0,0,0
0.0489319,-0.0982893,0,0,0,0
0.0228558,-0.0691656,0,0,0,0
0.0137629,-0.0647391,0,0,0,0
0.000405392,-0.0631631,0,0,0,0
0.0113868,-0.0623394,0,0,0,0
0.0292128,-0.0442813,0,0,0,0
0.057744,-0.0122505,0,0,0,0
0.114156,0.0302339,0,0,0,0
0.11731,0.0557754,0,0,0,0
0.0916272,0.0715322,0,0,0,0
0.0487008,0.081008,0,0,0,0
0.0459892,0.0763124,0,0,0,0
0.0403747,0.0731993,0,0,0,0
0.0337625,0.0752465,0,0,0,0
0.0235498,0.0777201,0,0,0,0
0.0108922,0.0596832,0,0,0,0
0.00523482,0.0481696,0,0,0,0
0.00198341,0.0296325,0,0,0,0
0.00321111,0.0128219,0,0,0,0
0.0128637,-0.00311977,0,0,0,0
0.00971879,-0.017063,0,0,0,0
-0.0186139,-0.0194591,0,0,0,0
-0.0343629,-0.0151432,0,0,0,0
-0.0829453,-0.0080133,0,0,0,0
-0.114676,-0.00328519,0,0,0,0
-0.131584,0.0102398,0,0,0,0
-0.133122,0.0242461,0,0,0,0
-0.0576036,0.0555849,0,0,0,0
-0.0126739,0.119015,0,0,0,0
0.0371562,0.182197,0,0,0,0
0.033639,0.178871,0,0,0,0
0.0208531,0.158225,0,0,0,0
-0.00972829,0.135359,0,0,0,0
-0.00782894,0.0985841,0,0,0,0
0.0211168,0.0730854,0,0,0,0
0.0337565,0.0658768,0,0,0,0
0.0242368,0.0633742,0,0,0,0
0.0139602,0.0513284,0,0,0,0
-0.0202653,0.0224175,0,0,0,0
-0.0376989,-0.0170696,0,0,0,0
-0.0445863,-0.0572053,0,0,0,0
-0.0195124,-0.089302,0,0,0,0
0.00384355,-0.103516,0,0,0,0
0.0347556,-0.102146,0,0,0,0
0.0533215,-0.0807531,0,0,0,0
0.0761718,-0.0603821,0,0,0,0
0.0609551,-0.0421138,0,0,0,0
0.0236018,-0.0282118,0,0,0,0
-0.0241832,-0.0164521,0,0,0,0
-0.0521656,-0.0152855,0,0,0,0
-0.0762968,-0.0271179,0,0,0,0
-0.0915587,-0.0482173,0,0,0,0
-0.0872116,-0.0736912,0,0,0,0
-0.0830246,-0.100352,0,0,0,0
-0.10837,-0.137521,0,0,0,0
-0.115965,-0.164822,0,0,0,0
-0.0757754,-0.186727,0,0,0,0
-0.0480259,-0.187377,0,0,0,0
-0.00991141,-0.172178,0,0,0,0
-0.0103086,-0.155406,0,0,0,0
0.000895984,-0.139578,0,0,0,0
0.0236371,-0.100133,0,0,0,0
0.06527,-0.0456623,0,0,0,0
0.101397,0.0207602,0,0,0,0
0.137778,0.0923405,0,0,0,0
0.114672,0.147405,0,0,0,0
0.112365,0.147974,0,0,0,0
0.0881055,0.138776,0,0,0,0
0.084206,0.117837,0,0,0,0
0.0539342,0.106597,0,0,0,0
0.0132401,0.100371,0,0,0,0
-0.0290963,0.0887081,0,0,0,0
-0.043488,0.0693251,0,0,0,0
-0.0550163,0.0379839,0,0,0,0
-0.0391954,0.0160173,0,0,0,0
0.00608665,-0.01755,0,0,0,0
0.0228692,-0.0405668,0,0,0,0
0.0272976,-0.0625386,0,0,0,0
-0.00667576,-0.0620237,0,0,0,0
-0.0455905,-0.0523524,0,0,0,0
-0.0933184,-0.0277147,0,0,0,0
-0.0947647,-0.00793681,0,0,0,0
-0.109461,0.0265586,0,0,0,0
-0.136878,0.0621678,0,0,0,0
-0.148135,0.0879958,0,0,0,0
-0.08157,0.0977628,0,0,0,0
-0.0509467,0.146802,0,0,0,0
-0.0213591,0.188943,0,0,0,0
-0.0178135,0.180692,0,0,0,0
-0.045123,0.159937,0,0,0,0
-0.0680088,0.128366,0,0,0,0
-0.0299193,0.0877829,0,0,0,0
0.0258569,0.0542174,0,0,0,0
0.0153816,0.033938,0,0,0,0
-0.000720691,0.0200875,0,0,0,0
-0.00930627,-0.00596291,0,0,0,0
-0.0308247,-0.034411,0,0,0,0
-0.0537168,-0.0706421,0,0,0,0
-0.0572179,-0.0992969,0,0,0,0
-0.0404215,-0.119269,0,0,0,0
-0.000490341,-0.119814,0,0,0,0
0.0471298,-0.107842,0,0,0,0
0.0537808,-0.0800636,0,0,0,0
0.0262352,-0.0562869,0,0,0,0
-0.0167207,-0.0393345,0,0,0,0
-0.0357185,-0.0312361,0,0,0,0
-0.0462012,-0.0308346,0,0,0,0
-0.0474892,-0.0370941,0,0,0,0
-0.049691,-0.0514011,0,0,0,0
-0.0595879,-0.0808181,0,0,0,0
-0.0679327,-0.113947,0,0,0,0
-0.0829483,-0.13803,0,0,0,0
-0.0878252,-0.151294,0,0,0,0
-0.0663073,-0.160105,0,0,0,0
-0.0348232,-0.158089,0,0,0,0
-0.0143634,-0.152656,0,0,0,0
0.0181722,-0.153597,0,0,0,0
0.0592853,-0.133798,0,0,0,0
0.0738865,-0.0918861,0,0,0,0
0.091523,-0.0330027,0,0,0,0
0.134746,0.0309197,0,0,0,0
0.10072,0.103502,0,0,0,0
0.118557,0.123215,0,0,0,0
0.099963,0.128619,0,0,0,0
0.0821329,0.117641,0,0,0,0
0.0604939,0.109874,0,0,0,0
0.0341642,0.0941254,0,0,0,0
0.0124354,0.0831049,0,0,0,0
-0.00747406,0.0713522,0,0,0,0
-0.00252184,0.0421423,0,0,0,0
0.0153703,0.0213875,0,0,0,0
0.0148552,0.00926602,0,0,0,0
0.00550094,-0.00110736,0,0,0,0
0.0136035,-0.00106274,0,0,0,0
0.0138051,-0.00472482,0,0,0,0
-0.0151405,-0.00405781,0,0,0,0
-0.0465011,0.00664159,0,0,0,0
-0.0776583,0.0150549,0,0,0,0
-0.0960344,0.022834,0,0,0,0
-0.118547,0.054506,0,0,0,0
-0.139147,0.0776985,0,0,0,0
-0.126678,0.0886686,0,0,0,0
-0.0872043,0.111554,0,0,0,0
-0.0265031,0.118933,0,0,0,0
-0.000544168,0.126161,0,0,0,0
0.0102236,0.121722,0,0,0,0
0.0109486,0.113375,0,0,0,0
0.0287513,0.0985087,0,0,0,0
0.0496412,0.0762755,0,0,0,0
0.05037,0.0602399,0,0,0,0
0.0586293,0.0348662,0,0,0,0
0.0217967,0.0159319,0,0,0,0
-0.0214176,-0.0111143,0,0,0,0
-0.0598529,-0.0388794,0,0,0,0
-0.0815765,-0.0729137,0,0,0,0
-0.055636,-0.102665,0,0,0,0
0.0032798,-0.110657,0,0,0,0
0.0683942,-0.113905,0,0,0,0
0.115105,-0.0921598,0,0,0,0
0.109104,-0.0576655,0,0,0,0
0.0878537,-0.0343779,0,0,0,0
0.0540445,-0.011523,0,0,0,0
0.0218424,-0.00671993,0,0,0,0
-0.0139618,-0.00906875,0,0,0,0
-0.0448443,-0.0189387,0,0,0,0
-0.0708606,-0.036182,0,0,0,0
-0.0839612,-0.066509,0,0,0,0
-0.0675629,-0.0950147,0,0,0,0
-0.0205584,-0.117815,0,0,0,0
0.0301875,-0.13405,0,0,0,0
0.038881,-0.137123,0,0,0,0
0.0138532,-0.130532,0,0,0,0
-0.0253776,-0.131112,0,0,0,0
-0.0245966,-0.129694,0,0,0,0
0.0112372,-0.118895,0,0,0,0
0.0614113,-0.0898059,0,0,0,0
0.131378,-0.0292805,0,0,0,0
0.156968,0.0509837,0,0,0,0
0.148645,0.0814667,0,0,0,0
0.117362,0.103711,0,0,0,0
0.0887216,0.111231,0,0,0,0
0.103533,0.100508,0,0,0,0
0.0952826,0.0853204,0,0,0,0
0.076537,0.0712505,0,0,0,0
0.0470654,0.0642319,0,0,0,0
0.00855102,0.0664225,0,0,0,0
-0.00629794,0.0543733,0,0,0,0
-0.0139533,0.0349788,0,0,0,0
-0.00250088,0.0027435,0,0,0,0
0.00105817,-0.0219582,0,0,0,0
-0.0115521,-0.0372788,0,0,0,0
-0.0312346,-0.0395965,0,0,0,0
-0.0318205,-0.0288013,0,0,0,0
-0.0557971,-0.00772886,0,0,0,0
-0.0619633,0.0169417,0,0,0,0
-0.0741094,0.0459205,0,0,0,0
-0.117249,0.0810801,0,0,0,0
-0.135791,0.0857339,0,0,0,0
-0.0939041,0.117261,0,0,0,0
-0.0284667,0.154631,0,0,0,0
-0.00307996,0.188503,0,0,0,0
0.0307553,0.17521,0,0,0,0
-0.00181852,0.150985,0,0,0,0
-0.015043,0.109858,0,0,0,0
-0.0149486,0.069258,0,0,0,0
0.00755417,0.0434305,0,0,0,0
0.0476919,0.0240707,0,0,0,0
0.0543104,0.00839858,0,0,0,0
0.0258427,-0.00380317,0,0,0,0
-0.0123109,-0.0155785,0,0,0,0
-0.0357244,-0.0371817,0,0,0,0
-0.0446212,-0.0595353,0,0,0,0
-0.020605,-0.0800644,0,0,0,0
0.018662,-0.0938131,0,0,0,0
0.0609236,-0.0883574,0,0,0,0
0.0799032,-0.070544,0,0,0,0
0.0714069,-0.047477,0,0,0,0
0.0454905,-0.0332545,0,0,0,0
-0.0113869,-0.0180895,0,0,0,0
-0.0508784,-0.0121362,0,0,0,0
-0.0806867,-0.0106329,0,0,0,0
-0.0697209,-0.0298893,0,0,0,0
-0.0711916,-0.0462539,0,0,0,0
-0.0845433,-0.0682131,0,0,0,0
-0.0657807,-0.0994279,0,0,0,0
-0.0520104,-0.13502,0,0,0,0
-0.0435633,-0.165443,0,0,0,0
-0.041614,-0.167355,0,0,0,0
-0.0271822,-0.167709,0,0,0,0
-0.0234833,-0.167141,0,0,0,0
-0.0121294,-0.166551,0,0,0,0
0.0216646,-0.145472,0,0,0,0
0.0582238,-0.101766,0,0,0,0
0.108896,-0.0422406,0,0,0,0
0.155014,0.0298399,0,0,0,0
0.167379,0.101812,0,0,0,0
0.149356,0.123338,0,0,0,0
0.132795,0.128704,0,0,0,0
0.109619,0.124232,0,0,0,0
0.0849772,0.108115,0,0,0,0
0.0542585,0.0896617,0,0,0,0
0.0181159,0.0747105,0,0,0,0
-0.0137787,0.0613256,0,0,0,0
-0.0490486,0.0506048,0,0,0,0
-0.0457929,0.0376624,0,0,0,0
-0.0230484,0.0157457,0,0,0,0
0.0117968,-0.010417,0,0,0,0
0.0273987,-0.0251835,0,0,0,0
0.0201581,-0.0304604,0,0,0,0
-0.0070985,-0.0260328,0,0,0,0
-0.0366751,-0.0178452,0,0,0,0
-0.0976029,0.00739738,0,0,0,0
-0.106253,0.0305066,0,0,0,0
-0.115374,0.0638233,0,0,0,0
-0.147681,0.0948623,0,0,0,0
-0.0999379,0.0957646,0,0,0,0
-0.0543403,0.13351,0,0,0,0
0.00960822,0.168291,0,0,0,0
0.0506691,0.179925,0,0,0,0
0.0658365,0.163569,0,0,0,0
0.022964,0.134314,0,0,0,0
0.00912907,0.0959282,0,0,0,0
-0.00449982,0.0668012,0,0,0,0
-0.0723351,0.0822218,0,0,0,0
-0.159077,0.0951234,0,0,0,0
-0.090923,0.0683779,0,0,0,0
-0.0461818,0.0419725,0,0,0,0
0.00404882,0.0229601,0,0,0,0
0.0393717,0.00974183,0,0,0,0
0.0258532,0.00103622,0,0,0,0
0.00161791,-0.00287779,0,0,0,0
-0.0107289,-0.00839506,0,0,0,0
0.000979756,-0.0211479,0,0,0,0
0.0189803,-0.0341491,0,0,0,0
0.0248225,-0.0418286,0,0,0,0
-0.000796019,-0.0459826,0,0,0,0
