left_arm_torques.tau_1,left_arm_torques.tau_2,left_arm_torques.tau_3,left_arm_torques.tau_4,left_arm_torques.tau_5,left_arm_torques.tau_6,left_arm_torques.tau_7,right_arm_torques.tau_1,right_arm_torques.tau_2,right_arm_torques.tau_3,right_arm_torques.tau_4,right_arm_torques.tau_5,right_arm_torques.tau_6,right_arm_torques.tau_7,waist_torque.tau_w,time.t
-5.53711,2.46094,0.671165,-3.95508,-0.5,-0.25,-0.1875,-4.92188,-2.37305,-0.559304,-3.16406,0.375,-0.25,0.5625,-0.234375,0
-5.53711,2.54883,0.671165,-3.95508,-0.5,-0.3125,-0.1875,-4.74609,-2.28516,-0.559304,-3.16406,0.375,-0.25,0.5625,-0.175781,0.01
-5.53711,2.54883,0.671165,-3.86719,-0.5,-0.25,-0.1875,-4.74609,-2.37305,-0.559304,-3.16406,0.4375,-0.25,0.5625,-0.46875,0.02
-5.44922,2.54883,0.671165,-3.86719,-0.5,-0.25,-0.1875,-4.74609,-2.28516,-0.559304,-3.16406,0.4375,-0.25,0.5625,-0.644531,0.03
-5.53711,2.54883,0.671165,-3.86719,-0.5,-0.3125,-0.1875,-4.74609,-2.37305,-0.559304,-3.16406,0.3125,-0.25,0.5625,-0.0585938,0.04
-5.53711,2.54883,0.671165,-3.95508,-0.5625,-0.3125,-0.1875,-4.74609,-2.37305,-0.615234,-3.16406,0.4375,-0.25,0.5625,-0.234375,0.05
-5.53711,2.54883,0.671165,-3.95508,-0.5,-0.25,-0.1875,-4.74609,-2.28516,-0.615234,-3.16406,0.4375,-0.25,0.5625,-0.292969,0.06
-5.53711,2.54883,0.671165,-3.86719,-0.5,-0.25,-0.1875,-4.74609,-2.37305,-0.559304,-3.16406,0.4375,-0.3125,0.5625,-0.351562,0.07
-5.53711,2.54883,0.671165,-3.86719,-0.5625,-0.25,-0.1875,-4.74609,-2.28516,-0.559304,-3.16406,0.3125,-0.3125,0.5625,-0.117188,0.08
-5.53711,2.54883,0.671165,-3.95508,-0.5,-0.25,-0.1875,-4.92188,-2.37305,-0.559304,-3.16406,0.4375,-0.25,0.5625,-0.410156,0.09
-5.53711,2.54883,0.671165,-3.95508,-0.5,-0.25,-0.1875,-4.92188,-2.28516,-0.559304,-3.16406,0.4375,-0.25,0.5625,-0.351562,0.1
-5.53711,2.54883,0.671165,-3.86719,-0.5,-0.3125,-0.1875,-4.74609,-2.37305,-0.559304,-3.16406,0.375,-0.25,0.5625,-0.0585938,0.11
-5.53711,2.54883,0.671165,-3.95508,-0.5625,-0.25,-0.25,-4.74609,-2.37305,-0.559304,-3.16406,0.3125,-0.25,0.5625,-0.0585938,0.12
-5.53711,2.54883,0.671165,-3.95508,-0.5,-0.3125,-0.1875,-4.74609,-2.37305,-0.559304,-3.16406,0.4375,-0.3125,0.5625,-0.234375,0.13
-5.53711,2.46094,0.671165,-3.86719,-0.5,-0.25,-0.25,-4.92188,-2.37305,-0.559304,-3.16406,0.4375,-0.25,0.5625,-0.292969,0.14
-5.53711,2.54883,0.671165,-3.95508,-0.5,-0.25,-0.1875,-4.74609,-2.28516,-0.559304,-3.16406,0.4375,-0.25,0.5625,-0.117188,0.15
-5.53711,2.54883,0.671165,-3.86719,-0.5,-0.3125,-0.1875,-4.92188,-2.37305,-0.559304,-3.16406,0.375,-0.25,0.5625,-0.351562,0.16
-5.53711,2.63672,0.671165,-3.86719,-0.5,-0.3125,-0.1875,-4.92188,-2.37305,-0.559304,-3.16406,0.3125,-0.25,0.5625,-0.234375,0.17
-5.53711,2.54883,0.671165,-3.95508,-0.5,-0.25,-0.1875,-4.92188,-2.37305,-0.559304,-3.16406,0.4375,-0.25,0.5625,-0.351562,0.18
-5.53711,2.54883,0.671165,-3.86719,-0.5625,-0.25,-0.1875,-4.74609,-2.37305,-0.559304,-3.16406,0.4375,-0.25,0.5625,-0.351562,0.19
-5.44922,2.54883,0.671165,-3.86719,-0.5625,-0.25,-0.1875,-4.74609,-2.28516,-0.559304,-3.16406,0.4375,-0.25,0.5625,-0.820312,0.2
-5.53711,2.54883,0.671165,-3.95508,-0.5,-0.25,-0.1875,-4.74609,-2.37305,-0.559304,-3.16406,0.4375,-0.25,0.5625,-0.292969,0.21
-5.44922,2.54883,0.671165,-3.95508,-0.5,-0.3125,-0.1875,-4.74609,-2.28516,-0.559304,-3.16406,0.4375,-0.25,0.5625,-0.46875,0.22
-5.53711,2.54883,0.727095,-3.95508,-0.5,-0.3125,-0.1875,-4.92188,-2.28516,-0.559304,-3.16406,0.4375,-0.25,0.5625,-0.292969,0.23
-5.53711,2.54883,0.671165,-3.86719,-0.5625,-0.3125,-0.1875,-4.74609,-2.37305,-0.559304,-3.16406,0.4375,-0.25,0.5625,-0.117188,0.24
-5.53711,2.54883,0.671165,-3.86719,-0.5,-0.25,-0.1875,-4.74609,-2.37305,-0.559304,-3.16406,0.4375,-0.25,0.5625,-0.351562,0.25
-5.53711,2.54883,0.671165,-3.95508,-0.5,-0.25,-0.1875,-4.74609,-2.37305,-0.559304,-3.16406,0.4375,-0.25,0.5625,-0.0585938,0.26
-5.53711,2.54883,0.671165,-3.86719,-0.5,-0.25,-0.3125,-4.74609,-2.37305,-0.559304,-3.16406,0.4375,-0.25,0.5625,-0.117188,0.27
-5.53711,2.54883,0.727095,-3.95508,-0.5,-0.25,-0.25,-4.92188,-2.37305,-0.615234,-3.16406,0.375,-0.25,0.5625,-0.585938,0.28
-5.53711,2.54883,0.671165,-3.95508,-0.5,-0.3125,-0.1875,-4.74609,-2.37305,-0.559304,-3.16406,0.4375,-0.25,0.5625,0,0.29
-5.53711,2.46094,0.671165,-3.95508,-0.5,-0.25,-0.1875,-4.74609,-2.37305,-0.559304,-3.16406,0.4375,-0.25,0.5625,-0.292969,0.3
-5.53711,2.54883,0.671165,-3.95508,-0.5,-0.25,-0.1875,-4.92188,-2.37305,-0.559304,-3.16406,0.4375,-0.25,0.5625,-0.0585938,0.31
-5.44922,2.54883,0.671165,-3.86719,-0.5,-0.25,-0.1875,-4.6582,-2.28516,-0.559304,-3.16406,0.4375,-0.3125,0.5625,-0.175781,0.32
-5.53711,2.54883,0.727095,-3.86719,-0.5,-0.25,-0.1875,-4.74609,-2.28516,-0.559304,-3.16406,0.375,-0.25,0.5625,-0.292969,0.33
-5.53711,2.54883,0.671165,-3.86719,-0.5,-0.25,-0.1875,-4.74609,-2.37305,-0.559304,-3.16406,0.375,-0.25,0.5625,-0.351562,0.34
-5.44922,2.63672,0.727095,-3.86719,-0.5,-0.25,-0.25,-4.74609,-2.37305,-0.615234,-3.16406,0.375,-0.25,0.5625,-0.292969,0.35
-5.53711,2.54883,0.671165,-3.86719,-0.5,-0.25,-0.1875,-4.74609,-2.37305,-0.615234,-3.16406,0.4375,-0.25,0.5625,0,0.36
-5.53711,2.54883,0.671165,-3.95508,-0.5,-0.3125,-0.1875,-4.74609,-2.37305,-0.559304,-3.16406,0.375,-0.3125,0.5625,-0.0585938,0.37
-5.44922,2.54883,0.671165,-3.95508,-0.5,-0.25,-0.1875,-4.92188,-2.28516,-0.559304,-3.16406,0.4375,-0.25,0.5625,-0.292969,0.38
-5.53711,2.54883,0.671165,-3.95508,-0.5625,-0.25,-0.25,-4.74609,-2.28516,-0.559304,-3.16406,0.4375,-0.25,0.5625,-0.46875,0.39
-5.53711,2.54883,0.671165,-3.95508,-0.5,-0.25,-0.1875,-4.74609,-2.28516,-0.559304,-3.16406,0.4375,-0.25,0.5625,0.175781,0.4
-5.53711,2.54883,0.671165,-3.86719,-0.5625,-0.25,-0.1875,-4.74609,-2.28516,-0.503374,-3.16406,0.4375,-0.25,0.5625,0.117188,0.41
-5.44922,2.46094,0.671165,-3.86719,-0.5,-0.25,-0.3125,-4.74609,-2.37305,-0.559304,-3.16406,0.4375,-0.25,0.5625,0,0.42
-5.53711,2.46094,0.671165,-3.86719,-0.5,-0.25,-0.25,-4.92188,-2.37305,-0.559304,-3.16406,0.3125,-0.25,0.5625,-0.292969,0.43
-5.53711,2.46094,0.671165,-3.95508,-0.5,-0.25,-0.1875,-4.74609,-2.37305,-0.559304,-3.16406,0.4375,-0.25,0.5625,-0.46875,0.44
-5.44922,2.46094,0.727095,-3.95508,-0.5,-0.3125,-0.25,-4.74609,-2.28516,-0.615234,-3.16406,0.4375,-0.25,0.5625,-0.292969,0.45
-5.53711,2.46094,0.671165,-3.95508,-0.5,-0.3125,-0.1875,-4.74609,-2.37305,-0.559304,-3.16406,0.4375,-0.25,0.625,-0.175781,0.46
-5.53711,2.54883,0.671165,-3.95508,-0.5,-0.25,-0.1875,-4.74609,-2.37305,-0.559304,-3.16406,0.375,-0.25,0.625,-0.292969,0.47
-5.53711,2.54883,0.671165,-3.95508,-0.5,-0.25,-0.1875,-4.74609,-2.28516,-0.559304,-3.16406,0.4375,-0.25,0.5625,0.117188,0.48
-5.53711,2.54883,0.671165,-3.86719,-0.5,-0.25,-0.1875,-4.74609,-2.37305,-0.503374,-3.16406,0.375,-0.25,0.625,-0.351562,0.49
-5.53711,2.54883,0.671165,-3.95508,-0.5,-0.25,-0.1875,-4.74609,-2.37305,-0.559304,-3.16406,0.4375,-0.25,0.5625,-0.292969,0.5
-5.53711,2.54883,0.671165,-3.86719,-0.5,-0.1875,-0.1875,-4.74609,-2.37305,-0.503374,-3.16406,0.3125,-0.25,0.5625,-0.46875,0.51
-5.53711,2.54883,0.671165,-3.95508,-0.5,-0.25,-0.25,-4.92188,-2.37305,-0.559304,-3.16406,0.3125,-0.25,0.5625,-0.292969,0.52
-5.53711,2.54883,0.671165,-3.86719,-0.5,-0.25,-0.25,-4.92188,-2.37305,-0.615234,-3.16406,0.4375,-0.25,0.5625,-0.46875,0.53
-5.53711,2.54883,0.671165,-3.95508,-0.5,-0.3125,-0.1875,-4.74609,-2.37305,-0.615234,-3.16406,0.375,-0.25,0.625,-0.351562,0.54
-5.53711,2.46094,0.671165,-3.86719,-0.5,-0.25,-0.1875,-4.74609,-2.37305,-0.615234,-3.16406,0.4375,-0.25,0.5625,-0.292969,0.55
-5.53711,2.46094,0.671165,-3.95508,-0.5,-0.25,-0.25,-4.74609,-2.28516,-0.559304,-3.16406,0.4375,-0.25,0.625,-0.175781,0.56
-5.53711,2.46094,0.671165,-3.86719,-0.5625,-0.3125,-0.25,-4.74609,-2.37305,-0.559304,-3.16406,0.4375,-0.25,0.5625,-0.175781,0.57
-5.53711,2.46094,0.671165,-3.95508,-0.5,-0.3125,-0.1875,-4.92188,-2.28516,-0.559304,-3.16406,0.4375,-0.25,0.5625,-0.175781,0.58
-5.53711,2.54883,0.727095,-3.95508,-0.5,-0.25,-0.1875,-4.74609,-2.37305,-0.615234,-3.16406,0.375,-0.25,0.5625,-0.175781,0.59
-5.53711,2.54883,0.671165,-3.86719,-0.5625,-0.3125,-0.1875,-4.74609,-2.37305,-0.559304,-3.16406,0.3125,-0.25,0.5625,-0.234375,0.6
-5.44922,2.54883,0.727095,-3.95508,-0.5,-0.25,-0.1875,-4.74609,-2.37305,-0.559304,-3.16406,0.375,-0.25,0.5625,-0.351562,0.61
-5.53711,2.54883,0.727095,-3.86719,-0.5,-0.3125,-0.1875,-4.74609,-2.37305,-0.559304,-3.16406,0.375,-0.25,0.5625,-0.234375,0.62
-5.53711,2.54883,0.671165,-3.86719,-0.5625,-0.25,-0.25,-4.74609,-2.37305,-0.559304,-3.16406,0.3125,-0.25,0.5625,-0.410156,0.63
-5.44922,2.54883,0.671165,-3.95508,-0.5625,-0.25,-0.1875,-4.74609,-2.37305,-0.615234,-3.16406,0.375,-0.25,0.5625,-0.234375,0.64
-5.53711,2.46094,0.671165,-3.95508,-0.5625,-0.25,-0.1875,-4.74609,-2.37305,-0.559304,-3.16406,0.375,-0.3125,0.5625,-0.0585938,0.65
-5.53711,2.46094,0.671165,-3.95508,-0.5,-0.25,-0.1875,-4.74609,-2.37305,-0.559304,-3.16406,0.375,-0.25,0.625,-0.0585938,0.66
-5.53711,2.46094,0.671165,-3.95508,-0.5,-0.25,-0.1875,-4.74609,-2.37305,-0.559304,-3.16406,0.4375,-0.25,0.5625,-0.46875,0.67
-5.44922,2.46094,0.671165,-3.86719,-0.5,-0.25,-0.25,-4.74609,-2.37305,-0.559304,-3.16406,0.3125,-0.25,0.5625,-0.175781,0.68
-5.53711,2.54883,0.671165,-3.86719,-0.5,-0.25,-0.25,-4.92188,-2.37305,-0.559304,-3.16406,0.4375,-0.25,0.5625,-0.234375,0.69
-5.53711,2.54883,0.671165,-3.95508,-0.5,-0.25,-0.1875,-4.6582,-2.37305,-0.559304,-3.16406,0.4375,-0.25,0.5625,-0.351562,0.7
-5.53711,2.54883,0.671165,-3.86719,-0.5,-0.3125,-0.1875,-4.92188,-2.37305,-0.559304,-3.16406,0.375,-0.25,0.5625,-0.292969,0.71
-5.53711,2.54883,0.671165,-3.95508,-0.5,-0.25,-0.1875,-4.92188,-2.28516,-0.559304,-3.16406,0.4375,-0.25,0.5625,-0.234375,0.72
-5.53711,2.54883,0.671165,-3.86719,-0.5,-0.3125,-0.1875,-4.74609,-2.37305,-0.559304,-3.16406,0.4375,-0.25,0.5625,0,0.73
-5.53711,2.54883,0.671165,-3.95508,-0.5,-0.3125,-0.1875,-4.74609,-2.37305,-0.559304,-3.16406,0.4375,-0.3125,0.5625,-0.175781,0.74
-5.53711,2.54883,0.671165,-3.86719,-0.5,-0.3125,-0.25,-4.92188,-2.37305,-0.559304,-3.16406,0.4375,-0.25,0.5625,-0.351562,0.75
-5.53711,2.46094,0.671165,-3.95508,-0.5,-0.25,-0.1875,-4.74609,-2.37305,-0.559304,-3.16406,0.375,-0.3125,0.5625,-0.175781,0.76
-5.44922,2.46094,0.671165,-3.86719,-0.5,-0.25,-0.25,-4.74609,-2.37305,-0.559304,-3.16406,0.4375,-0.25,0.5625,-0.46875,0.77
-5.53711,2.46094,0.671165,-3.86719,-0.5,-0.25,-0.25,-4.92188,-2.37305,-0.559304,-3.16406,0.375,-0.25,0.5625,-0.0585938,0.78
-5.53711,2.54883,0.727095,-3.95508,-0.5625,-0.25,-0.1875,-4.74609,-2.37305,-0.559304,-3.16406,0.4375,-0.25,0.5625,-0.175781,0.79
-5.53711,2.54883,0.671165,-3.86719,-0.5625,-0.25,-0.1875,-4.74609,-2.28516,-0.559304,-3.16406,0.4375,-0.25,0.5625,-0.175781,0.8
-5.53711,2.54883,0.727095,-3.86719,-0.5,-0.3125,-0.25,-4.74609,-2.37305,-0.559304,-3.16406,0.4375,-0.25,0.5625,-0.175781,0.81
-5.53711,2.54883,0.671165,-3.95508,-0.5,-0.3125,-0.25,-4.74609,-2.37305,-0.559304,-3.16406,0.375,-0.25,0.5625,-0.46875,0.82
-5.53711,2.54883,0.727095,-3.95508,-0.5,-0.3125,-0.1875,-4.92188,-2.37305,-0.503374,-3.16406,0.4375,-0.25,0.5625,-0.351562,0.83
-5.53711,2.54883,0.727095,-3.95508,-0.5625,-0.3125,-0.1875,-4.74609,-2.37305,-0.559304,-3.16406,0.4375,-0.25,0.5625,-0.292969,0.839999
-5.53711,2.63672,0.727095,-3.95508,-0.5625,-0.3125,-0.1875,-4.74609,-2.37305,-0.559304,-3.16406,0.4375,-0.25,0.5625,-0.703125,0.849999
-5.53711,2.46094,0.727095,-3.86719,-0.5,-0.25,-0.25,-4.74609,-2.37305,-0.559304,-3.16406,0.4375,-0.25,0.5625,0,0.859999
-5.44922,2.46094,0.727095,-3.86719,-0.5,-0.25,-0.1875,-4.92188,-2.37305,-0.615234,-3.25195,0.4375,-0.3125,0.5625,-0.527344,0.869999
-5.53711,2.54883,0.727095,-3.86719,-0.5625,-0.25,-0.25,-4.92188,-2.28516,-0.559304,-3.25195,0.375,-0.25,0.5625,-0.585938,0.879999
-5.44922,2.54883,0.727095,-3.95508,-0.5,-0.25,-0.1875,-4.92188,-2.37305,-0.559304,-3.25195,0.4375,-0.25,0.5625,-0.351562,0.889999
-5.44922,2.54883,0.671165,-3.86719,-0.5,-0.3125,-0.25,-4.74609,-2.28516,-0.559304,-3.16406,0.4375,-0.25,0.5625,-0.410156,0.899999
-5.53711,2.54883,0.671165,-3.95508,-0.5,-0.25,-0.25,-4.74609,-2.28516,-0.559304,-3.16406,0.375,-0.25,0.5625,-0.351562,0.909999
-5.44922,2.54883,0.671165,-3.95508,-0.5,-0.25,-0.1875,-4.74609,-2.37305,-0.559304,-3.16406,0.4375,-0.25,0.5625,-0.410156,0.919999
-5.53711,2.54883,0.671165,-3.95508,-0.5,-0.25,-0.1875,-4.74609,-2.37305,-0.559304,-3.25195,0.375,-0.25,0.5625,-0.527344,0.929999
-5.53711,2.63672,0.671165,-3.95508,-0.5625,-0.3125,-0.1875,-4.92188,-2.37305,-0.615234,-3.16406,0.375,-0.25,0.5625,-0.175781,0.939999
-5.44922,2.54883,0.727095,-3.86719,-0.5,-0.3125,-0.25,-4.92188,-2.37305,-0.559304,-3.16406,0.4375,-0.25,0.5625,-0.234375,0.949999
-5.53711,2.54883,0.727095,-3.95508,-0.5,-0.3125,-0.1875,-4.92188,-2.37305,-0.615234,-3.16406,0.4375,-0.25,0.5625,-0.0585938,0.959999
-5.53711,2.54883,0.727095,-3.95508,-0.5,-0.3125,-0.25,-4.92188,-2.37305,-0.615234,-3.16406,0.4375,-0.25,0.5625,-0.234375,0.969999
-5.53711,2.54883,0.727095,-3.95508,-0.5,-0.25,-0.25,-4.92188,-2.37305,-0.559304,-3.16406,0.4375,-0.25,0.5625,-0.527344,0.979999
-5.53711,2.54883,0.671165,-3.95508,-0.5,-0.3125,-0.1875,-4.74609,-2.37305,-0.559304,-3.16406,0.375,-0.25,0.5625,-0.351562,0.989999
-5.44922,2.46094,0.727095,-3.86719,-0.5,-0.3125,-0.1875,-4.74609,-2.37305,-0.559304,-3.25195,0.4375,-0.3125,0.5625,-0.46875,0.999999
-5.53711,2.54883,0.671165,-3.86719,-0.5,-0.3125,-0.25,-4.92188,-2.37305,-0.559304,-3.25195,0.375,-0.25,0.5625,-0.585938,1.01
-5.44922,2.54883,0.727095,-3.95508,-0.5,-0.25,-0.1875,-4.74609,-2.28516,-0.559304,-3.25195,0.4375,-0.25,0.5625,-0.175781,1.02
-5.53711,2.54883,0.727095,-3.95508,-0.5,-0.25,-0.1875,-4.74609,-2.28516,-0.559304,-3.25195,0.375,-0.25,0.5625,-0.175781,1.03
-5.53711,2.54883,0.727095,-3.95508,-0.5,-0.25,-0.25,-4.92188,-2.28516,-0.559304,-3.16406,0.3125,-0.25,0.5625,0,1.04
-5.53711,2.54883,0.727095,-3.95508,-0.5,-0.25,-0.1875,-4.74609,-2.37305,-0.615234,-3.16406,0.4375,-0.25,0.5625,-0.117188,1.05
-5.53711,2.54883,0.727095,-3.95508,-0.5,-0.3125,-0.1875,-4.74609,-2.37305,-0.559304,-3.16406,0.4375,-0.25,0.5625,-0.234375,1.06
-5.53711,2.54883,0.727095,-3.86719,-0.5,-0.25,-0.1875,-4.74609,-2.37305,-0.559304,-3.16406,0.4375,-0.25,0.5625,-0.0585938,1.07
-5.53711,2.54883,0.727095,-3.95508,-0.5625,-0.3125,-0.1875,-4.74609,-2.28516,-0.615234,-3.16406,0.4375,-0.25,0.5625,-0.410156,1.08
-5.53711,2.54883,0.727095,-3.95508,-0.5,-0.25,-0.3125,-4.74609,-2.37305,-0.559304,-3.16406,0.4375,-0.25,0.5625,0.234375,1.09
-5.53711,2.46094,0.727095,-3.86719,-0.5,-0.25,-0.25,-4.74609,-2.37305,-0.559304,-3.16406,0.4375,-0.25,0.5625,-0.644531,1.1
-5.53711,2.54883,0.671165,-3.95508,-0.5,-0.25,-0.1875,-4.74609,-2.28516,-0.615234,-3.16406,0.4375,-0.25,0.5625,-0.292969,1.11
-5.53711,2.54883,0.671165,-3.95508,-0.5,-0.25,-0.25,-4.92188,-2.28516,-0.503374,-3.16406,0.4375,-0.25,0.5625,-0.292969,1.12
-5.53711,2.54883,0.727095,-3.95508,-0.5,-0.25,-0.1875,-4.74609,-2.37305,-0.559304,-3.16406,0.3125,-0.25,0.5625,-0.292969,1.13
-5.53711,2.54883,0.671165,-3.95508,-0.5,-0.3125,-0.25,-4.74609,-2.37305,-0.559304,-3.16406,0.4375,-0.25,0.5625,-0.175781,1.14
-5.53711,2.54883,0.727095,-3.95508,-0.5,-0.3125,-0.1875,-4.74609,-2.28516,-0.559304,-3.16406,0.375,-0.3125,0.5625,-0.351562,1.15
-5.53711,2.54883,0.727095,-3.95508,-0.5,-0.25,-0.25,-4.92188,-2.37305,-0.559304,-3.16406,0.4375,-0.25,0.5625,-0.585938,1.16
-5.53711,2.54883,0.671165,-3.95508,-0.5,-0.3125,-0.25,-4.74609,-2.28516,-0.559304,-3.16406,0.4375,-0.25,0.5625,-0.292969,1.17
-5.44922,2.54883,0.727095,-3.95508,-0.5,-0.25,-0.1875,-4.74609,-2.37305,-0.559304,-3.16406,0.375,-0.25,0.5625,-0.234375,1.18
-5.53711,2.63672,0.671165,-3.95508,-0.5,-0.25,-0.25,-4.74609,-2.37305,-0.559304,-3.16406,0.4375,-0.25,0.5625,-0.292969,1.19
-5.53711,2.46094,0.671165,-3.95508,-0.5,-0.25,-0.25,-4.74609,-2.28516,-0.559304,-3.16406,0.4375,-0.25,0.5625,-0.351562,1.2
-5.53711,2.46094,0.727095,-3.95508,-0.5625,-0.3125,-0.25,-4.74609,-2.37305,-0.559304,-3.16406,0.4375,-0.25,0.5625,-0.410156,1.21
-5.53711,2.46094,0.671165,-3.86719,-0.5,-0.25,-0.1875,-4.92188,-2.37305,-0.559304,-3.16406,0.4375,-0.25,0.5625,-0.117188,1.22
-5.53711,2.54883,0.671165,-3.86719,-0.5,-0.25,-0.1875,-4.74609,-2.28516,-0.559304,-3.16406,0.4375,-0.25,0.5625,-0.234375,1.23
-5.44922,2.54883,0.671165,-3.95508,-0.5,-0.25,-0.1875,-4.74609,-2.37305,-0.615234,-3.16406,0.4375,-0.25,0.5625,-0.46875,1.24
-5.53711,2.54883,0.671165,-3.95508,-0.5,-0.25,-0.25,-4.74609,-2.37305,-0.559304,-3.16406,0.4375,-0.25,0.5625,-0.117188,1.25
-5.53711,2.54883,0.727095,-3.95508,-0.5,-0.25,-0.1875,-4.74609,-2.37305,-0.559304,-3.16406,0.3125,-0.25,0.5625,-0.234375,1.26
-5.53711,2.54883,0.727095,-3.86719,-0.5,-0.25,-0.1875,-4.92188,-2.37305,-0.559304,-3.16406,0.4375,-0.25,0.5625,-0.351562,1.27
-5.53711,2.54883,0.727095,-3.95508,-0.5,-0.25,-0.1875,-4.92188,-2.37305,-0.559304,-3.16406,0.4375,-0.25,0.5625,-0.292969,1.28
-5.53711,2.54883,0.727095,-3.95508,-0.5625,-0.3125,-0.1875,-4.74609,-2.37305,-0.503374,-3.16406,0.4375,-0.25,0.5625,-0.46875,1.29
-5.53711,2.54883,0.727095,-3.95508,-0.5625,-0.3125,-0.1875,-4.74609,-2.37305,-0.559304,-3.16406,0.4375,-0.25,0.5625,-0.175781,1.3
-5.53711,2.54883,0.727095,-3.86719,-0.5,-0.25,-0.1875,-4.74609,-2.37305,-0.559304,-3.16406,0.375,-0.25,0.5625,0,1.31
-5.53711,2.54883,0.727095,-3.86719,-0.5625,-0.25,-0.1875,-4.74609,-2.37305,-0.559304,-3.16406,0.375,-0.25,0.5625,-0.292969,1.32
-5.53711,2.54883,0.727095,-3.86719,-0.5,-0.25,-0.1875,-4.74609,-2.37305,-0.615234,-3.16406,0.4375,-0.25,0.5625,-0.0585938,1.33
-5.53711,2.46094,0.727095,-3.95508,-0.5625,-0.25,-0.25,-4.74609,-2.37305,-0.615234,-3.16406,0.3125,-0.25,0.5625,-0.175781,1.34
-5.53711,2.54883,0.727095,-3.95508,-0.5,-0.3125,-0.1875,-4.74609,-2.37305,-0.559304,-3.16406,0.3125,-0.25,0.5625,-0.234375,1.35
-5.53711,2.54883,0.727095,-3.95508,-0.5,-0.25,-0.25,-4.74609,-2.37305,-0.559304,-3.16406,0.4375,-0.25,0.5625,-0.46875,1.36
-5.53711,2.54883,0.671165,-3.86719,-0.5,-0.25,-0.1875,-4.92188,-2.28516,-0.559304,-3.16406,0.375,-0.25,0.5625,0,1.37
-5.53711,2.54883,0.727095,-3.95508,-0.5,-0.25,-0.1875,-4.92188,-2.28516,-0.559304,-3.16406,0.4375,-0.25,0.5625,-0.175781,1.38
-5.44922,2.54883,0.671165,-3.95508,-0.5,-0.3125,-0.1875,-4.74609,-2.37305,-0.559304,-3.16406,0.4375,-0.25,0.5625,0.351562,1.39
-5.53711,2.54883,0.671165,-3.86719,-0.5,-0.25,-0.1875,-4.74609,-2.28516,-0.559304,-3.25195,0.375,-0.25,0.5625,-0.234375,1.4
-5.53711,2.54883,0.727095,-3.95508,-0.5,-0.25,-0.1875,-4.74609,-2.28516,-0.559304,-3.25195,0.4375,-0.25,0.5625,-0.0585938,1.41
-5.53711,2.46094,0.727095,-3.95508,-0.5625,-0.25,-0.25,-4.6582,-2.37305,-0.559304,-3.16406,0.4375,-0.25,0.5625,-0.234375,1.42
-5.53711,2.54883,0.671165,-3.95508,-0.5,-0.25,-0.1875,-4.74609,-2.37305,-0.559304,-3.16406,0.4375,-0.25,0.5625,-0.292969,1.43
-5.53711,2.46094,0.671165,-3.95508,-0.5,-0.25,-0.1875,-4.74609,-2.37305,-0.559304,-3.25195,0.4375,-0.25,0.5625,-0.46875,1.44
-5.53711,2.46094,0.727095,-3.86719,-0.5,-0.25,-0.1875,-4.74609,-2.28516,-0.559304,-3.16406,0.4375,-0.25,0.5625,-0.351562,1.45
-5.53711,2.54883,0.671165,-3.86719,-0.5,-0.3125,-0.1875,-4.74609,-2.37305,-0.559304,-3.16406,0.4375,-0.25,0.5625,-0.175781,1.46
-5.53711,2.54883,0.671165,-3.95508,-0.5,-0.25,-0.25,-4.74609,-2.28516,-0.559304,-3.16406,0.4375,-0.25,0.5625,-0.175781,1.47
-5.53711,2.54883,0.727095,-3.86719,-0.5,-0.25,-0.1875,-4.74609,-2.37305,-0.559304,-3.16406,0.375,-0.25,0.5625,-0.234375,1.48
-5.53711,2.54883,0.727095,-3.95508,-0.5,-0.3125,-0.1875,-4.74609,-2.37305,-0.559304,-3.16406,0.375,-0.25,0.5625,0,1.49
-5.53711,2.54883,0.727095,-3.95508,-0.5625,-0.25,-0.1875,-4.92188,-2.37305,-0.559304,-3.16406,0.4375,-0.25,0.5625,-0.292969,1.5
-5.53711,2.54883,0.727095,-3.95508,-0.5,-0.25,-0.25,-4.74609,-2.28516,-0.559304,-3.16406,0.375,-0.25,0.5625,-0.292969,1.51
-5.53711,2.54883,0.727095,-3.95508,-0.5,-0.3125,-0.1875,-4.74609,-2.37305,-0.615234,-3.16406,0.4375,-0.25,0.5625,-0.0585938,1.52
-5.53711,2.54883,0.727095,-3.95508,-0.5,-0.3125,-0.25,-4.74609,-2.37305,-0.615234,-3.16406,0.4375,-0.25,0.5625,-0.117188,1.53
-5.53711,2.54883,0.727095,-3.86719,-0.5,-0.25,-0.1875,-4.74609,-2.37305,-0.615234,-3.16406,0.375,-0.25,0.625,-0.117188,1.54
-5.53711,2.46094,0.671165,-3.86719,-0.5,-0.25,-0.1875,-4.74609,-2.37305,-0.559304,-3.16406,0.4375,-0.25,0.5625,-0.292969,1.55
-5.44922,2.54883,0.671165,-3.95508,-0.5,-0.25,-0.1875,-4.74609,-2.37305,-0.559304,-3.16406,0.4375,-0.25,0.5625,-0.410156,1.56
-5.53711,2.54883,0.671165,-3.95508,-0.5,-0.25,-0.1875,-4.92188,-2.28516,-0.559304,-3.16406,0.4375,-0.25,0.5625,-0.292969,1.57
-5.53711,2.54883,0.727095,-3.95508,-0.5,-0.3125,-0.25,-4.74609,-2.37305,-0.559304,-3.16406,0.375,-0.25,0.5625,-0.234375,1.58
-5.53711,2.54883,0.727095,-3.86719,-0.5,-0.3125,-0.25,-4.92188,-2.37305,-0.615234,-3.25195,0.4375,-0.3125,0.5625,-0.46875,1.59
-5.44922,2.54883,0.727095,-3.95508,-0.5,-0.3125,-0.1875,-4.74609,-2.37305,-0.559304,-3.16406,0.4375,-0.25,0.5625,-0.175781,1.6
-5.53711,2.54883,0.727095,-3.95508,-0.5,-0.3125,-0.25,-4.74609,-2.37305,-0.559304,-3.16406,0.4375,-0.25,0.5625,-0.234375,1.61
-5.53711,2.54883,0.727095,-3.95508,-0.5,-0.3125,-0.1875,-4.74609,-2.28516,-0.559304,-3.16406,0.375,-0.25,0.5625,-0.0585938,1.62
-5.53711,2.46094,0.727095,-3.95508,-0.5,-0.3125,-0.1875,-4.6582,-2.28516,-0.559304,-3.16406,0.375,-0.25,0.5625,-0.175781,1.63
-5.53711,2.54883,0.671165,-3.95508,-0.5,-0.3125,-0.1875,-4.92188,-2.37305,-0.559304,-3.16406,0.375,-0.25,0.5625,0.117188,1.64
-5.44922,2.54883,0.671165,-3.86719,-0.5625,-0.3125,-0.1875,-4.74609,-2.37305,-0.559304,-3.16406,0.3125,-0.25,0.5625,-0.0585938,1.65
-5.44922,2.54883,0.727095,-3.95508,-0.5,-0.3125,-0.1875,-4.74609,-2.37305,-0.559304,-3.16406,0.4375,-0.25,0.5625,-0.351562,1.66
-5.53711,2.54883,0.727095,-3.95508,-0.5,-0.3125,-0.1875,-4.92188,-2.37305,-0.559304,-3.16406,0.4375,-0.25,0.5625,-0.234375,1.67
-5.53711,2.54883,0.727095,-3.95508,-0.5,-0.3125,-0.25,-4.92188,-2.37305,-0.559304,-3.16406,0.375,-0.25,0.5625,-0.351562,1.68
-5.53711,2.54883,0.671165,-3.95508,-0.5,-0.25,-0.1875,-4.92188,-2.37305,-0.559304,-3.16406,0.4375,-0.25,0.5625,-0.585938,1.69
-5.53711,2.54883,0.671165,-3.95508,-0.5,-0.3125,-0.1875,-4.74609,-2.37305,-0.559304,-3.16406,0.375,-0.25,0.5625,-0.46875,1.7
-5.53711,2.54883,0.671165,-3.95508,-0.5,-0.3125,-0.1875,-4.74609,-2.37305,-0.559304,-3.16406,0.375,-0.25,0.5625,-0.351562,1.71
-5.53711,2.54883,0.671165,-3.86719,-0.5625,-0.3125,-0.1875,-4.92188,-2.37305,-0.559304,-3.16406,0.375,-0.25,0.5625,-0.292969,1.72
-5.53711,2.54883,0.727095,-3.95508,-0.5,-0.3125,-0.1875,-4.74609,-2.37305,-0.559304,-3.16406,0.4375,-0.25,0.5625,-0.351562,1.73
-5.53711,2.54883,0.727095,-3.95508,-0.5,-0.3125,-0.1875,-4.74609,-2.37305,-0.559304,-3.16406,0.375,-0.25,0.5625,-0.410156,1.74
-5.44922,2.54883,0.727095,-3.95508,-0.5625,-0.3125,-0.25,-4.92188,-2.37305,-0.615234,-3.16406,0.375,-0.25,0.5625,-0.175781,1.75
-5.53711,2.46094,0.671165,-3.95508,-0.5,-0.3125,-0.1875,-4.92188,-2.37305,-0.559304,-3.16406,0.4375,-0.25,0.5625,0,1.76
-5.53711,2.54883,0.671165,-3.95508,-0.5,-0.3125,-0.1875,-4.92188,-2.37305,-0.559304,-3.16406,0.375,-0.3125,0.5625,-0.234375,1.77
-5.53711,2.54883,0.671165,-3.95508,-0.5,-0.3125,-0.25,-4.74609,-2.37305,-0.559304,-3.16406,0.4375,-0.25,0.5625,-0.175781,1.78
-5.53711,2.54883,0.671165,-3.95508,-0.5,-0.3125,-0.25,-4.74609,-2.37305,-0.559304,-3.16406,0.375,-0.25,0.5625,-0.46875,1.79
-5.44922,2.54883,0.727095,-3.95508,-0.5,-0.3125,-0.25,-4.74609,-2.37305,-0.559304,-3.16406,0.3125,-0.25,0.5625,-0.117188,1.8
-5.53711,2.46094,0.727095,-3.95508,-0.5,-0.3125,-0.1875,-4.74609,-2.28516,-0.559304,-3.16406,0.375,-0.25,0.5625,-0.351562,1.81
-5.53711,2.46094,0.727095,-3.95508,-0.5,-0.3125,-0.1875,-4.74609,-2.37305,-0.615234,-3.16406,0.375,-0.25,0.5625,-0.351562,1.82
-5.53711,2.54883,0.671165,-3.95508,-0.5,-0.3125,-0.1875,-4.74609,-2.37305,-0.559304,-3.16406,0.4375,-0.25,0.5625,-0.234375,1.83
-5.53711,2.54883,0.727095,-3.95508,-0.5,-0.3125,-0.25,-4.92188,-2.37305,-0.559304,-3.25195,0.4375,-0.25,0.5625,-0.351562,1.84
-5.44922,2.54883,0.727095,-3.86719,-0.5,-0.3125,-0.1875,-4.74609,-2.28516,-0.615234,-3.16406,0.4375,-0.25,0.5625,-0.175781,1.85
-5.53711,2.54883,0.727095,-3.95508,-0.5,-0.3125,-0.1875,-4.6582,-2.28516,-0.559304,-3.16406,0.4375,-0.25,0.5625,-0.410156,1.86
-5.53711,2.54883,0.727095,-3.95508,-0.5625,-0.3125,-0.1875,-4.74609,-2.37305,-0.559304,-3.25195,0.4375,-0.25,0.5625,-0.175781,1.87
-5.53711,2.54883,0.727095,-3.95508,-0.5625,-0.3125,-0.1875,-4.74609,-2.37305,-0.559304,-3.16406,0.4375,-0.25,0.5625,-0.117188,1.88
-5.53711,2.54883,0.727095,-3.95508,-0.5,-0.3125,-0.1875,-4.92188,-2.28516,-0.559304,-3.16406,0.375,-0.3125,0.5625,0,1.89
-5.53711,2.54883,0.727095,-3.86719,-0.5,-0.3125,-0.1875,-4.92188,-2.37305,-0.559304,-3.16406,0.4375,-0.25,0.5625,-0.175781,1.9
-5.53711,2.54883,0.727095,-3.95508,-0.5,-0.3125,-0.1875,-4.74609,-2.37305,-0.559304,-3.16406,0.375,-0.25,0.5625,0,1.91
-5.53711,2.46094,0.727095,-3.86719,-0.5625,-0.3125,-0.1875,-4.74609,-2.37305,-0.559304,-3.16406,0.4375,-0.25,0.5625,-0.117188,1.92
-5.53711,2.54883,0.727095,-3.86719,-0.5,-0.3125,-0.1875,-4.74609,-2.37305,-0.559304,-3.16406,0.4375,-0.25,0.5625,-0.234375,1.93
-5.53711,2.54883,0.727095,-3.86719,-0.5,-0.3125,-0.1875,-4.92188,-2.37305,-0.559304,-3.16406,0.4375,-0.25,0.5625,-0.175781,1.94
-5.53711,2.54883,0.727095,-3.95508,-0.5,-0.3125,-0.25,-4.74609,-2.37305,-0.559304,-3.16406,0.375,-0.3125,0.5625,-0.527344,1.95
-5.53711,2.54883,0.727095,-3.95508,-0.5,-0.3125,-0.25,-4.92188,-2.37305,-0.559304,-3.16406,0.375,-0.25,0.5625,0.351562,1.96
-5.53711,2.54883,0.671165,-3.95508,-0.5,-0.3125,-0.1875,-4.74609,-2.28516,-0.559304,-3.16406,0.3125,-0.25,0.5625,-0.410156,1.97
-5.53711,2.54883,0.727095,-3.95508,-0.5,-0.3125,-0.1875,-4.74609,-2.37305,-0.559304,-3.16406,0.4375,-0.25,0.5625,-0.234375,1.98
-5.53711,2.54883,0.727095,-3.86719,-0.5,-0.3125,-0.1875,-4.74609,-2.37305,-0.559304,-3.16406,0.4375,-0.25,0.5625,-0.46875,1.99
-5.44922,2.63672,0.727095,-3.95508,-0.5,-0.3125,-0.1875,-4.74609,-2.37305,-0.559304,-3.16406,0.4375,-0.25,0.5625,-0.410156,2
-5.44922,2.46094,0.727095,-3.95508,-0.5,-0.3125,-0.25,-4.74609,-2.28516,-0.559304,-3.16406,0.4375,-0.25,0.5625,-0.351562,2.01
-5.53711,2.54883,0.671165,-3.86719,-0.5,-0.3125,-0.1875,-4.74609,-2.37305,-0.559304,-3.16406,0.3125,-0.25,0.5625,-0.117188,2.02
-5.53711,2.46094,0.671165,-3.95508,-0.5,-0.3125,-0.25,-4.92188,-2.28516,-0.559304,-3.16406,0.375,-0.25,0.5625,-0.410156,2.03
-5.53711,2.54883,0.671165,-3.95508,-0.5,-0.3125,-0.1875,-4.92188,-2.37305,-0.615234,-3.16406,0.4375,-0.25,0.5625,-0.175781,2.04
-5.53711,2.54883,0.671165,-3.95508,-0.5,-0.3125,-0.1875,-4.6582,-2.28516,-0.559304,-3.16406,0.375,-0.25,0.5625,-0.46875,2.05
-5.44922,2.54883,0.671165,-3.86719,-0.5625,-0.3125,-0.1875,-4.74609,-2.37305,-0.559304,-3.16406,0.4375,-0.25,0.5625,-0.351562,2.06
-5.53711,2.54883,0.727095,-3.95508,-0.5,-0.3125,-0.25,-4.74609,-2.37305,-0.559304,-3.16406,0.375,-0.25,0.5625,-0.0585938,2.07
-5.53711,2.54883,0.671165,-3.86719,-0.5,-0.3125,-0.25,-4.92188,-2.37305,-0.559304,-3.16406,0.375,-0.25,0.5625,-0.175781,2.08
-5.53711,2.54883,0.727095,-3.95508,-0.5,-0.3125,-0.1875,-4.92188,-2.37305,-0.559304,-3.16406,0.4375,-0.3125,0.5625,-0.234375,2.09
-5.53711,2.54883,0.671165,-3.95508,-0.5,-0.3125,-0.1875,-4.74609,-2.37305,-0.559304,-3.16406,0.4375,-0.25,0.5625,-0.292969,2.1
-5.53711,2.54883,0.727095,-3.95508,-0.5,-0.3125,-0.1875,-4.92188,-2.37305,-0.559304,-3.16406,0.4375,-0.3125,0.5625,0.351562,2.11
-5.53711,2.54883,0.671165,-3.86719,-0.5,-0.3125,-0.1875,-4.74609,-2.37305,-0.559304,-3.25195,0.375,-0.25,0.5625,-0.175781,2.12
-5.53711,2.54883,0.671165,-3.95508,-0.5,-0.3125,-0.1875,-4.92188,-2.28516,-0.559304,-3.16406,0.4375,-0.25,0.5625,-0.351562,2.13
-5.44922,2.46094,0.671165,-3.95508,-0.5,-0.3125,-0.25,-4.92188,-2.37305,-0.559304,-3.16406,0.375,-0.25,0.5625,-0.46875,2.14
-5.53711,2.54883,0.671165,-3.86719,-0.5,-0.3125,-0.1875,-4.74609,-2.37305,-0.615234,-3.16406,0.3125,-0.25,0.5625,-0.351562,2.15
-5.53711,2.54883,0.727095,-3.95508,-0.5625,-0.3125,-0.25,-4.74609,-2.37305,-0.559304,-3.16406,0.4375,-0.3125,0.5625,-0.0585938,2.16
-5.53711,2.54883,0.727095,-3.95508,-0.5625,-0.3125,-0.1875,-4.92188,-2.28516,-0.559304,-3.16406,0.4375,-0.25,0.5625,-0.117188,2.17
-5.53711,2.54883,0.727095,-3.95508,-0.5,-0.3125,-0.25,-4.74609,-2.28516,-0.559304,-3.16406,0.4375,-0.25,0.625,-0.0585938,2.18
-5.53711,2.63672,0.727095,-3.86719,-0.5,-0.3125,-0.25,-4.74609,-2.37305,-0.559304,-3.16406,0.4375,-0.25,0.5625,-0.351562,2.19
-5.53711,2.63672,0.727095,-3.86719,-0.5,-0.3125,-0.25,-4.74609,-2.28516,-0.615234,-3.16406,0.4375,-0.25,0.5625,-0.46875,2.2
-5.53711,2.54883,0.727095,-3.95508,-0.5,-0.3125,-0.1875,-4.74609,-2.28516,-0.559304,-3.16406,0.4375,-0.25,0.625,-0.117188,2.21
-5.53711,2.54883,0.727095,-3.95508,-0.5,-0.3125,-0.25,-4.92188,-2.37305,-0.559304,-3.16406,0.4375,-0.25,0.5625,-0.175781,2.22
-5.53711,2.46094,0.727095,-3.95508,-0.5,-0.3125,-0.1875,-4.74609,-2.37305,-0.615234,-3.16406,0.4375,-0.25,0.5625,-0.292969,2.23
-5.44922,2.46094,0.727095,-3.95508,-0.5,-0.3125,-0.1875,-4.74609,-2.37305,-0.615234,-3.16406,0.375,-0.25,0.5625,-0.234375,2.24
-5.53711,2.46094,0.671165,-3.95508,-0.5,-0.3125,-0.25,-4.74609,-2.37305,-0.615234,-3.16406,0.4375,-0.25,0.5625,-0.0585938,2.25
-5.53711,2.54883,0.727095,-3.95508,-0.5,-0.3125,-0.25,-4.92188,-2.37305,-0.615234,-3.16406,0.3125,-0.25,0.5625,-0.175781,2.26
-5.53711,2.54883,0.727095,-3.95508,-0.5,-0.3125,-0.25,-4.74609,-2.28516,-0.559304,-3.16406,0.375,-0.25,0.5625,-0.0585938,2.27
-5.44922,2.54883,0.671165,-3.95508,-0.5625,-0.3125,-0.1875,-4.74609,-2.28516,-0.559304,-3.16406,0.4375,-0.25,0.5625,-0.175781,2.28
-5.53711,2.54883,0.727095,-3.95508,-0.5,-0.3125,-0.1875,-4.74609,-2.37305,-0.559304,-3.16406,0.4375,-0.25,0.5625,-0.234375,2.29
-5.53711,2.54883,0.727095,-3.95508,-0.5,-0.3125,-0.1875,-4.74609,-2.37305,-0.559304,-3.16406,0.4375,-0.25,0.625,-0.117188,2.3
-5.53711,2.54883,0.727095,-3.95508,-0.5,-0.3125,-0.25,-4.74609,-2.37305,-0.559304,-3.16406,0.3125,-0.25,0.5625,-0.0585938,2.31
-5.53711,2.54883,0.727095,-3.95508,-0.5,-0.3125,-0.1875,-4.74609,-2.37305,-0.559304,-3.16406,0.3125,-0.25,0.5625,-0.292969,2.32
-5.53711,2.54883,0.727095,-3.95508,-0.5625,-0.3125,-0.25,-4.92188,-2.37305,-0.559304,-3.16406,0.375,-0.25,0.5625,-0.175781,2.33
-5.53711,2.46094,0.671165,-3.95508,-0.5,-0.3125,-0.25,-4.92188,-2.37305,-0.615234,-3.25195,0.4375,-0.25,0.5625,-0.234375,2.34
-5.53711,2.54883,0.727095,-3.95508,-0.5,-0.3125,-0.25,-4.74609,-2.37305,-0.559304,-3.16406,0.4375,-0.25,0.5625,0.234375,2.35
-5.53711,2.54883,0.727095,-3.95508,-0.5,-0.3125,-0.1875,-4.92188,-2.37305,-0.559304,-3.16406,0.375,-0.25,0.5625,-0.292969,2.36
-5.53711,2.54883,0.671165,-3.86719,-0.5,-0.3125,-0.1875,-4.74609,-2.37305,-0.559304,-3.16406,0.3125,-0.3125,0.5625,-0.175781,2.37
-5.53711,2.54883,0.671165,-3.86719,-0.5,-0.3125,-0.1875,-4.74609,-2.37305,-0.559304,-3.16406,0.375,-0.25,0.5625,-0.410156,2.38
-5.53711,2.54883,0.727095,-3.86719,-0.5,-0.3125,-0.25,-4.74609,-2.37305,-0.559304,-3.16406,0.4375,-0.25,0.5625,-0.527344,2.39
-5.53711,2.54883,0.727095,-3.95508,-0.5,-0.3125,-0.1875,-4.74609,-2.37305,-0.559304,-3.25195,0.4375,-0.25,0.5625,-0.585938,2.4
-5.53711,2.63672,0.727095,-3.86719,-0.5,-0.25,-0.25,-4.74609,-2.37305,-0.559304,-3.16406,0.4375,-0.25,0.5625,-0.234375,2.41
-5.44922,2.54883,0.727095,-3.95508,-0.5,-0.3125,-0.1875,-4.74609,-2.28516,-0.559304,-3.16406,0.4375,-0.25,0.5625,-0.527344,2.42
-5.53711,2.54883,0.727095,-3.86719,-0.5,-0.25,-0.1875,-4.74609,-2.37305,-0.559304,-3.16406,0.375,-0.25,0.5625,-0.117188,2.43
-5.53711,2.54883,0.727095,-3.95508,-0.5,-0.3125,-0.1875,-4.74609,-2.28516,-0.559304,-3.16406,0.4375,-0.25,0.5625,-0.410156,2.44
-5.53711,2.54883,0.671165,-3.95508,-0.5,-0.3125,-0.1875,-4.74609,-2.37305,-0.559304,-3.16406,0.375,-0.25,0.5625,-0.0585938,2.45
-5.53711,2.54883,0.671165,-3.95508,-0.5,-0.3125,-0.1875,-4.74609,-2.37305,-0.615234,-3.16406,0.375,-0.25,0.5625,-0.292969,2.46
-5.44922,2.46094,0.671165,-3.86719,-0.5,-0.3125,-0.1875,-4.74609,-2.37305,-0.559304,-3.16406,0.4375,-0.25,0.5625,-0.292969,2.47
-5.53711,2.46094,0.727095,-3.95508,-0.5,-0.3125,-0.1875,-4.74609,-2.37305,-0.559304,-3.16406,0.4375,-0.25,0.5625,-0.46875,2.48
-5.53711,2.46094,0.671165,-3.95508,-0.5,-0.3125,-0.1875,-4.74609,-2.37305,-0.559304,-3.25195,0.4375,-0.25,0.5625,-0.0585938,2.49
-5.53711,2.54883,0.671165,-3.95508,-0.5,-0.3125,-0.25,-4.74609,-2.37305,-0.559304,-3.16406,0.4375,-0.25,0.5625,-0.351562,2.5
-5.53711,2.54883,0.727095,-3.95508,-0.5625,-0.3125,-0.1875,-4.74609,-2.37305,-0.559304,-3.16406,0.4375,-0.25,0.5625,-0.292969,2.51
-5.53711,2.63672,0.727095,-3.95508,-0.5,-0.3125,-0.1875,-4.74609,-2.37305,-0.559304,-3.16406,0.375,-0.25,0.5625,-0.46875,2.52
-5.53711,2.54883,0.727095,-3.95508,-0.5,-0.3125,-0.1875,-4.74609,-2.37305,-0.559304,-3.16406,0.4375,-0.25,0.5625,-0.0585938,2.53
-5.53711,2.54883,0.727095,-3.86719,-0.5,-0.3125,-0.25,-4.74609,-2.37305,-0.559304,-3.16406,0.375,-0.25,0.5625,-0.117188,2.54
-5.53711,2.54883,0.671165,-3.95508,-0.5,-0.25,-0.1875,-4.92188,-2.37305,-0.559304,-3.16406,0.3125,-0.3125,0.5625,-0.351562,2.55
-5.53711,2.54883,0.727095,-3.95508,-0.5,-0.3125,-0.1875,-4.74609,-2.37305,-0.615234,-3.16406,0.4375,-0.25,0.5625,-0.175781,2.56
-5.53711,2.46094,0.727095,-3.95508,-0.5,-0.3125,-0.1875,-4.74609,-2.37305,-0.559304,-3.16406,0.375,-0.25,0.5625,-0.46875,2.57
-5.53711,2.46094,0.727095,-3.95508,-0.5,-0.3125,-0.25,-4.74609,-2.37305,-0.559304,-3.16406,0.3125,-0.25,0.5625,-0.351562,2.58
-5.53711,2.46094,0.727095,-3.95508,-0.5,-0.3125,-0.25,-4.74609,-2.28516,-0.559304,-3.16406,0.4375,-0.25,0.5625,-0.292969,2.59
-5.53711,2.54883,0.671165,-3.95508,-0.5,-0.3125,-0.25,-4.92188,-2.37305,-0.559304,-3.16406,0.375,-0.25,0.5625,-0.292969,2.6
-5.53711,2.54883,0.671165,-3.86719,-0.5,-0.3125,-0.1875,-4.92188,-2.37305,-0.559304,-3.16406,0.4375,-0.3125,0.5625,-0.175781,2.61
-5.53711,2.54883,0.671165,-3.86719,-0.5,-0.3125,-0.1875,-4.74609,-2.28516,-0.559304,-3.16406,0.4375,-0.25,0.5625,-0.46875,2.62
-5.53711,2.46094,0.727095,-3.86719,-0.5,-0.3125,-0.1875,-4.74609,-2.37305,-0.559304,-3.16406,0.4375,-0.25,0.5625,-0.585938,2.63
-5.53711,2.46094,0.727095,-3.86719,-0.5625,-0.3125,-0.25,-4.74609,-2.28516,-0.559304,-3.16406,0.375,-0.3125,0.5625,-0.292969,2.64
-5.53711,2.54883,0.671165,-3.95508,-0.5,-0.3125,-0.25,-4.74609,-2.37305,-0.615234,-3.16406,0.375,-0.25,0.5625,-0.410156,2.65
-5.44922,2.54883,0.671165,-3.86719,-0.5,-0.3125,-0.1875,-4.92188,-2.37305,-0.615234,-3.16406,0.4375,-0.25,0.5625,-0.351562,2.66
-5.53711,2.46094,0.671165,-3.95508,-0.5,-0.3125,-0.1875,-4.74609,-2.37305,-0.559304,-3.16406,0.4375,-0.3125,0.5625,-0.117188,2.67
-5.53711,2.54883,0.727095,-3.95508,-0.5,-0.3125,-0.25,-4.74609,-2.37305,-0.559304,-3.16406,0.4375,-0.25,0.5625,-0.292969,2.68
-5.53711,2.54883,0.727095,-3.95508,-0.5,-0.3125,-0.1875,-4.74609,-2.28516,-0.559304,-3.16406,0.375,-0.25,0.5625,-0.410156,2.69
-5.53711,2.54883,0.727095,-3.95508,-0.5,-0.3125,-0.1875,-4.74609,-2.37305,-0.559304,-3.16406,0.375,-0.25,0.5625,-0.0585938,2.7
-5.44922,2.46094,0.727095,-3.95508,-0.5,-0.3125,-0.1875,-4.74609,-2.37305,-0.615234,-3.16406,0.3125,-0.25,0.5625,-0.351562,2.71
-5.53711,2.54883,0.671165,-3.86719,-0.5625,-0.3125,-0.25,-4.74609,-2.37305,-0.559304,-3.16406,0.4375,-0.25,0.5625,-0.351562,2.72
-5.53711,2.54883,0.671165,-3.95508,-0.5,-0.3125,-0.25,-4.74609,-2.37305,-0.615234,-3.16406,0.375,-0.25,0.5625,-0.351562,2.73
-5.53711,2.54883,0.671165,-3.95508,-0.5,-0.3125,-0.1875,-4.74609,-2.37305,-0.559304,-3.16406,0.4375,-0.25,0.5625,-0.234375,2.74
-5.53711,2.54883,0.727095,-3.86719,-0.5,-0.3125,-0.25,-4.74609,-2.37305,-0.559304,-3.16406,0.375,-0.25,0.5625,-0.175781,2.75
-5.53711,2.54883,0.727095,-3.95508,-0.5,-0.3125,-0.1875,-4.74609,-2.28516,-0.559304,-3.16406,0.4375,-0.25,0.5625,-0.292969,2.76
-5.44922,2.46094,0.727095,-3.86719,-0.5,-0.3125,-0.25,-4.74609,-2.37305,-0.559304,-3.16406,0.4375,-0.25,0.5625,-0.410156,2.77
-5.53711,2.54883,0.727095,-3.95508,-0.5,-0.3125,-0.1875,-4.92188,-2.37305,-0.559304,-3.16406,0.3125,-0.25,0.5625,-0.292969,2.78
-5.53711,2.54883,0.671165,-3.95508,-0.5625,-0.3125,-0.25,-4.92188,-2.37305,-0.559304,-3.16406,0.3125,-0.25,0.5625,-0.46875,2.79
-5.44922,2.46094,0.671165,-3.95508,-0.5,-0.3125,-0.1875,-4.74609,-2.37305,-0.559304,-3.16406,0.3125,-0.25,0.5625,0,2.8
-5.53711,2.54883,0.671165,-3.95508,-0.5,-0.3125,-0.25,-4.6582,-2.37305,-0.559304,-3.16406,0.4375,-0.3125,0.5625,-0.292969,2.81
-5.53711,2.54883,0.727095,-3.86719,-0.5,-0.3125,-0.1875,-4.74609,-2.37305,-0.559304,-3.16406,0.4375,-0.25,0.5625,-0.351562,2.82
-5.53711,2.54883,0.727095,-3.95508,-0.5625,-0.3125,-0.25,-4.74609,-2.37305,-0.615234,-3.16406,0.4375,-0.25,0.5625,-0.234375,2.83
-5.44922,2.54883,0.727095,-3.95508,-0.5,-0.3125,-0.25,-4.74609,-2.37305,-0.559304,-3.16406,0.375,-0.25,0.5625,-0.0585938,2.84
-5.53711,2.54883,0.727095,-3.95508,-0.5,-0.3125,-0.1875,-4.74609,-2.37305,-0.559304,-3.16406,0.4375,-0.25,0.5625,-0.351562,2.85
-5.53711,2.54883,0.727095,-3.95508,-0.5,-0.3125,-0.25,-4.74609,-2.37305,-0.559304,-3.16406,0.4375,-0.25,0.5625,-0.234375,2.86
-5.53711,2.46094,0.727095,-3.86719,-0.5,-0.3125,-0.1875,-4.74609,-2.37305,-0.559304,-3.16406,0.3125,-0.25,0.5625,-0.351562,2.87
-5.53711,2.46094,0.727095,-3.86719,-0.5,-0.3125,-0.1875,-4.74609,-2.37305,-0.615234,-3.16406,0.375,-0.25,0.5625,-0.292969,2.88
-5.53711,2.54883,0.727095,-3.95508,-0.5,-0.3125,-0.1875,-4.74609,-2.37305,-0.559304,-3.16406,0.4375,-0.25,0.5625,-0.234375,2.89
-5.53711,2.54883,0.727095,-3.95508,-0.5,-0.3125,-0.1875,-4.74609,-2.37305,-0.559304,-3.16406,0.4375,-0.25,0.5625,-0.527344,2.9
-5.53711,2.54883,0.727095,-3.95508,-0.5,-0.3125,-0.1875,-4.74609,-2.37305,-0.559304,-3.16406,0.4375,-0.25,0.5625,-0.292969,2.91
-5.53711,2.54883,0.671165,-3.86719,-0.5,-0.3125,-0.25,-4.74609,-2.37305,-0.559304,-3.16406,0.4375,-0.25,0.5625,-0.292969,2.92
-5.53711,2.54883,0.727095,-3.95508,-0.5,-0.3125,-0.25,-4.74609,-2.37305,-0.559304,-3.16406,0.4375,-0.25,0.5625,-0.175781,2.93
-5.53711,2.54883,0.671165,-3.95508,-0.5625,-0.3125,-0.1875,-4.74609,-2.37305,-0.559304,-3.16406,0.3125,-0.25,0.5625,-0.351562,2.94
-5.53711,2.54883,0.727095,-3.95508,-0.5,-0.3125,-0.1875,-4.74609,-2.28516,-0.559304,-3.25195,0.4375,-0.25,0.5625,-0.175781,2.95
-5.53711,2.54883,0.671165,-3.95508,-0.5,-0.3125,-0.1875,-4.74609,-2.37305,-0.559304,-3.16406,0.3125,-0.25,0.5625,-0.410156,2.96
-5.44922,2.54883,0.727095,-3.95508,-0.5,-0.3125,-0.1875,-4.74609,-2.37305,-0.559304,-3.16406,0.4375,-0.25,0.5625,-0.351562,2.97
-5.53711,2.54883,0.671165,-3.95508,-0.5,-0.3125,-0.1875,-4.6582,-2.37305,-0.559304,-3.16406,0.4375,-0.25,0.5625,-0.351562,2.98
-5.53711,2.54883,0.727095,-3.95508,-0.5,-0.3125,-0.25,-4.92188,-2.37305,-0.615234,-3.16406,0.4375,-0.25,0.5625,-0.234375,2.99
-5.53711,2.54883,0.727095,-3.95508,-0.5,-0.3125,-0.25,-4.92188,-2.37305,-0.559304,-3.16406,0.4375,-0.25,0.5625,-0.292969,3
-5.53711,2.54883,0.727095,-3.95508,-0.5,-0.3125,-0.25,-4.74609,-2.28516,-0.559304,-3.16406,0.375,-0.25,0.5625,-0.351562,3.01
-5.53711,2.54883,0.727095,-3.95508,-0.5,-0.3125,-0.25,-4.74609,-2.37305,-0.559304,-3.16406,0.375,-0.25,0.5625,-0.234375,3.02
-5.53711,2.54883,0.727095,-3.95508,-0.5,-0.3125,-0.1875,-4.92188,-2.37305,-0.559304,-3.16406,0.4375,-0.25,0.5625,0,3.03
-5.53711,2.54883,0.727095,-3.95508,-0.5,-0.3125,-0.25,-4.74609,-2.37305,-0.559304,-3.16406,0.4375,-0.25,0.5625,-0.351562,3.04
-5.53711,2.54883,0.727095,-3.86719,-0.5,-0.3125,-0.1875,-4.74609,-2.37305,-0.559304,-3.16406,0.4375,-0.25,0.5625,-0.0585938,3.05
-5.53711,2.54883,0.727095,-3.86719,-0.5,-0.3125,-0.1875,-4.74609,-2.37305,-0.559304,-3.16406,0.3125,-0.25,0.5625,-0.175781,3.06
-5.53711,2.54883,0.671165,-3.95508,-0.5,-0.3125,-0.1875,-4.74609,-2.37305,-0.615234,-3.16406,0.4375,-0.25,0.5625,-0.292969,3.07
-5.53711,2.54883,0.671165,-3.95508,-0.5625,-0.3125,-0.1875,-4.74609,-2.37305,-0.559304,-3.16406,0.4375,-0.25,0.5625,-0.0585938,3.08
-5.53711,2.54883,0.671165,-3.95508,-0.5,-0.3125,-0.1875,-4.74609,-2.37305,-0.559304,-3.16406,0.375,-0.25,0.5625,-0.46875,3.09
-5.44922,2.54883,0.671165,-3.95508,-0.5,-0.3125,-0.3125,-4.74609,-2.37305,-0.559304,-3.16406,0.4375,-0.25,0.5625,0.351562,3.1
-5.44922,2.54883,0.727095,-3.86719,-0.5,-0.3125,-0.25,-4.74609,-2.37305,-0.559304,-3.16406,0.4375,-0.25,0.5625,0,3.11
-5.44922,2.54883,0.727095,-3.95508,-0.5,-0.3125,-0.1875,-4.74609,-2.37305,-0.559304,-3.16406,0.4375,-0.25,0.5625,-0.234375,3.12
-5.53711,2.54883,0.727095,-3.86719,-0.5,-0.3125,-0.25,-4.92188,-2.37305,-0.559304,-3.16406,0.4375,-0.25,0.5625,-0.410156,3.13
-5.53711,2.54883,0.727095,-3.86719,-0.5,-0.3125,-0.1875,-4.74609,-2.28516,-0.559304,-3.16406,0.4375,-0.25,0.625,0.351562,3.14
-5.53711,2.54883,0.727095,-3.95508,-0.5,-0.3125,-0.1875,-4.74609,-2.37305,-0.559304,-3.16406,0.4375,-0.25,0.5625,-0.117188,3.15
-5.53711,2.54883,0.671165,-3.95508,-0.5,-0.3125,-0.25,-4.74609,-2.28516,-0.559304,-3.16406,0.375,-0.25,0.5625,0,3.16
-5.53711,2.54883,0.727095,-3.95508,-0.5625,-0.3125,-0.1875,-4.74609,-2.28516,-0.559304,-3.16406,0.3125,-0.25,0.5625,-0.175781,3.17
-5.53711,2.54883,0.727095,-3.86719,-0.5,-0.3125,-0.1875,-4.74609,-2.37305,-0.559304,-3.16406,0.3125,-0.25,0.5625,-0.351562,3.18
-5.53711,2.54883,0.671165,-3.95508,-0.5,-0.3125,-0.1875,-4.74609,-2.37305,-0.559304,-3.16406,0.4375,-0.25,0.5625,-0.351562,3.19
-5.53711,2.54883,0.671165,-3.95508,-0.5,-0.3125,-0.1875,-4.74609,-2.37305,-0.559304,-3.16406,0.4375,-0.25,0.5625,-0.234375,3.2
-5.53711,2.54883,0.671165,-3.95508,-0.5625,-0.3125,-0.1875,-4.74609,-2.37305,-0.559304,-3.16406,0.3125,-0.25,0.5625,-0.0585938,3.21
-5.53711,2.54883,0.727095,-3.95508,-0.5625,-0.3125,-0.1875,-4.74609,-2.37305,-0.559304,-3.16406,0.4375,-0.25,0.5625,-0.0585938,3.22
-5.44922,2.54883,0.727095,-3.95508,-0.5,-0.3125,-0.1875,-4.74609,-2.37305,-0.559304,-3.16406,0.4375,-0.25,0.5625,-0.292969,3.23
-5.53711,2.54883,0.727095,-3.95508,-0.5,-0.3125,-0.1875,-4.74609,-2.37305,-0.615234,-3.16406,0.375,-0.25,0.5625,-0.46875,3.24
-5.53711,2.54883,0.727095,-3.86719,-0.5,-0.3125,-0.1875,-4.74609,-2.37305,-0.559304,-3.16406,0.4375,-0.25,0.5625,-0.117188,3.25
-5.53711,2.54883,0.671165,-3.95508,-0.5,-0.3125,-0.1875,-4.74609,-2.37305,-0.559304,-3.16406,0.4375,-0.25,0.5625,-0.292969,3.26
-5.53711,2.54883,0.727095,-3.95508,-0.5625,-0.3125,-0.1875,-4.74609,-2.37305,-0.559304,-3.16406,0.375,-0.25,0.5625,-0.175781,3.27
-5.53711,2.54883,0.727095,-3.95508,-0.5,-0.3125,-0.1875,-4.74609,-2.37305,-0.559304,-3.16406,0.4375,-0.25,0.5625,-0.46875,3.28
-5.53711,2.54883,0.727095,-3.95508,-0.5,-0.3125,-0.1875,-4.74609,-2.37305,-0.559304,-3.16406,0.4375,-0.25,0.5625,-0.410156,3.29
-5.44922,2.46094,0.727095,-3.95508,-0.5,-0.3125,-0.1875,-4.74609,-2.37305,-0.559304,-3.16406,0.4375,-0.25,0.5625,-0.234375,3.3
-5.53711,2.54883,0.727095,-3.95508,-0.5,-0.3125,-0.1875,-4.74609,-2.37305,-0.559304,-3.16406,0.4375,-0.25,0.5625,-0.351562,3.31
-5.44922,2.46094,0.727095,-3.95508,-0.5625,-0.3125,-0.25,-4.92188,-2.37305,-0.559304,-3.16406,0.375,-0.25,0.5625,-0.351562,3.32
-5.53711,2.54883,0.727095,-3.86719,-0.5,-0.3125,-0.1875,-4.92188,-2.37305,-0.559304,-3.25195,0.4375,-0.25,0.5625,-0.410156,3.33
-5.53711,2.54883,0.727095,-3.95508,-0.5,-0.3125,-0.1875,-4.74609,-2.37305,-0.615234,-3.25195,0.375,-0.25,0.625,-1.05469,3.34
-5.53711,2.54883,0.727095,-3.95508,-0.5625,-0.3125,-0.1875,-4.74609,-2.37305,-0.559304,-3.25195,0.4375,-0.25,0.5625,0,3.35
-5.53711,2.54883,0.727095,-3.95508,-0.5,-0.3125,-0.25,-4.74609,-2.37305,-0.559304,-3.16406,0.4375,-0.25,0.5625,-0.527344,3.36
-5.53711,2.54883,0.727095,-3.95508,-0.5,-0.3125,-0.1875,-4.74609,-2.37305,-0.559304,-3.16406,0.375,-0.25,0.625,-0.46875,3.37
-5.53711,2.54883,0.727095,-3.95508,-0.5,-0.3125,-0.25,-4.92188,-2.37305,-0.559304,-3.16406,0.4375,-0.25,0.5625,-0.351562,3.38
-5.53711,2.46094,0.727095,-3.95508,-0.5625,-0.3125,-0.1875,-4.74609,-2.28516,-0.559304,-3.16406,0.4375,-0.25,0.5625,-0.351562,3.39
-5.53711,2.54883,0.727095,-3.86719,-0.5,-0.3125,-0.1875,-4.74609,-2.37305,-0.559304,-3.16406,0.4375,-0.25,0.5625,-0.351562,3.4
-5.53711,2.46094,0.727095,-3.86719,-0.5,-0.3125,-0.25,-4.74609,-2.37305,-0.559304,-3.16406,0.375,-0.25,0.5625,-0.175781,3.41
-5.53711,2.54883,0.727095,-3.95508,-0.5,-0.3125,-0.1875,-4.92188,-2.37305,-0.559304,-3.16406,0.4375,-0.25,0.5625,-0.292969,3.42
-5.53711,2.54883,0.727095,-3.95508,-0.5,-0.3125,-0.1875,-4.74609,-2.37305,-0.559304,-3.16406,0.4375,-0.25,0.5625,-0.292969,3.43
-5.53711,2.46094,0.727095,-3.95508,-0.5,-0.3125,-0.1875,-4.74609,-2.37305,-0.559304,-3.16406,0.3125,-0.25,0.5625,-0.585938,3.44
-5.53711,2.54883,0.671165,-3.95508,-0.5,-0.3125,-0.25,-4.74609,-2.37305,-0.559304,-3.16406,0.4375,-0.25,0.5625,-0.234375,3.45
-5.53711,2.54883,0.727095,-3.95508,-0.5,-0.3125,-0.1875,-4.74609,-2.37305,-0.559304,-3.16406,0.4375,-0.25,0.5625,-0.292969,3.46
-5.53711,2.54883,0.727095,-3.95508,-0.5,-0.3125,-0.1875,-4.74609,-2.28516,-0.559304,-3.16406,0.4375,-0.3125,0.5625,-0.175781,3.47
-5.53711,2.54883,0.727095,-3.95508,-0.5,-0.3125,-0.25,-4.74609,-2.37305,-0.615234,-3.25195,0.4375,-0.25,0.5625,-0.234375,3.48
-5.53711,2.54883,0.727095,-3.86719,-0.5,-0.3125,-0.1875,-4.6582,-2.37305,-0.559304,-3.16406,0.4375,-0.25,0.5625,-0.351562,3.49
-5.53711,2.54883,0.727095,-3.95508,-0.5625,-0.3125,-0.25,-4.92188,-2.37305,-0.615234,-3.16406,0.4375,-0.25,0.5625,-0.0585938,3.5
-5.53711,2.54883,0.727095,-3.95508,-0.5,-0.3125,-0.25,-4.74609,-2.37305,-0.559304,-3.25195,0.3125,-0.25,0.5625,-0.292969,3.51
-5.53711,2.54883,0.727095,-3.95508,-0.5,-0.3125,-0.1875,-4.74609,-2.37305,-0.615234,-3.16406,0.4375,-0.25,0.5625,-0.351562,3.52
-5.53711,2.54883,0.727095,-3.86719,-0.5,-0.3125,-0.1875,-4.74609,-2.37305,-0.559304,-3.16406,0.4375,-0.25,0.5625,-0.175781,3.53
-5.53711,2.54883,0.727095,-3.86719,-0.5,-0.3125,-0.1875,-4.74609,-2.37305,-0.559304,-3.16406,0.375,-0.25,0.5625,-0.410156,3.54
-5.53711,2.54883,0.727095,-3.95508,-0.5,-0.3125,-0.25,-4.74609,-2.28516,-0.559304,-3.16406,0.4375,-0.25,0.5625,-0.234375,3.55
-5.53711,2.54883,0.727095,-3.95508,-0.5,-0.3125,-0.1875,-4.74609,-2.37305,-0.559304,-3.16406,0.4375,-0.25,0.5625,-0.351562,3.56
-5.53711,2.54883,0.727095,-3.86719,-0.5,-0.3125,-0.1875,-4.74609,-2.37305,-0.559304,-3.16406,0.375,-0.25,0.5625,-0.0585938,3.57
-5.53711,2.46094,0.671165,-3.95508,-0.5625,-0.3125,-0.1875,-4.92188,-2.37305,-0.559304,-3.16406,0.375,-0.25,0.5625,-0.175781,3.58
-5.44922,2.54883,0.727095,-3.95508,-0.5625,-0.3125,-0.25,-4.74609,-2.37305,-0.615234,-3.16406,0.4375,-0.25,0.5625,-0.234375,3.59
-5.53711,2.54883,0.727095,-3.95508,-0.5625,-0.3125,-0.25,-4.74609,-2.37305,-0.559304,-3.16406,0.3125,-0.25,0.5625,-0.175781,3.6
-5.44922,2.54883,0.727095,-3.86719,-0.5,-0.3125,-0.1875,-4.74609,-2.37305,-0.559304,-3.16406,0.375,-0.25,0.5625,-0.351562,3.61
-5.53711,2.54883,0.727095,-3.86719,-0.5,-0.3125,-0.1875,-4.74609,-2.37305,-0.503374,-3.25195,0.375,-0.25,0.625,-0.292969,3.62
-5.44922,2.54883,0.727095,-3.95508,-0.5,-0.3125,-0.1875,-4.74609,-2.37305,-0.559304,-3.16406,0.4375,-0.25,0.5625,-0.410156,3.63
-5.53711,2.54883,0.727095,-3.95508,-0.5,-0.3125,-0.25,-4.92188,-2.28516,-0.559304,-3.16406,0.4375,-0.25,0.5625,-0.292969,3.64
-5.53711,2.54883,0.671165,-3.86719,-0.5,-0.3125,-0.1875,-4.74609,-2.37305,-0.559304,-3.16406,0.4375,-0.25,0.5625,-0.292969,3.65
-5.44922,2.54883,0.671165,-3.95508,-0.5625,-0.3125,-0.1875,-4.92188,-2.37305,-0.559304,-3.16406,0.375,-0.3125,0.5625,-0.175781,3.66
-5.44922,2.54883,0.727095,-3.95508,-0.5,-0.3125,-0.1875,-4.92188,-2.37305,-0.559304,-3.16406,0.4375,-0.25,0.625,-0.410156,3.67
-5.53711,2.54883,0.727095,-3.86719,-0.5,-0.3125,-0.1875,-4.74609,-2.37305,-0.559304,-3.16406,0.4375,-0.25,0.5625,-0.292969,3.68
-5.53711,2.54883,0.727095,-3.95508,-0.5625,-0.3125,-0.1875,-4.74609,-2.37305,-0.559304,-3.16406,0.4375,-0.25,0.5625,-0.0585938,3.69
-5.53711,2.46094,0.671165,-3.86719,-0.5625,-0.3125,-0.1875,-4.74609,-2.37305,-0.559304,-3.16406,0.4375,-0.25,0.5625,-0.410156,3.7
-5.53711,2.54883,0.671165,-3.86719,-0.5,-0.3125,-0.1875,-4.74609,-2.37305,-0.559304,-3.16406,0.375,-0.3125,0.5625,-0.351562,3.71
-5.44922,2.54883,0.727095,-3.95508,-0.5625,-0.3125,-0.25,-4.74609,-2.28516,-0.559304,-3.16406,0.4375,-0.25,0.5625,-0.234375,3.72
-5.53711,2.54883,0.727095,-3.86719,-0.5625,-0.3125,-0.1875,-4.74609,-2.37305,-0.559304,-3.16406,0.4375,-0.25,0.5625,-0.351562,3.73
-5.44922,2.54883,0.727095,-3.95508,-0.5,-0.3125,-0.1875,-4.74609,-2.37305,-0.559304,-3.16406,0.4375,-0.3125,0.5625,-0.292969,3.74
-5.53711,2.54883,0.727095,-3.86719,-0.5,-0.3125,-0.1875,-4.74609,-2.28516,-0.559304,-3.16406,0.4375,-0.25,0.5625,-0.0585938,3.75
-5.53711,2.54883,0.671165,-3.86719,-0.5625,-0.3125,-0.25,-4.74609,-2.37305,-0.503374,-3.16406,0.4375,-0.25,0.5625,-0.234375,3.76
-5.53711,2.54883,0.671165,-3.86719,-0.5,-0.3125,-0.1875,-4.92188,-2.37305,-0.615234,-3.16406,0.375,-0.25,0.5625,-0.410156,3.77
-5.53711,2.54883,0.727095,-3.95508,-0.5,-0.3125,-0.1875,-4.74609,-2.37305,-0.615234,-3.16406,0.4375,-0.25,0.5625,-0.175781,3.78
-5.53711,2.54883,0.727095,-3.95508,-0.5,-0.3125,-0.25,-4.74609,-2.37305,-0.559304,-3.16406,0.4375,-0.3125,0.5625,-0.0585938,3.79
-5.53711,2.54883,0.727095,-3.95508,-0.5625,-0.3125,-0.25,-4.92188,-2.37305,-0.559304,-3.16406,0.4375,-0.3125,0.5625,-0.410156,3.8
-5.53711,2.54883,0.727095,-3.95508,-0.5,-0.3125,-0.1875,-4.74609,-2.37305,-0.559304,-3.25195,0.4375,-0.25,0.5625,-0.117188,3.81
-5.53711,2.54883,0.727095,-3.86719,-0.5,-0.3125,-0.1875,-4.74609,-2.37305,-0.559304,-3.16406,0.4375,-0.25,0.5625,-0.234375,3.82
-5.53711,2.54883,0.671165,-3.86719,-0.5,-0.3125,-0.1875,-4.92188,-2.28516,-0.559304,-3.25195,0.4375,-0.25,0.5625,0.117188,3.83
-5.44922,2.54883,0.727095,-3.86719,-0.5625,-0.3125,-0.25,-4.92188,-2.37305,-0.559304,-3.25195,0.4375,-0.25,0.5625,-0.527344,3.84
-5.53711,2.54883,0.727095,-3.86719,-0.5625,-0.3125,-0.1875,-4.74609,-2.37305,-0.559304,-3.16406,0.4375,-0.25,0.5625,-0.175781,3.85
-5.53711,2.54883,0.727095,-3.95508,-0.5,-0.3125,-0.25,-4.74609,-2.37305,-0.559304,-3.16406,0.375,-0.25,0.5625,-0.527344,3.86
-5.53711,2.54883,0.727095,-3.95508,-0.5625,-0.3125,-0.1875,-4.74609,-2.37305,-0.559304,-3.16406,0.4375,-0.25,0.5625,-0.292969,3.87
-5.53711,2.54883,0.727095,-3.95508,-0.5625,-0.3125,-0.1875,-4.74609,-2.37305,-0.559304,-3.16406,0.4375,-0.25,0.5625,-0.0585938,3.88
-5.44922,2.54883,0.727095,-3.95508,-0.5,-0.3125,-0.25,-4.92188,-2.37305,-0.615234,-3.16406,0.4375,-0.3125,0.625,-0.175781,3.89
-5.53711,2.54883,0.727095,-3.95508,-0.5,-0.3125,-0.25,-4.74609,-2.37305,-0.559304,-3.16406,0.375,-0.25,0.5625,-0.117188,3.9
-5.53711,2.54883,0.727095,-3.86719,-0.5,-0.3125,-0.25,-4.92188,-2.37305,-0.615234,-3.25195,0.3125,-0.25,0.5625,0,3.91
-5.53711,2.46094,0.727095,-3.95508,-0.5,-0.3125,-0.1875,-4.74609,-2.37305,-0.559304,-3.25195,0.375,-0.25,0.5625,-0.0585938,3.92
-5.53711,2.54883,0.727095,-3.95508,-0.5,-0.3125,-0.1875,-4.74609,-2.37305,-0.559304,-3.16406,0.4375,-0.25,0.5625,-0.117188,3.93
-5.44922,2.54883,0.727095,-3.86719,-0.5,-0.3125,-0.1875,-4.92188,-2.37305,-0.559304,-3.16406,0.4375,-0.25,0.5625,-0.0585938,3.94
-5.53711,2.54883,0.671165,-3.95508,-0.5,-0.3125,-0.25,-4.74609,-2.37305,-0.559304,-3.16406,0.4375,-0.25,0.5625,-0.703125,3.95
-5.53711,2.54883,0.671165,-3.95508,-0.5,-0.3125,-0.25,-4.6582,-2.37305,-0.559304,-3.16406,0.375,-0.25,0.5625,-0.175781,3.96
-5.44922,2.54883,0.727095,-3.95508,-0.5,-0.3125,-0.1875,-4.74609,-2.37305,-0.559304,-3.16406,0.4375,-0.25,0.5625,-0.0585938,3.97
-5.44922,2.54883,0.727095,-3.95508,-0.5,-0.3125,-0.25,-4.92188,-2.37305,-0.559304,-3.16406,0.4375,-0.25,0.5625,-0.351562,3.98
-5.53711,2.54883,0.727095,-3.86719,-0.5,-0.3125,-0.1875,-4.74609,-2.37305,-0.559304,-3.16406,0.375,-0.25,0.5625,-0.234375,3.99
-5.53711,2.54883,0.727095,-3.86719,-0.5625,-0.3125,-0.1875,-4.74609,-2.28516,-0.559304,-3.16406,0.4375,-0.25,0.5625,-0.46875,4
-5.53711,2.54883,0.727095,-3.86719,-0.5,-0.3125,-0.1875,-4.92188,-2.37305,-0.615234,-3.16406,0.4375,-0.25,0.5625,0,4.01
-5.53711,2.54883,0.727095,-3.95508,-0.5,-0.3125,-0.1875,-4.74609,-2.37305,-0.503374,-3.16406,0.375,-0.25,0.5625,-0.0585938,4.02
-5.53711,2.54883,0.727095,-3.95508,-0.5625,-0.3125,-0.25,-4.92188,-2.37305,-0.559304,-3.16406,0.375,-0.25,0.5625,-0.175781,4.03
-5.53711,2.54883,0.727095,-3.86719,-0.5,-0.3125,-0.25,-4.74609,-2.37305,-0.559304,-3.25195,0.375,-0.25,0.5625,-0.175781,4.04
-5.53711,2.54883,0.727095,-3.95508,-0.5,-0.3125,-0.25,-4.74609,-2.37305,-0.559304,-3.16406,0.4375,-0.25,0.5625,-0.292969,4.05
-5.53711,2.54883,0.727095,-3.86719,-0.5,-0.3125,-0.1875,-4.74609,-2.37305,-0.559304,-3.16406,0.4375,-0.25,0.5625,-0.410156,4.06
-5.53711,2.54883,0.727095,-3.86719,-0.5,-0.3125,-0.1875,-4.74609,-2.37305,-0.503374,-3.16406,0.3125,-0.25,0.5625,-0.292969,4.07
-5.53711,2.54883,0.671165,-3.86719,-0.5,-0.3125,-0.1875,-4.74609,-2.37305,-0.559304,-3.16406,0.375,-0.25,0.5625,-0.175781,4.08
-5.53711,2.54883,0.727095,-3.95508,-0.5,-0.3125,-0.1875,-4.74609,-2.37305,-0.559304,-3.16406,0.375,-0.25,0.5625,-0.410156,4.09
-5.53711,2.54883,0.671165,-3.95508,-0.5,-0.3125,-0.1875,-4.74609,-2.37305,-0.559304,-3.16406,0.3125,-0.25,0.5625,-0.585938,4.1
-5.53711,2.54883,0.727095,-3.95508,-0.5,-0.3125,-0.1875,-4.92188,-2.37305,-0.559304,-3.25195,0.375,-0.25,0.5625,0,4.11
-5.53711,2.63672,0.671165,-3.95508,-0.5,-0.3125,-0.1875,-4.74609,-2.37305,-0.559304,-3.25195,0.3125,-0.3125,0.5625,-0.117188,4.12
-5.53711,2.54883,0.671165,-3.86719,-0.5,-0.3125,-0.25,-4.74609,-2.37305,-0.559304,-3.16406,0.375,-0.25,0.5625,-0.117188,4.13
-5.44922,2.54883,0.727095,-3.95508,-0.5,-0.3125,-0.25,-4.92188,-2.28516,-0.559304,-3.16406,0.4375,-0.25,0.5625,-0.0585938,4.14
-5.53711,2.46094,0.727095,-3.95508,-0.5,-0.3125,-0.1875,-4.92188,-2.37305,-0.559304,-3.16406,0.3125,-0.25,0.5625,-0.410156,4.15
-5.53711,2.54883,0.727095,-3.95508,-0.5,-0.3125,-0.1875,-4.74609,-2.28516,-0.559304,-3.16406,0.4375,-0.25,0.5625,-0.234375,4.16
-5.53711,2.54883,0.671165,-3.86719,-0.5,-0.3125,-0.1875,-4.74609,-2.28516,-0.615234,-3.16406,0.4375,-0.25,0.5625,0.175781,4.17
-5.53711,2.54883,0.727095,-3.95508,-0.5,-0.3125,-0.25,-4.74609,-2.37305,-0.615234,-3.16406,0.4375,-0.25,0.5625,-0.527344,4.18
-5.44922,2.54883,0.727095,-3.95508,-0.5,-0.3125,-0.25,-4.74609,-2.37305,-0.559304,-3.16406,0.375,-0.25,0.5625,-0.410156,4.19
-5.53711,2.54883,0.727095,-3.86719,-0.5,-0.3125,-0.25,-4.74609,-2.37305,-0.559304,-3.16406,0.4375,-0.25,0.5625,-0.292969,4.2
-5.44922,2.46094,0.727095,-3.86719,-0.5,-0.3125,-0.25,-4.6582,-2.37305,-0.559304,-3.16406,0.375,-0.3125,0.5625,-0.234375,4.21
-5.53711,2.54883,0.727095,-3.95508,-0.5,-0.3125,-0.1875,-4.74609,-2.37305,-0.559304,-3.16406,0.375,-0.25,0.5625,-0.292969,4.22
-5.53711,2.54883,0.727095,-3.95508,-0.5,-0.3125,-0.25,-4.74609,-2.37305,-0.559304,-3.16406,0.3125,-0.25,0.5625,-0.292969,4.23
-5.53711,2.54883,0.727095,-3.95508,-0.5,-0.3125,-0.1875,-4.74609,-2.37305,-0.559304,-3.16406,0.4375,-0.25,0.5625,-0.46875,4.24
-5.53711,2.54883,0.727095,-3.95508,-0.5,-0.3125,-0.1875,-4.74609,-2.28516,-0.615234,-3.16406,0.4375,-0.25,0.5625,-0.175781,4.25
-5.53711,2.54883,0.727095,-3.95508,-0.5625,-0.3125,-0.1875,-4.74609,-2.37305,-0.559304,-3.16406,0.4375,-0.25,0.5625,-0.117188,4.26
-5.53711,2.54883,0.727095,-3.86719,-0.5,-0.3125,-0.1875,-4.74609,-2.37305,-0.559304,-3.16406,0.4375,-0.25,0.5625,-0.175781,4.27
-5.53711,2.54883,0.727095,-3.95508,-0.5625,-0.3125,-0.1875,-4.74609,-2.37305,-0.559304,-3.16406,0.375,-0.3125,0.5625,-0.410156,4.28
-5.44922,2.54883,0.727095,-3.86719,-0.5625,-0.3125,-0.1875,-4.74609,-2.37305,-0.559304,-3.16406,0.375,-0.25,0.5625,-0.410156,4.29
-5.53711,2.54883,0.727095,-3.95508,-0.5,-0.3125,-0.1875,-4.74609,-2.37305,-0.559304,-3.16406,0.4375,-0.25,0.5625,0.410156,4.3
-5.53711,2.54883,0.727095,-3.95508,-0.5,-0.3125,-0.1875,-4.92188,-2.37305,-0.559304,-3.16406,0.375,-0.25,0.5625,-0.175781,4.31
-5.53711,2.54883,0.727095,-3.95508,-0.5,-0.3125,-0.1875,-4.92188,-2.37305,-0.559304,-3.16406,0.4375,-0.25,0.5625,-0.234375,4.32
-5.53711,2.54883,0.727095,-3.95508,-0.5,-0.3125,-0.1875,-4.74609,-2.37305,-0.559304,-3.16406,0.4375,-0.25,0.5625,-0.117188,4.33
-5.53711,2.54883,0.671165,-3.86719,-0.5,-0.3125,-0.1875,-4.74609,-2.37305,-0.559304,-3.16406,0.4375,-0.25,0.5625,-0.527344,4.34
-5.53711,2.54883,0.727095,-3.86719,-0.5625,-0.3125,-0.25,-4.74609,-2.37305,-0.559304,-3.16406,0.4375,-0.3125,0.5625,-0.410156,4.35
-5.53711,2.54883,0.727095,-3.86719,-0.5,-0.3125,-0.1875,-4.74609,-2.37305,-0.559304,-3.16406,0.375,-0.25,0.5625,0,4.36
-5.53711,2.54883,0.727095,-3.95508,-0.5,-0.3125,-0.25,-4.74609,-2.37305,-0.559304,-3.16406,0.375,-0.25,0.5625,-0.175781,4.37001
-5.53711,2.54883,0.671165,-3.95508,-0.5,-0.3125,-0.1875,-4.74609,-2.37305,-0.559304,-3.16406,0.4375,-0.25,0.5625,-0.175781,4.38001
-5.53711,2.54883,0.727095,-3.86719,-0.5,-0.3125,-0.25,-4.74609,-2.37305,-0.559304,-3.16406,0.3125,-0.25,0.5625,-0.0585938,4.39001
-5.53711,2.54883,0.727095,-3.86719,-0.5,-0.3125,-0.1875,-4.74609,-2.28516,-0.559304,-3.16406,0.375,-0.25,0.5625,-0.175781,4.40001
-5.53711,2.54883,0.727095,-3.95508,-0.5,-0.3125,-0.1875,-4.74609,-2.28516,-0.559304,-3.25195,0.4375,-0.25,0.5625,-0.46875,4.41001
-5.53711,2.54883,0.727095,-3.95508,-0.5,-0.3125,-0.1875,-4.74609,-2.37305,-0.559304,-3.16406,0.375,-0.25,0.5625,-0.527344,4.42001
-5.44922,2.54883,0.727095,-3.95508,-0.5,-0.3125,-0.25,-4.74609,-2.37305,-0.559304,-3.16406,0.375,-0.25,0.5625,-0.175781,4.43001
-5.44922,2.54883,0.727095,-3.95508,-0.5,-0.3125,-0.1875,-4.74609,-2.37305,-0.559304,-3.16406,0.375,-0.25,0.5625,0.175781,4.44001
-5.53711,2.54883,0.727095,-3.95508,-0.5,-0.3125,-0.25,-4.6582,-2.37305,-0.559304,-3.16406,0.375,-0.25,0.5625,0.117188,4.45001
-5.44922,2.54883,0.727095,-3.95508,-0.5,-0.3125,-0.1875,-4.74609,-2.37305,-0.559304,-3.16406,0.4375,-0.25,0.5625,-0.175781,4.46001
-5.44922,2.54883,0.671165,-3.86719,-0.5,-0.3125,-0.1875,-4.92188,-2.37305,-0.559304,-3.16406,0.4375,-0.25,0.5625,-0.46875,4.47001
-5.44922,2.54883,0.727095,-3.95508,-0.5,-0.3125,-0.1875,-4.74609,-2.37305,-0.503374,-3.16406,0.4375,-0.25,0.5625,-0.175781,4.48001
-5.44922,2.54883,0.727095,-3.95508,-0.5,-0.3125,-0.1875,-4.92188,-2.37305,-0.559304,-3.16406,0.4375,-0.25,0.5625,-0.351562,4.49001
-5.53711,2.54883,0.727095,-3.95508,-0.5,-0.3125,-0.25,-4.74609,-2.37305,-0.559304,-3.25195,0.4375,-0.25,0.5625,-0.234375,4.50001
-5.53711,2.54883,0.727095,-3.95508,-0.5,-0.3125,-0.25,-4.74609,-2.37305,-0.559304,-3.16406,0.4375,-0.3125,0.5625,0,4.51001
-5.53711,2.54883,0.727095,-3.95508,-0.5,-0.3125,-0.1875,-4.92188,-2.37305,-0.559304,-3.16406,0.4375,-0.25,0.5625,-0.351562,4.52001
-5.53711,2.54883,0.727095,-3.95508,-0.5,-0.3125,-0.25,-4.92188,-2.37305,-0.615234,-3.16406,0.4375,-0.25,0.5625,-0.117188,4.53001
-5.53711,2.54883,0.671165,-3.95508,-0.5,-0.3125,-0.1875,-4.74609,-2.37305,-0.615234,-3.16406,0.375,-0.25,0.5625,-0.292969,4.54001
-5.53711,2.54883,0.671165,-3.95508,-0.5,-0.3125,-0.1875,-4.74609,-2.37305,-0.559304,-3.16406,0.4375,-0.25,0.625,-0.0585938,4.55001
-5.53711,2.54883,0.671165,-3.86719,-0.5,-0.3125,-0.1875,-4.92188,-2.37305,-0.559304,-3.16406,0.375,-0.25,0.5625,-0.351562,4.56001
-5.53711,2.54883,0.727095,-3.86719,-0.5625,-0.3125,-0.25,-4.74609,-2.37305,-0.559304,-3.16406,0.4375,-0.25,0.5625,-0.175781,4.57001
-5.53711,2.54883,0.727095,-3.86719,-0.5,-0.3125,-0.1875,-4.74609,-2.37305,-0.559304,-3.16406,0.375,-0.25,0.5625,-0.292969,4.58001
-5.53711,2.54883,0.727095,-3.95508,-0.5,-0.3125,-0.1875,-4.74609,-2.37305,-0.559304,-3.16406,0.375,-0.3125,0.5625,-0.292969,4.59001
-5.44922,2.54883,0.727095,-3.95508,-0.5,-0.3125,-0.1875,-4.74609,-2.37305,-0.559304,-3.16406,0.4375,-0.25,0.5625,-0.117188,4.60001
-5.53711,2.54883,0.727095,-3.95508,-0.5,-0.3125,-0.1875,-4.74609,-2.37305,-0.503374,-3.16406,0.375,-0.25,0.5625,0.0585938,4.61001
-5.53711,2.54883,0.727095,-3.95508,-0.5,-0.3125,-0.1875,-4.74609,-2.37305,-0.559304,-3.16406,0.4375,-0.25,0.5625,-0.292969,4.62001
-5.53711,2.54883,0.727095,-3.86719,-0.5,-0.3125,-0.25,-4.92188,-2.37305,-0.503374,-3.16406,0.4375,-0.3125,0.5625,-0.117188,4.63001
-5.44922,2.54883,0.727095,-3.86719,-0.5,-0.3125,-0.1875,-4.92188,-2.37305,-0.559304,-3.16406,0.4375,-0.25,0.5625,-0.117188,4.64001
-5.53711,2.54883,0.727095,-3.95508,-0.5625,-0.3125,-0.1875,-4.74609,-2.37305,-0.503374,-3.16406,0.4375,-0.25,0.5625,-0.117188,4.65001
-5.53711,2.54883,0.727095,-3.95508,-0.5,-0.3125,-0.1875,-4.74609,-2.37305,-0.559304,-3.16406,0.4375,-0.3125,0.5625,-0.351562,4.66001
-5.53711,2.54883,0.727095,-3.95508,-0.5,-0.3125,-0.25,-4.92188,-2.37305,-0.559304,-3.16406,0.375,-0.25,0.5625,-0.410156,4.67001
-5.53711,2.54883,0.727095,-3.86719,-0.5,-0.3125,-0.1875,-4.74609,-2.37305,-0.559304,-3.16406,0.4375,-0.25,0.5625,0,4.68001
-5.44922,2.54883,0.727095,-3.86719,-0.5,-0.3125,-0.1875,-4.74609,-2.37305,-0.559304,-3.16406,0.3125,-0.25,0.5625,-0.175781,4.69001
-5.53711,2.54883,0.727095,-3.86719,-0.5625,-0.3125,-0.1875,-4.92188,-2.37305,-0.559304,-3.16406,0.375,-0.25,0.5625,-0.234375,4.70001
-5.53711,2.46094,0.727095,-3.95508,-0.5625,-0.3125,-0.1875,-4.6582,-2.37305,-0.615234,-3.16406,0.4375,-0.25,0.5625,-0.0585938,4.71001
-5.53711,2.54883,0.727095,-3.95508,-0.5,-0.3125,-0.1875,-4.74609,-2.37305,-0.559304,-3.16406,0.4375,-0.25,0.5625,0.410156,4.72001
-5.53711,2.54883,0.671165,-3.95508,-0.5,-0.3125,-0.1875,-4.74609,-2.37305,-0.503374,-3.16406,0.4375,-0.25,0.5625,-0.117188,4.73001
-5.53711,2.54883,0.727095,-3.86719,-0.5,-0.3125,-0.1875,-4.74609,-2.37305,-0.559304,-3.16406,0.3125,-0.25,0.5625,-0.0585938,4.74001
-5.44922,2.54883,0.727095,-3.86719,-0.5625,-0.3125,-0.25,-4.74609,-2.37305,-0.559304,-3.16406,0.4375,-0.25,0.5625,-0.234375,4.75001
-5.53711,2.54883,0.727095,-3.95508,-0.5625,-0.3125,-0.25,-4.92188,-2.37305,-0.559304,-3.16406,0.375,-0.25,0.5625,-0.0585938,4.76001
-5.53711,2.54883,0.727095,-3.86719,-0.5,-0.3125,-0.1875,-4.92188,-2.28516,-0.559304,-3.16406,0.3125,-0.25,0.5625,-0.46875,4.77001
-5.53711,2.54883,0.727095,-3.95508,-0.5,-0.3125,-0.1875,-4.74609,-2.37305,-0.559304,-3.16406,0.4375,-0.25,0.5625,-0.175781,4.78001
-5.53711,2.54883,0.727095,-3.95508,-0.5,-0.3125,-0.25,-4.92188,-2.37305,-0.559304,-3.16406,0.4375,-0.25,0.5625,-0.175781,4.79001
-5.53711,2.54883,0.727095,-3.95508,-0.5,-0.3125,-0.1875,-4.74609,-2.28516,-0.559304,-3.16406,0.3125,-0.25,0.5625,-0.0585938,4.80001
-5.53711,2.54883,0.727095,-3.95508,-0.5,-0.3125,-0.25,-4.74609,-2.37305,-0.559304,-3.16406,0.4375,-0.25,0.5625,-0.410156,4.81002
-5.53711,2.54883,0.727095,-3.95508,-0.5,-0.3125,-0.25,-4.92188,-2.37305,-0.559304,-3.16406,0.4375,-0.25,0.5625,-0.234375,4.82002
-5.53711,2.54883,0.671165,-3.95508,-0.5625,-0.3125,-0.1875,-4.74609,-2.37305,-0.559304,-3.16406,0.375,-0.25,0.5625,0.410156,4.83002
-5.53711,2.54883,0.727095,-3.95508,-0.5625,-0.3125,-0.1875,-4.92188,-2.37305,-0.559304,-3.16406,0.4375,-0.25,0.5625,0.234375,4.84002
-5.53711,2.54883,0.727095,-3.95508,-0.5,-0.3125,-0.1875,-4.74609,-2.37305,-0.559304,-3.16406,0.4375,-0.25,0.5625,-0.410156,4.85002
-5.44922,2.54883,0.727095,-3.95508,-0.5,-0.3125,-0.1875,-4.92188,-2.37305,-0.559304,-3.16406,0.4375,-0.25,0.5625,-0.175781,4.86002
-5.53711,2.54883,0.727095,-3.95508,-0.5,-0.3125,-0.1875,-4.92188,-2.28516,-0.559304,-3.16406,0.375,-0.25,0.5625,0,4.87002
-5.53711,2.54883,0.727095,-3.95508,-0.5,-0.3125,-0.1875,-4.74609,-2.37305,-0.559304,-3.16406,0.3125,-0.25,0.5625,-0.117188,4.88002
-5.53711,2.54883,0.727095,-3.95508,-0.5,-0.3125,-0.1875,-4.74609,-2.37305,-0.559304,-3.16406,0.4375,-0.25,0.5625,0,4.89002
-5.53711,2.54883,0.671165,-3.95508,-0.5,-0.3125,-0.25,-4.92188,-2.37305,-0.559304,-3.25195,0.4375,-0.25,0.5625,-0.292969,4.90002
-5.53711,2.54883,0.671165,-3.86719,-0.5,-0.3125,-0.1875,-4.92188,-2.37305,-0.559304,-3.16406,0.4375,-0.25,0.5625,0.117188,4.91002
-5.53711,2.54883,0.727095,-3.95508,-0.5,-0.3125,-0.25,-4.74609,-2.37305,-0.559304,-3.16406,0.3125,-0.25,0.625,-0.292969,4.92002
-5.44922,2.54883,0.727095,-3.95508,-0.5,-0.3125,-0.1875,-4.74609,-2.37305,-0.559304,-3.25195,0.375,-0.25,0.5625,-0.292969,4.93002
-5.53711,2.54883,0.727095,-3.95508,-0.5,-0.3125,-0.1875,-4.74609,-2.37305,-0.559304,-3.25195,0.3125,-0.3125,0.5625,-0.292969,4.94002
-5.53711,2.54883,0.727095,-3.86719,-0.5,-0.3125,-0.25,-4.74609,-2.37305,-0.559304,-3.16406,0.3125,-0.25,0.5625,-0.46875,4.95002
-5.44922,2.54883,0.727095,-3.95508,-0.5,-0.3125,-0.1875,-4.74609,-2.37305,-0.559304,-3.16406,0.4375,-0.25,0.5625,-0.351562,4.96002
-5.53711,2.54883,0.727095,-3.86719,-0.5,-0.3125,-0.1875,-4.74609,-2.37305,-0.559304,-3.16406,0.375,-0.25,0.625,-0.527344,4.97002
-5.53711,2.54883,0.727095,-3.95508,-0.5,-0.3125,-0.3125,-4.74609,-2.37305,-0.559304,-3.16406,0.375,-0.25,0.5625,-0.46875,4.98002
-5.53711,2.54883,0.727095,-3.95508,-0.5,-0.3125,-0.1875,-4.92188,-2.37305,-0.559304,-3.16406,0.4375,-0.25,0.5625,-0.175781,4.99002
-5.53711,2.54883,0.671165,-3.95508,-0.5,-0.3125,-0.25,-4.74609,-2.37305,-0.559304,-3.16406,0.4375,-0.25,0.5625,-0.0585938,5.00002
-5.53711,2.54883,0.671165,-3.95508,-0.5,-0.3125,-0.1875,-4.92188,-2.37305,-0.559304,-3.16406,0.4375,-0.25,0.5625,-0.117188,5.01002
-5.53711,2.54883,0.671165,-3.86719,-0.5,-0.3125,-0.1875,-4.74609,-2.37305,-0.503374,-3.16406,0.4375,-0.25,0.5625,-0.175781,5.02002
-5.44922,2.54883,0.727095,-3.95508,-0.5,-0.3125,-0.1875,-4.92188,-2.37305,-0.559304,-3.16406,0.3125,-0.25,0.5625,-0.175781,5.03002
-5.53711,2.54883,0.671165,-3.95508,-0.5625,-0.3125,-0.1875,-4.74609,-2.28516,-0.559304,-3.16406,0.4375,-0.25,0.5625,-0.46875,5.04002
-5.53711,2.54883,0.727095,-3.86719,-0.5,-0.3125,-0.1875,-4.92188,-2.37305,-0.559304,-3.16406,0.4375,-0.25,0.5625,-0.234375,5.05002
-5.53711,2.54883,0.727095,-3.95508,-0.5,-0.3125,-0.1875,-4.74609,-2.37305,-0.559304,-3.16406,0.375,-0.25,0.5625,-0.351562,5.06002
-5.53711,2.54883,0.727095,-3.95508,-0.5,-0.3125,-0.25,-4.74609,-2.37305,-0.559304,-3.16406,0.4375,-0.25,0.5625,-0.292969,5.07002
-5.53711,2.54883,0.727095,-3.95508,-0.5,-0.3125,-0.1875,-4.74609,-2.28516,-0.559304,-3.16406,0.375,-0.25,0.5625,-0.292969,5.08002
-5.53711,2.54883,0.727095,-3.95508,-0.5,-0.3125,-0.1875,-4.74609,-2.28516,-0.559304,-3.16406,0.3125,-0.25,0.5625,-0.351562,5.09002
-5.53711,2.54883,0.671165,-3.95508,-0.5,-0.3125,-0.1875,-4.74609,-2.37305,-0.559304,-3.16406,0.3125,-0.25,0.5625,-0.292969,5.10002
-5.53711,2.54883,0.727095,-3.86719,-0.5,-0.3125,-0.1875,-4.74609,-2.37305,-0.559304,-3.16406,0.3125,-0.25,0.5625,-0.234375,5.11002
-5.44922,2.54883,0.727095,-3.95508,-0.5,-0.3125,-0.1875,-4.92188,-2.37305,-0.559304,-3.16406,0.375,-0.25,0.5625,-0.410156,5.12002
-5.53711,2.54883,0.727095,-3.95508,-0.5625,-0.3125,-0.1875,-4.92188,-2.28516,-0.559304,-3.16406,0.375,-0.25,0.5625,-0.410156,5.13002
-5.53711,2.54883,0.727095,-3.95508,-0.5,-0.3125,-0.1875,-4.6582,-2.37305,-0.559304,-3.16406,0.375,-0.25,0.5625,-0.292969,5.14002
-5.44922,2.54883,0.727095,-3.86719,-0.5625,-0.3125,-0.25,-4.74609,-2.37305,-0.559304,-3.16406,0.375,-0.3125,0.5625,-0.234375,5.15002
-5.53711,2.54883,0.727095,-3.95508,-0.5,-0.3125,-0.1875,-4.74609,-2.37305,-0.559304,-3.16406,0.375,-0.25,0.5625,-0.292969,5.16002
-5.53711,2.54883,0.727095,-3.95508,-0.5,-0.3125,-0.1875,-4.74609,-2.37305,-0.559304,-3.16406,0.4375,-0.25,0.5625,0,5.17002
-5.44922,2.54883,0.727095,-3.86719,-0.5,-0.3125,-0.1875,-4.74609,-2.37305,-0.559304,-3.16406,0.3125,-0.25,0.625,-0.0585938,5.18002
-5.53711,2.54883,0.727095,-3.95508,-0.5,-0.3125,-0.1875,-4.74609,-2.37305,-0.559304,-3.16406,0.4375,-0.25,0.5625,-0.175781,5.19002
-5.44922,2.46094,0.727095,-3.95508,-0.5,-0.3125,-0.1875,-4.74609,-2.37305,-0.559304,-3.16406,0.4375,-0.25,0.5625,-0.175781,5.20002
-5.53711,2.54883,0.727095,-3.86719,-0.5,-0.3125,-0.1875,-4.74609,-2.37305,-0.559304,-3.16406,0.4375,-0.25,0.5625,-0.351562,5.21002
-5.44922,2.63672,0.727095,-3.95508,-0.5625,-0.3125,-0.25,-4.74609,-2.37305,-0.559304,-3.16406,0.4375,-0.25,0.5625,-0.175781,5.22002
-5.53711,2.54883,0.727095,-3.95508,-0.5,-0.3125,-0.1875,-4.74609,-2.37305,-0.559304,-3.16406,0.375,-0.25,0.5625,-0.234375,5.23002
-5.53711,2.54883,0.727095,-3.95508,-0.5,-0.3125,-0.25,-4.74609,-2.37305,-0.559304,-3.16406,0.4375,-0.25,0.5625,-0.527344,5.24003
-5.53711,2.54883,0.727095,-3.95508,-0.5,-0.3125,-0.1875,-4.74609,-2.37305,-0.615234,-3.16406,0.375,-0.25,0.5625,-0.234375,5.25003
-5.53711,2.54883,0.727095,-3.95508,-0.5,-0.3125,-0.1875,-4.92188,-2.37305,-0.559304,-3.16406,0.4375,-0.3125,0.5625,-0.175781,5.26003
-5.53711,2.54883,0.727095,-3.95508,-0.5625,-0.3125,-0.25,-4.74609,-2.28516,-0.559304,-3.16406,0.4375,-0.25,0.5625,-0.0585938,5.27003
-5.53711,2.54883,0.727095,-3.95508,-0.5,-0.3125,-0.1875,-4.74609,-2.37305,-0.559304,-3.16406,0.375,-0.25,0.5625,-0.0585938,5.28003
-5.53711,2.54883,0.727095,-3.95508,-0.5,-0.3125,-0.1875,-4.74609,-2.28516,-0.559304,-3.16406,0.4375,-0.25,0.5625,-0.292969,5.29003
-5.53711,2.54883,0.727095,-3.95508,-0.5,-0.3125,-0.1875,-4.92188,-2.37305,-0.559304,-3.16406,0.4375,-0.25,0.5625,-0.117188,5.30003
-5.44922,2.54883,0.727095,-3.95508,-0.5625,-0.3125,-0.25,-4.74609,-2.37305,-0.559304,-3.16406,0.375,-0.25,0.5625,-0.351562,5.31003
-5.53711,2.54883,0.727095,-3.95508,-0.5,-0.3125,-0.1875,-4.74609,-2.37305,-0.559304,-3.16406,0.4375,-0.25,0.5625,-0.117188,5.32003
-5.53711,2.54883,0.727095,-3.86719,-0.5,-0.3125,-0.1875,-4.74609,-2.37305,-0.559304,-3.16406,0.375,-0.25,0.5625,0.175781,5.33003
-5.53711,2.54883,0.727095,-3.95508,-0.5,-0.3125,-0.1875,-4.74609,-2.37305,-0.615234,-3.16406,0.4375,-0.25,0.5625,-0.292969,5.34003
-5.53711,2.54883,0.727095,-3.95508,-0.5625,-0.3125,-0.1875,-4.92188,-2.37305,-0.503374,-3.16406,0.4375,-0.25,0.5625,-0.175781,5.35003
-5.53711,2.54883,0.727095,-3.95508,-0.5,-0.3125,-0.25,-4.74609,-2.28516,-0.503374,-3.25195,0.4375,-0.25,0.5625,-0.351562,5.36003
-5.53711,2.54883,0.727095,-3.95508,-0.5,-0.3125,-0.1875,-4.74609,-2.37305,-0.559304,-3.25195,0.375,-0.3125,0.5625,-0.175781,5.37003
-5.53711,2.54883,0.727095,-3.95508,-0.5,-0.3125,-0.25,-4.74609,-2.37305,-0.559304,-3.16406,0.4375,-0.25,0.5625,0,5.38003
-5.53711,2.54883,0.727095,-3.95508,-0.5,-0.3125,-0.1875,-4.74609,-2.37305,-0.559304,-3.16406,0.4375,-0.25,0.5625,-0.117188,5.39003
-5.53711,2.54883,0.727095,-3.95508,-0.5,-0.3125,-0.1875,-4.74609,-2.37305,-0.559304,-3.16406,0.375,-0.25,0.5625,-0.175781,5.40003
-5.53711,2.54883,0.671165,-3.95508,-0.5,-0.3125,-0.25,-4.92188,-2.37305,-0.559304,-3.25195,0.4375,-0.25,0.5625,0,5.41003
-5.53711,2.54883,0.671165,-3.86719,-0.5,-0.3125,-0.1875,-4.74609,-2.37305,-0.615234,-3.25195,0.375,-0.25,0.5625,-0.117188,5.42003
-5.53711,2.54883,0.727095,-3.95508,-0.5,-0.3125,-0.1875,-4.74609,-2.37305,-0.559304,-3.25195,0.4375,-0.25,0.5625,-0.234375,5.43003
-5.44922,2.54883,0.727095,-3.86719,-0.5,-0.3125,-0.25,-4.74609,-2.37305,-0.615234,-3.16406,0.375,-0.25,0.5625,-0.0585938,5.44003
-5.53711,2.54883,0.727095,-3.95508,-0.5625,-0.3125,-0.1875,-4.74609,-2.37305,-0.559304,-3.16406,0.4375,-0.25,0.5625,-0.292969,5.45003
-5.53711,2.54883,0.727095,-3.95508,-0.5,-0.3125,-0.1875,-4.74609,-2.37305,-0.559304,-3.16406,0.4375,-0.25,0.5625,-0.351562,5.46003
-5.44922,2.54883,0.727095,-3.95508,-0.5,-0.3125,-0.25,-4.74609,-2.37305,-0.559304,-3.16406,0.375,-0.25,0.5625,-0.292969,5.47003
-5.44922,2.54883,0.727095,-3.95508,-0.5,-0.3125,-0.1875,-4.74609,-2.37305,-0.559304,-3.16406,0.4375,-0.25,0.5625,-0.175781,5.48003
-5.53711,2.54883,0.727095,-3.86719,-0.5,-0.3125,-0.1875,-4.74609,-2.37305,-0.559304,-3.16406,0.4375,-0.25,0.5625,-0.351562,5.49003
-5.53711,2.54883,0.727095,-3.86719,-0.5,-0.3125,-0.25,-4.74609,-2.37305,-0.559304,-3.16406,0.4375,-0.25,0.5625,-0.527344,5.50003
-5.53711,2.46094,0.671165,-3.86719,-0.5,-0.3125,-0.1875,-4.92188,-2.37305,-0.559304,-3.16406,0.375,-0.25,0.5625,-0.46875,5.51003
-5.53711,2.46094,0.727095,-3.95508,-0.5,-0.3125,-0.1875,-4.74609,-2.28516,-0.559304,-3.16406,0.4375,-0.25,0.5625,-0.292969,5.52003
-5.53711,2.54883,0.671165,-3.95508,-0.5,-0.3125,-0.25,-4.74609,-2.37305,-0.559304,-3.16406,0.4375,-0.25,0.5625,-0.234375,5.53003
-5.53711,2.54883,0.727095,-3.95508,-0.5,-0.3125,-0.1875,-4.74609,-2.37305,-0.559304,-3.16406,0.4375,-0.25,0.5625,-0.292969,5.54003
-5.53711,2.54883,0.727095,-3.95508,-0.5,-0.3125,-0.1875,-4.74609,-2.28516,-0.559304,-3.16406,0.4375,-0.25,0.5625,-0.410156,5.55003
-5.53711,2.63672,0.727095,-3.86719,-0.5,-0.3125,-0.25,-4.74609,-2.37305,-0.615234,-3.16406,0.4375,-0.25,0.5625,-0.0585938,5.56003
-5.53711,2.54883,0.727095,-3.86719,-0.5,-0.3125,-0.1875,-4.74609,-2.37305,-0.559304,-3.16406,0.375,-0.25,0.5625,-0.175781,5.57003
-5.53711,2.54883,0.671165,-3.95508,-0.5,-0.3125,-0.1875,-4.74609,-2.37305,-0.559304,-3.16406,0.375,-0.25,0.5625,-0.410156,5.58003
-5.44922,2.54883,0.671165,-3.95508,-0.5,-0.3125,-0.25,-4.92188,-2.28516,-0.559304,-3.16406,0.4375,-0.25,0.5625,0.117188,5.59003
-5.53711,2.54883,0.671165,-3.95508,-0.5,-0.3125,-0.25,-4.74609,-2.37305,-0.559304,-3.16406,0.4375,-0.25,0.5625,-0.117188,5.60003
-5.44922,2.54883,0.671165,-3.95508,-0.5,-0.3125,-0.1875,-4.92188,-2.37305,-0.559304,-3.16406,0.4375,-0.25,0.5625,0,5.61003
-5.53711,2.54883,0.727095,-3.95508,-0.5625,-0.3125,-0.1875,-4.74609,-2.37305,-0.559304,-3.16406,0.3125,-0.25,0.5625,-0.117188,5.62003
-5.53711,2.54883,0.727095,-3.86719,-0.5,-0.3125,-0.25,-4.74609,-2.37305,-0.559304,-3.16406,0.4375,-0.25,0.5625,0.292969,5.63003
-5.53711,2.54883,0.727095,-3.86719,-0.5625,-0.3125,-0.25,-4.92188,-2.37305,-0.559304,-3.16406,0.4375,-0.3125,0.5625,-0.175781,5.64003
-5.53711,2.54883,0.727095,-3.95508,-0.5625,-0.3125,-0.25,-4.74609,-2.37305,-0.559304,-3.16406,0.4375,-0.25,0.5625,-0.46875,5.65003
-5.53711,2.54883,0.727095,-3.95508,-0.5,-0.3125,-0.1875,-4.74609,-2.37305,-0.503374,-3.16406,0.4375,-0.3125,0.5625,-0.0585938,5.66003
-5.53711,2.46094,0.727095,-3.95508,-0.5,-0.3125,-0.25,-4.74609,-2.37305,-0.559304,-3.16406,0.4375,-0.25,0.5625,-0.351562,5.67003
-5.53711,2.54883,0.727095,-3.95508,-0.5,-0.3125,-0.1875,-4.74609,-2.37305,-0.559304,-3.16406,0.375,-0.25,0.5625,-0.234375,5.68004
-5.53711,2.54883,0.727095,-3.95508,-0.5,-0.3125,-0.1875,-4.74609,-2.37305,-0.559304,-3.16406,0.4375,-0.25,0.5625,-0.351562,5.69004
-5.53711,2.54883,0.727095,-3.95508,-0.5,-0.3125,-0.1875,-4.74609,-2.37305,-0.559304,-3.16406,0.4375,-0.25,0.5625,-0.234375,5.70004
-5.44922,2.54883,0.727095,-3.86719,-0.5,-0.3125,-0.1875,-4.74609,-2.37305,-0.503374,-3.16406,0.4375,-0.25,0.5625,-0.351562,5.71004
-5.44922,2.63672,0.727095,-3.95508,-0.5,-0.3125,-0.1875,-4.92188,-2.37305,-0.559304,-3.16406,0.4375,-0.25,0.5625,-0.0585938,5.72004
-5.53711,2.54883,0.727095,-3.95508,-0.5,-0.3125,-0.25,-4.6582,-2.37305,-0.559304,-3.16406,0.4375,-0.25,0.5625,-0.175781,5.73004
-5.53711,2.54883,0.671165,-3.95508,-0.5,-0.3125,-0.25,-4.74609,-2.37305,-0.503374,-3.25195,0.375,-0.25,0.5625,-0.234375,5.74004
-5.53711,2.46094,0.727095,-3.86719,-0.5,-0.3125,-0.1875,-4.74609,-2.37305,-0.615234,-3.16406,0.4375,-0.25,0.5625,-0.0585938,5.75004
-5.44922,2.54883,0.727095,-3.86719,-0.5,-0.3125,-0.1875,-4.74609,-2.37305,-0.559304,-3.16406,0.4375,-0.25,0.5625,-0.585938,5.76004
-5.53711,2.54883,0.671165,-3.95508,-0.5,-0.3125,-0.1875,-4.74609,-2.37305,-0.559304,-3.16406,0.4375,-0.3125,0.5625,-0.175781,5.77004
-5.44922,2.54883,0.727095,-3.86719,-0.5,-0.3125,-0.1875,-4.92188,-2.37305,-0.559304,-3.16406,0.4375,-0.3125,0.5625,-0.175781,5.78004
-5.53711,2.54883,0.727095,-3.95508,-0.5,-0.3125,-0.1875,-4.92188,-2.37305,-0.559304,-3.16406,0.375,-0.25,0.5625,-0.175781,5.79004
-5.53711,2.54883,0.727095,-3.95508,-0.5625,-0.3125,-0.25,-4.74609,-2.37305,-0.503374,-3.16406,0.4375,-0.25,0.5625,0.117188,5.80004
-5.53711,2.54883,0.727095,-3.86719,-0.5,-0.3125,-0.1875,-4.74609,-2.37305,-0.559304,-3.16406,0.3125,-0.25,0.5625,-0.351562,5.81004
-5.53711,2.54883,0.727095,-3.95508,-0.5,-0.3125,-0.25,-4.74609,-2.37305,-0.615234,-3.16406,0.375,-0.25,0.5625,-0.351562,5.82004
-5.53711,2.54883,0.727095,-3.95508,-0.5,-0.3125,-0.25,-4.74609,-2.28516,-0.559304,-3.16406,0.4375,-0.25,0.5625,-0.292969,5.83004
-5.53711,2.54883,0.671165,-3.95508,-0.5,-0.3125,-0.25,-4.92188,-2.28516,-0.559304,-3.16406,0.375,-0.25,0.5625,-0.175781,5.84004
-5.53711,2.54883,0.727095,-3.95508,-0.5,-0.3125,-0.1875,-4.74609,-2.37305,-0.559304,-3.16406,0.4375,-0.25,0.5625,-0.0585938,5.85004
-5.53711,2.54883,0.727095,-3.86719,-0.5,-0.3125,-0.1875,-4.74609,-2.37305,-0.559304,-3.16406,0.4375,-0.25,0.5625,-0.175781,5.86004
-5.53711,2.54883,0.727095,-3.95508,-0.5,-0.3125,-0.1875,-4.74609,-2.37305,-0.559304,-3.16406,0.3125,-0.25,0.5625,-0.234375,5.87004
-5.53711,2.54883,0.727095,-3.95508,-0.5,-0.3125,-0.1875,-4.74609,-2.37305,-0.559304,-3.16406,0.4375,-0.3125,0.5625,-0.351562,5.88004
-5.53711,2.54883,0.727095,-3.95508,-0.5,-0.3125,-0.25,-4.92188,-2.37305,-0.559304,-3.16406,0.375,-0.25,0.5625,-0.292969,5.89004
-5.53711,2.54883,0.727095,-3.95508,-0.5,-0.3125,-0.1875,-4.74609,-2.37305,-0.559304,-3.16406,0.4375,-0.25,0.5625,-0.410156,5.90004
-5.53711,2.54883,0.671165,-3.95508,-0.5,-0.3125,-0.25,-4.74609,-2.37305,-0.559304,-3.16406,0.4375,-0.25,0.5625,-0.175781,5.91004
-5.53711,2.54883,0.727095,-3.95508,-0.5,-0.3125,-0.1875,-4.74609,-2.28516,-0.559304,-3.16406,0.4375,-0.25,0.5625,0.292969,5.92004
-5.53711,2.54883,0.727095,-3.95508,-0.5,-0.3125,-0.1875,-4.92188,-2.37305,-0.559304,-3.25195,0.4375,-0.25,0.5625,-0.46875,5.93004
-5.53711,2.54883,0.727095,-3.95508,-0.5,-0.3125,-0.1875,-4.74609,-2.37305,-0.559304,-3.25195,0.4375,-0.25,0.5625,-0.410156,5.94004
-5.53711,2.54883,0.727095,-3.86719,-0.5,-0.3125,-0.25,-4.74609,-2.37305,-0.559304,-3.16406,0.4375,-0.25,0.5625,-0.351562,5.95004
-5.53711,2.54883,0.727095,-3.95508,-0.5,-0.3125,-0.1875,-4.6582,-2.37305,-0.503374,-3.16406,0.375,-0.25,0.5625,-0.234375,5.96004
-5.53711,2.54883,0.727095,-3.86719,-0.5625,-0.3125,-0.25,-4.74609,-2.37305,-0.559304,-3.16406,0.4375,-0.25,0.5625,-0.0585938,5.97004
-5.53711,2.46094,0.727095,-3.86719,-0.5,-0.3125,-0.1875,-4.74609,-2.37305,-0.559304,-3.16406,0.375,-0.25,0.5625,-0.292969,5.98004
-5.44922,2.54883,0.727095,-3.86719,-0.5,-0.3125,-0.25,-4.92188,-2.37305,-0.559304,-3.16406,0.4375,-0.25,0.5625,-0.292969,5.99004
-5.53711,2.54883,0.727095,-3.95508,-0.5,-0.3125,-0.25,-4.74609,-2.37305,-0.559304,-3.16406,0.4375,-0.25,0.5625,-0.0585938,6.00004
-5.53711,2.63672,0.727095,-4.04297,-0.5,-0.3125,-0.25,-4.74609,-2.37305,-0.559304,-3.16406,0.4375,-0.25,0.5625,-0.175781,6.01004
-5.53711,2.63672,0.727095,-3.86719,-0.5,-0.3125,-0.1875,-4.74609,-2.37305,-0.559304,-3.16406,0.4375,-0.25,0.5625,-0.175781,6.02004
-5.53711,2.54883,0.727095,-3.95508,-0.5,-0.3125,-0.1875,-4.74609,-2.37305,-0.559304,-3.16406,0.375,-0.25,0.5625,-0.175781,6.03004
-5.53711,2.54883,0.727095,-3.95508,-0.5,-0.3125,-0.25,-4.74609,-2.37305,-0.559304,-3.16406,0.375,-0.25,0.5625,-0.351562,6.04004
-5.53711,2.54883,0.727095,-3.95508,-0.5625,-0.3125,-0.1875,-4.92188,-2.37305,-0.615234,-3.16406,0.4375,-0.25,0.5625,-0.117188,6.05004
-5.44922,2.54883,0.727095,-3.95508,-0.5,-0.3125,-0.1875,-4.74609,-2.37305,-0.559304,-3.16406,0.4375,-0.25,0.5625,-0.175781,6.06004
-5.53711,2.54883,0.727095,-3.86719,-0.5,-0.3125,-0.1875,-4.74609,-2.37305,-0.615234,-3.16406,0.3125,-0.25,0.5625,-0.175781,6.07004
-5.44922,2.54883,0.727095,-3.95508,-0.5,-0.3125,-0.1875,-4.74609,-2.37305,-0.615234,-3.16406,0.4375,-0.25,0.5625,-0.234375,6.08004
-5.53711,2.54883,0.671165,-3.95508,-0.5625,-0.3125,-0.25,-4.74609,-2.37305,-0.559304,-3.16406,0.375,-0.25,0.5625,-0.234375,6.09004
-5.53711,2.63672,0.727095,-3.95508,-0.5,-0.3125,-0.25,-4.74609,-2.37305,-0.615234,-3.16406,0.4375,-0.25,0.5625,-0.292969,6.10004
-5.53711,2.54883,0.671165,-3.95508,-0.5,-0.3125,-0.1875,-4.74609,-2.37305,-0.559304,-3.16406,0.4375,-0.25,0.5625,0.410156,6.11004
-5.53711,2.54883,0.671165,-3.95508,-0.5,-0.3125,-0.1875,-4.92188,-2.37305,-0.615234,-3.16406,0.375,-0.25,0.5625,-0.175781,6.12005
-5.53711,2.54883,0.727095,-3.95508,-0.5,-0.3125,-0.1875,-4.74609,-2.37305,-0.559304,-3.16406,0.4375,-0.25,0.5625,-0.527344,6.13005
-5.44922,2.63672,0.671165,-3.95508,-0.5,-0.3125,-0.1875,-4.74609,-2.37305,-0.559304,-3.16406,0.4375,-0.25,0.5625,-0.0585938,6.14005
-5.53711,2.54883,0.727095,-3.86719,-0.5,-0.3125,-0.25,-4.74609,-2.37305,-0.615234,-3.16406,0.4375,-0.25,0.5625,-0.410156,6.15005
-5.53711,2.54883,0.727095,-3.95508,-0.5,-0.3125,-0.25,-4.92188,-2.37305,-0.615234,-3.16406,0.4375,-0.25,0.5625,-0.644531,6.16005
-5.53711,2.54883,0.727095,-3.95508,-0.5,-0.3125,-0.1875,-4.74609,-2.37305,-0.559304,-3.16406,0.4375,-0.25,0.5625,-0.175781,6.17005
-5.53711,2.54883,0.727095,-3.95508,-0.5,-0.3125,-0.25,-4.92188,-2.28516,-0.615234,-3.16406,0.4375,-0.25,0.5625,-0.234375,6.18005
-5.53711,2.54883,0.727095,-3.95508,-0.5,-0.3125,-0.1875,-4.74609,-2.37305,-0.559304,-3.16406,0.375,-0.25,0.5625,-0.175781,6.19005
-5.53711,2.54883,0.727095,-3.95508,-0.5,-0.3125,-0.1875,-4.74609,-2.37305,-0.615234,-3.16406,0.4375,-0.25,0.5625,-0.117188,6.20005
-5.44922,2.54883,0.727095,-3.95508,-0.5625,-0.3125,-0.1875,-4.92188,-2.37305,-0.559304,-3.16406,0.375,-0.25,0.5625,-0.175781,6.21005
-5.53711,2.63672,0.727095,-3.95508,-0.5,-0.3125,-0.1875,-4.74609,-2.37305,-0.559304,-3.16406,0.4375,-0.25,0.5625,-0.46875,6.22005
-5.53711,2.46094,0.727095,-3.95508,-0.5,-0.3125,-0.25,-4.74609,-2.37305,-0.559304,-3.16406,0.4375,-0.25,0.5625,-0.234375,6.23005
-5.53711,2.54883,0.727095,-3.95508,-0.5,-0.3125,-0.1875,-4.92188,-2.37305,-0.559304,-3.16406,0.4375,-0.3125,0.5625,-0.175781,6.24005
-5.53711,2.54883,0.727095,-3.95508,-0.5,-0.3125,-0.1875,-4.74609,-2.37305,-0.559304,-3.16406,0.4375,-0.25,0.5625,0.292969,6.25005
-5.44922,2.54883,0.727095,-3.95508,-0.5,-0.3125,-0.25,-4.92188,-2.37305,-0.559304,-3.16406,0.4375,-0.25,0.5625,-0.351562,6.26005
-5.53711,2.54883,0.727095,-3.95508,-0.5,-0.3125,-0.1875,-4.74609,-2.37305,-0.559304,-3.16406,0.4375,-0.25,0.5625,-0.585938,6.27005
-5.53711,2.54883,0.727095,-3.95508,-0.5,-0.3125,-0.1875,-4.92188,-2.37305,-0.559304,-3.16406,0.375,-0.25,0.5625,-0.292969,6.28005
-5.53711,2.54883,0.727095,-3.95508,-0.5,-0.3125,-0.1875,-4.74609,-2.37305,-0.559304,-3.16406,0.375,-0.3125,0.5625,-0.46875,6.29005
-5.44922,2.54883,0.727095,-3.95508,-0.5625,-0.3125,-0.1875,-4.74609,-2.37305,-0.559304,-3.16406,0.375,-0.25,0.5625,-0.410156,6.30005
-5.53711,2.54883,0.727095,-3.95508,-0.5,-0.3125,-0.1875,-4.92188,-2.37305,-0.615234,-3.16406,0.375,-0.3125,0.5625,0,6.31005
-5.53711,2.54883,0.727095,-3.95508,-0.5,-0.3125,-0.1875,-4.74609,-2.37305,-0.559304,-3.16406,0.4375,-0.25,0.5625,-0.292969,6.32005
-5.53711,2.54883,0.727095,-3.95508,-0.5,-0.3125,-0.1875,-4.74609,-2.37305,-0.559304,-3.16406,0.4375,-0.25,0.5625,0.117188,6.33005
-5.53711,2.54883,0.727095,-3.95508,-0.5625,-0.3125,-0.1875,-4.74609,-2.37305,-0.559304,-3.16406,0.375,-0.25,0.5625,-0.175781,6.34005
-5.53711,2.54883,0.727095,-3.95508,-0.5,-0.3125,-0.1875,-4.74609,-2.37305,-0.559304,-3.16406,0.4375,-0.25,0.5625,-0.351562,6.35005
-5.53711,2.54883,0.727095,-3.95508,-0.5625,-0.3125,-0.1875,-4.74609,-2.37305,-0.559304,-3.16406,0.4375,-0.25,0.5625,0.0585938,6.36005
-5.44922,2.54883,0.727095,-3.95508,-0.5,-0.3125,-0.1875,-4.74609,-2.37305,-0.615234,-3.16406,0.375,-0.25,0.5625,-0.234375,6.37005
-5.53711,2.54883,0.727095,-3.95508,-0.5,-0.3125,-0.1875,-4.74609,-2.37305,-0.559304,-3.16406,0.375,-0.25,0.5625,-0.292969,6.38005
-5.53711,2.54883,0.727095,-3.95508,-0.5,-0.3125,-0.1875,-4.92188,-2.28516,-0.559304,-3.16406,0.3125,-0.25,0.5625,-0.175781,6.39005
-5.53711,2.63672,0.727095,-3.95508,-0.5,-0.3125,-0.1875,-4.92188,-2.37305,-0.559304,-3.16406,0.375,-0.25,0.5625,-0.351562,6.40005
-5.53711,2.63672,0.727095,-3.95508,-0.5,-0.3125,-0.1875,-4.74609,-2.28516,-0.559304,-3.16406,0.375,-0.25,0.5625,0,6.41005
-5.53711,2.54883,0.671165,-3.95508,-0.5,-0.3125,-0.25,-4.92188,-2.28516,-0.559304,-3.16406,0.4375,-0.3125,0.5625,-0.175781,6.42005
-5.53711,2.54883,0.671165,-3.95508,-0.5,-0.3125,-0.1875,-4.6582,-2.37305,-0.559304,-3.16406,0.4375,-0.25,0.5625,-0.0585938,6.43005
-5.53711,2.54883,0.727095,-3.95508,-0.5,-0.3125,-0.1875,-4.74609,-2.37305,-0.615234,-3.16406,0.375,-0.25,0.5625,-0.175781,6.44005
-5.53711,2.46094,0.727095,-3.95508,-0.5625,-0.3125,-0.1875,-4.92188,-2.37305,-0.559304,-3.16406,0.3125,-0.25,0.5625,-0.234375,6.45005
-5.53711,2.54883,0.727095,-3.95508,-0.5,-0.3125,-0.1875,-4.74609,-2.28516,-0.559304,-3.16406,0.4375,-0.25,0.5625,-0.175781,6.46005
-5.53711,2.54883,0.727095,-3.86719,-0.5,-0.3125,-0.1875,-4.74609,-2.37305,-0.559304,-3.16406,0.375,-0.25,0.5625,-0.117188,6.47005
-5.53711,2.63672,0.727095,-3.86719,-0.5,-0.3125,-0.1875,-4.92188,-2.37305,-0.559304,-3.16406,0.4375,-0.25,0.5625,-0.292969,6.48005
-5.44922,2.54883,0.727095,-3.95508,-0.5,-0.3125,-0.1875,-4.74609,-2.37305,-0.559304,-3.16406,0.4375,-0.25,0.5625,-0.175781,6.49005
-5.53711,2.54883,0.727095,-3.95508,-0.5,-0.3125,-0.1875,-4.92188,-2.37305,-0.559304,-3.16406,0.375,-0.25,0.5625,-0.234375,6.50005
-5.53711,2.54883,0.727095,-3.95508,-0.5,-0.3125,-0.1875,-4.74609,-2.37305,-0.559304,-3.16406,0.375,-0.25,0.5625,-0.292969,6.51005
-5.44922,2.54883,0.727095,-3.95508,-0.5,-0.3125,-0.1875,-4.92188,-2.37305,-0.615234,-3.16406,0.3125,-0.3125,0.5625,-0.0585938,6.52005
-5.53711,2.54883,0.727095,-3.95508,-0.5,-0.3125,-0.1875,-4.74609,-2.37305,-0.559304,-3.16406,0.3125,-0.25,0.5625,-0.351562,6.53005
-5.53711,2.54883,0.727095,-3.95508,-0.5,-0.3125,-0.1875,-4.74609,-2.37305,-0.559304,-3.16406,0.3125,-0.25,0.5625,-0.0585938,6.54005
-5.53711,2.54883,0.727095,-3.95508,-0.5,-0.3125,-0.1875,-4.92188,-2.37305,-0.615234,-3.16406,0.4375,-0.25,0.5625,-0.234375,6.55006
-5.53711,2.54883,0.727095,-3.95508,-0.5,-0.3125,-0.1875,-4.6582,-2.37305,-0.503374,-3.16406,0.375,-0.25,0.5625,-0.292969,6.56006
-5.53711,2.63672,0.727095,-3.95508,-0.5625,-0.3125,-0.1875,-4.92188,-2.37305,-0.559304,-3.16406,0.4375,-0.25,0.5625,-0.0585938,6.57006
-5.53711,2.54883,0.727095,-3.95508,-0.5,-0.3125,-0.1875,-4.74609,-2.28516,-0.559304,-3.16406,0.375,-0.25,0.5625,-0.175781,6.58006
-5.53711,2.54883,0.727095,-3.86719,-0.5,-0.3125,-0.1875,-4.74609,-2.37305,-0.559304,-3.16406,0.375,-0.25,0.5625,-0.46875,6.59006
-5.53711,2.63672,0.727095,-3.95508,-0.5,-0.3125,-0.1875,-4.74609,-2.37305,-0.559304,-3.16406,0.375,-0.25,0.5625,-0.292969,6.60006
-5.53711,2.54883,0.727095,-3.95508,-0.5625,-0.3125,-0.1875,-4.92188,-2.37305,-0.559304,-3.16406,0.375,-0.25,0.5625,0,6.61006
-5.53711,2.54883,0.727095,-3.86719,-0.5,-0.3125,-0.1875,-4.74609,-2.37305,-0.615234,-3.16406,0.4375,-0.25,0.5625,-0.585938,6.62006
-5.53711,2.54883,0.727095,-3.95508,-0.5,-0.3125,-0.25,-4.74609,-2.37305,-0.559304,-3.16406,0.375,-0.25,0.5625,-0.292969,6.63006
-5.53711,2.54883,0.727095,-3.95508,-0.5625,-0.3125,-0.1875,-4.92188,-2.37305,-0.559304,-3.16406,0.375,-0.25,0.5625,-0.351562,6.64006
-5.53711,2.54883,0.727095,-3.95508,-0.5,-0.3125,-0.1875,-4.92188,-2.37305,-0.559304,-3.16406,0.375,-0.25,0.5625,-0.410156,6.65006
-5.53711,2.54883,0.727095,-3.95508,-0.5,-0.3125,-0.1875,-4.74609,-2.28516,-0.559304,-3.16406,0.375,-0.25,0.5625,-0.117188,6.66006
-5.53711,2.54883,0.727095,-3.95508,-0.5625,-0.3125,-0.1875,-4.74609,-2.28516,-0.559304,-3.16406,0.3125,-0.25,0.5625,-0.234375,6.67006
-5.53711,2.54883,0.727095,-3.95508,-0.5,-0.3125,-0.1875,-4.74609,-2.37305,-0.615234,-3.16406,0.375,-0.3125,0.5625,-0.234375,6.68006
-5.53711,2.63672,0.727095,-3.95508,-0.5,-0.3125,-0.1875,-4.74609,-2.37305,-0.615234,-3.16406,0.3125,-0.25,0.5625,-0.292969,6.69006
-5.44922,2.54883,0.727095,-3.95508,-0.5,-0.3125,-0.1875,-4.74609,-2.37305,-0.615234,-3.16406,0.375,-0.25,0.5625,-0.0585938,6.70006
-5.53711,2.54883,0.727095,-3.95508,-0.5,-0.3125,-0.1875,-4.74609,-2.28516,-0.559304,-3.16406,0.3125,-0.25,0.5625,0.0585938,6.71006
-5.53711,2.54883,0.727095,-3.95508,-0.5,-0.3125,-0.1875,-4.74609,-2.37305,-0.559304,-3.16406,0.375,-0.25,0.5625,-0.703125,6.72006
-5.53711,2.54883,0.727095,-3.95508,-0.5,-0.3125,-0.1875,-4.74609,-2.37305,-0.559304,-3.16406,0.375,-0.25,0.5625,-0.410156,6.73006
-5.53711,2.46094,0.727095,-3.95508,-0.5,-0.3125,-0.1875,-4.74609,-2.37305,-0.615234,-3.16406,0.4375,-0.25,0.5625,-0.292969,6.74006
