left_hand_wrench.f_x,left_hand_wrench.f_y,left_hand_wrench.f_z,left_hand_wrench.tau_x,left_hand_wrench.tau_y,left_hand_wrench.tau_z,right_hand_wrench.f_x,right_hand_wrench.f_y,right_hand_wrench.f_z,right_hand_wrench.tau_x,right_hand_wrench.tau_y,right_hand_wrench.tau_z,time.t
4.41545,3.00143,19.3478,-0.303753,1.03261,-0.509628,5.15446,-3.95926,14.6938,0.557482,0.857686,0.778734,0
4.4151,3.02423,19.3189,-0.304876,1.02528,-0.513606,5.10263,-3.93885,14.7198,0.557138,0.855589,0.775303,0.01
4.44155,3.04778,19.2641,-0.305595,1.02487,-0.516389,5.05597,-3.94193,14.7499,0.560562,0.854497,0.773561,0.02
4.43878,3.06724,19.2293,-0.306181,1.02373,-0.518469,5.015,-3.92813,14.7716,0.56345,0.853073,0.769399,0.03
4.46349,3.09274,19.1495,-0.307809,1.0157,-0.522112,4.97502,-3.92248,14.7938,0.55917,0.851528,0.770735,0.04
4.45936,3.11161,19.1418,-0.31219,1.01044,-0.523751,4.94225,-3.93082,14.8171,0.563335,0.850486,0.766589,0.05
4.45399,3.11716,19.1675,-0.311423,1.0131,-0.524975,4.91379,-3.92183,14.8328,0.566883,0.849107,0.760275,0.06
4.47655,3.13138,19.1278,-0.311491,1.01391,-0.526614,4.88633,-3.93297,14.817,0.570384,0.840945,0.761358,0.07
4.49787,3.14939,19.0935,-0.315215,1.015,-0.527001,4.86058,-3.9166,14.7949,0.566266,0.832457,0.762229,0.08
4.4886,3.15119,19.1241,-0.314144,1.01721,-0.527904,4.89105,-3.92577,14.7861,0.56893,0.835333,0.762631,0.09
4.48029,3.15274,19.1516,-0.313183,1.0192,-0.52871,4.91949,-3.91748,14.773,0.571126,0.83748,0.760408,0.1
4.50081,3.16967,19.0795,-0.314113,1.01162,-0.531328,4.89013,-3.9178,14.7963,0.569618,0.837847,0.761398,0.11
4.49331,3.18468,19.113,-0.320938,1.01537,-0.53451,4.86266,-3.91316,14.816,0.564721,0.837825,0.763534,0.12
4.48515,3.18918,19.1076,-0.320337,1.00976,-0.536007,4.84032,-3.92515,14.8019,0.568442,0.83079,0.764286,0.13
4.50657,3.18974,19.069,-0.32355,1.01128,-0.537727,4.87277,-3.93344,14.7925,0.570885,0.833832,0.764482,0.14
4.49647,3.18753,19.102,-0.321647,1.01386,-0.537558,4.85014,-3.92053,14.81,0.572739,0.834473,0.761233,0.15
4.51539,3.20103,19.0348,-0.321731,1.00681,-0.539294,4.88057,-3.92439,14.7983,0.571215,0.836795,0.762981,0.16
4.53144,3.22972,18.9795,-0.321887,1.00092,-0.543487,4.90691,-3.92294,14.7865,0.566306,0.838536,0.765799,0.17
4.51881,3.22348,19.0214,-0.320148,1.00453,-0.54274,4.93271,-3.9315,14.7787,0.56896,0.840805,0.765853,0.18
4.53591,3.23231,18.9978,-0.323012,1.00656,-0.541513,4.90308,-3.93536,14.8028,0.571202,0.841191,0.76506,0.19
4.52475,3.23849,18.991,-0.325531,1.00761,-0.539981,4.87744,-3.92228,14.8193,0.573024,0.841097,0.761756,0.2
4.51281,3.23134,19.0318,-0.323434,1.01056,-0.53958,4.8533,-3.92703,14.8394,0.574861,0.841454,0.761369,0.21
4.47615,3.22941,19.049,-0.32253,1.00466,-0.540138,4.83259,-3.91474,14.8522,0.576315,0.841334,0.758431,0.22
4.47091,3.23333,19.0507,-0.322818,0.999778,-0.538304,4.86679,-3.90753,14.8325,0.577766,0.842882,0.75663,0.23
4.49347,3.24743,18.9901,-0.326457,0.994509,-0.53887,4.84371,-3.91373,14.8513,0.579127,0.843064,0.756755,0.24
4.51209,3.24871,18.9681,-0.325019,0.99717,-0.539131,4.82295,-3.9193,14.8682,0.580356,0.843225,0.756864,0.25
4.50144,3.24063,19.0112,-0.32297,1.00116,-0.538824,4.80429,-3.92436,14.8834,0.581463,0.843369,0.756965,0.26
4.52125,3.26274,18.9875,-0.330116,1.00481,-0.546711,4.78748,-3.92891,14.8971,0.582457,0.843498,0.757058,0.27
4.51185,3.26718,19.0295,-0.332723,1.00851,-0.546685,4.82537,-3.9356,14.8774,0.580906,0.844559,0.756366,0.28
4.50188,3.26345,19.0324,-0.330949,1.00359,-0.546963,4.80647,-3.93906,14.8917,0.581954,0.844569,0.756523,0.29
4.49323,3.23729,19.064,-0.328232,1.00648,-0.543236,4.78943,-3.94213,14.9046,0.582897,0.844579,0.756662,0.3
4.48448,3.23028,19.0974,-0.325867,1.00953,-0.542511,4.82699,-3.94874,14.8849,0.583898,0.846244,0.757621,0.31
4.47741,3.23148,19.0793,-0.324434,1.00992,-0.541974,4.78281,-3.93865,14.8743,0.58543,0.837101,0.755953,0.32
4.49877,3.23819,19.0492,-0.324246,1.01069,-0.53915,4.76812,-3.92028,14.8823,0.582289,0.837066,0.754802,0.33
4.51683,3.24034,19.0214,-0.323032,1.01173,-0.539377,4.75386,-3.92032,14.8947,0.579662,0.837474,0.756355,0.34
4.50773,3.27108,19.0168,-0.327124,1.01283,-0.542831,4.74222,-3.92399,14.9066,0.578244,0.837483,0.75489,0.35
4.52492,3.26992,18.9922,-0.325625,1.01365,-0.542685,4.73281,-3.93222,14.9186,0.580505,0.837844,0.75233,0.36
4.51363,3.26592,18.9988,-0.324562,1.00821,-0.543363,4.72243,-3.9374,14.8929,0.579109,0.830456,0.755448,0.37
4.4763,3.25435,19.0534,-0.322503,1.01031,-0.542203,4.76771,-3.92793,14.8691,0.580288,0.833091,0.753943,0.38
4.4713,3.26094,19.0895,-0.328491,1.01418,-0.544304,4.7556,-3.91555,14.8789,0.581203,0.833807,0.751745,0.39
4.46478,3.25161,19.1204,-0.326099,1.01646,-0.543477,4.74467,-3.90441,14.8878,0.582024,0.834451,0.749769,0.4
4.48731,3.2576,19.0869,-0.328367,1.0173,-0.542177,4.73366,-3.89075,14.8951,0.581818,0.835387,0.750851,0.41
4.48293,3.25968,19.0651,-0.334836,1.01811,-0.546667,4.72388,-3.89864,14.9077,0.582774,0.836315,0.751555,0.42
4.50453,3.25317,19.0308,-0.3366,1.01879,-0.54732,4.76586,-3.89979,14.8849,0.576706,0.8381,0.755517,0.43
4.49557,3.228,19.0625,-0.333316,1.02016,-0.543556,4.75289,-3.9068,14.8985,0.578174,0.838755,0.755756,0.44
4.46375,3.22381,19.0725,-0.33651,1.01333,-0.542127,4.74339,-3.9002,14.9061,0.580241,0.838548,0.750523,0.45
4.45952,3.20783,19.066,-0.33428,1.00747,-0.540226,4.7337,-3.91729,14.9175,0.585629,0.839987,0.754965,0.46
4.45414,3.20378,19.0993,-0.331309,1.01042,-0.539804,4.72394,-3.92775,14.9265,0.58694,0.840929,0.760205,0.47
4.44928,3.20014,19.1293,-0.328634,1.01307,-0.539425,4.71616,-3.91541,14.9307,0.587181,0.840863,0.75739,0.48
4.47227,3.20612,19.0934,-0.326982,1.01387,-0.539628,4.70698,-3.92244,14.9377,0.587393,0.842074,0.765251,0.49
4.46561,3.20227,19.124,-0.32474,1.01618,-0.539269,4.6999,-3.92716,14.9459,0.587794,0.842331,0.764512,0.5
4.48638,3.2018,19.1227,-0.322432,1.02444,-0.538146,4.69028,-3.91797,14.95,0.580135,0.842218,0.769199,0.51
4.47927,3.20844,19.1505,-0.324758,1.02652,-0.541749,4.73565,-3.91721,14.923,0.57433,0.843412,0.771401,0.52
4.50025,3.22362,19.1128,-0.32761,1.0268,-0.545526,4.77974,-3.92996,14.9021,0.577129,0.844833,0.768027,0.53
4.49133,3.2242,19.1074,-0.326348,1.02004,-0.545916,4.76656,-3.94282,14.9133,0.580238,0.84493,0.7691,0.54
4.51104,3.21118,19.0687,-0.324842,1.01969,-0.542838,4.75468,-3.94917,14.9246,0.582297,0.844545,0.765119,0.55
4.50239,3.20029,19.0968,-0.326852,1.0218,-0.543334,4.74491,-3.9448,14.929,0.587283,0.844941,0.765509,0.56
4.52373,3.2112,19.0267,-0.334123,1.0147,-0.544578,4.73404,-3.94729,14.9381,0.587694,0.844912,0.764745,0.57
4.51352,3.19649,19.0248,-0.332133,1.00869,-0.542434,4.77814,-3.93683,14.9098,0.588013,0.846101,0.76231,0.58
4.50391,3.19748,19.0629,-0.330426,1.01117,-0.539023,4.76405,-3.93882,14.9201,0.585761,0.845246,0.760246,0.59
4.52312,3.21518,19.0011,-0.333303,1.00475,-0.539522,4.74916,-3.93208,14.9274,0.57925,0.844485,0.762497,0.6
4.48596,3.21259,19.0562,-0.331413,1.00686,-0.535984,4.73681,-3.93094,14.9353,0.576928,0.844148,0.763279,0.61
4.50711,3.22747,18.9943,-0.331574,1.00015,-0.53511,4.72568,-3.92995,14.9425,0.574834,0.843846,0.763988,0.62
4.52637,3.24596,18.9736,-0.337412,1.00344,-0.538462,4.71461,-3.92408,14.9476,0.569411,0.843226,0.765866,0.63
4.48874,3.24157,19.0321,-0.337735,1.00639,-0.536701,4.70686,-3.9274,14.9541,0.569015,0.84266,0.763455,0.64
4.48248,3.2228,19.0651,-0.338007,1.00936,-0.532908,4.69907,-3.93304,14.9249,0.568768,0.834791,0.76546,0.65
4.47573,3.20069,19.0934,-0.334585,1.01166,-0.530585,4.69279,-3.94196,14.9331,0.571766,0.836251,0.769654,0.66
4.46969,3.1808,19.1189,-0.331508,1.01374,-0.528495,4.68716,-3.94474,14.9418,0.573732,0.837089,0.768475,0.67
4.46607,3.1805,19.0937,-0.333547,1.01407,-0.530545,4.68,-3.93741,14.9469,0.568427,0.837139,0.7699,0.68
4.48838,3.1985,19.0616,-0.33552,1.01559,-0.535449,4.72846,-3.94449,14.923,0.570871,0.839545,0.769537,0.69
4.48008,3.19541,19.0954,-0.332424,1.01773,-0.53551,4.69278,-3.94511,14.9483,0.572847,0.839228,0.767955,0.7
4.50064,3.2081,19.0289,-0.331437,1.01028,-0.537452,4.73891,-3.94654,14.9229,0.571309,0.841074,0.769036,0.71
4.49114,3.20406,19.0659,-0.328749,1.01294,-0.537314,4.78249,-3.93616,14.8961,0.573262,0.842647,0.766175,0.72
4.51061,3.21591,19.0024,-0.328129,1.00597,-0.539076,4.76784,-3.9395,14.9085,0.575074,0.842849,0.765345,0.73
4.50073,3.21732,19.0081,-0.326815,1.00129,-0.54012,4.75496,-3.94881,14.8852,0.577757,0.835313,0.765916,0.74
4.5202,3.23787,18.9505,-0.330504,0.996318,-0.54541,4.79596,-3.95475,14.8674,0.57927,0.837902,0.765951,0.75
4.50968,3.21428,18.9903,-0.327831,0.999926,-0.541841,4.77928,-3.95766,14.8468,0.578002,0.830509,0.767704,0.76
4.50204,3.2106,18.978,-0.330238,1.00164,-0.542555,4.765,-3.95889,14.8641,0.579344,0.831921,0.76672,0.77
4.52173,3.20902,18.9524,-0.332465,1.00395,-0.543623,4.80394,-3.9589,14.8471,0.577157,0.8345,0.767921,0.78
4.51231,3.21393,18.9992,-0.334389,1.00728,-0.539001,4.78716,-3.95998,14.8644,0.578579,0.835516,0.766917,0.79
4.53003,3.22374,18.9778,-0.335827,1.00902,-0.538156,4.77309,-3.9444,14.8747,0.579663,0.835988,0.763423,0.8
4.54778,3.2476,18.9239,-0.339663,1.00293,-0.54088,4.75939,-3.94693,14.8893,0.580838,0.836854,0.762866,0.81
4.53516,3.25595,18.9376,-0.341314,0.999382,-0.54556,4.74602,-3.94428,14.901,0.578357,0.837282,0.76361,0.82
4.52401,3.25726,18.9504,-0.339728,0.995015,-0.543189,4.78671,-3.94702,14.881,0.578863,0.840032,0.766734,0.83
4.51503,3.26363,18.9634,-0.34197,0.991456,-0.539959,4.77164,-3.9493,14.895,0.580116,0.840493,0.76585,0.839999
4.50596,3.28591,18.9801,-0.344067,0.988704,-0.539683,4.75809,-3.95136,14.9075,0.581241,0.840912,0.765057,0.849999
4.52646,3.28071,18.955,-0.345957,0.991969,-0.538272,4.74592,-3.95321,14.9188,0.582257,0.841289,0.764342,0.859999
4.51732,3.26422,18.9468,-0.343479,0.993303,-0.532765,4.76248,-3.95921,14.9284,0.584562,0.836663,0.762492,0.869999
4.53671,3.28295,18.9315,-0.349172,0.99693,-0.533585,4.77591,-3.93319,14.9642,0.580908,0.83978,0.761022,0.879999
4.49817,3.27355,18.9935,-0.345699,0.999808,-0.530637,4.78797,-3.93123,15.0032,0.58135,0.843382,0.761049,0.889999
4.49131,3.28676,18.952,-0.347441,0.994206,-0.536453,4.77382,-3.91853,14.9996,0.582157,0.843067,0.758142,0.899999
4.48372,3.28491,18.9969,-0.347269,0.999306,-0.540227,4.76,-3.90217,14.9951,0.579342,0.842436,0.756775,0.909999
4.44932,3.27144,19.0517,-0.342941,1.00229,-0.539384,4.74759,-3.90892,14.9976,0.580547,0.842658,0.756887,0.919999
4.44491,3.26107,19.0864,-0.339103,1.00575,-0.539055,4.70855,-3.90063,15.0631,0.577341,0.843964,0.757732,0.929999
4.44166,3.27973,19.0902,-0.340438,1.00191,-0.541641,4.75432,-3.91013,15.0269,0.576302,0.84498,0.756971,0.939999
4.44166,3.29621,19.0397,-0.343751,0.995757,-0.54359,4.7954,-3.91997,14.9949,0.577962,0.846602,0.757901,0.949999
4.43985,3.29348,19.0423,-0.341923,0.991752,-0.541416,4.83354,-3.93244,14.9668,0.580399,0.847704,0.755875,0.959999
4.43919,3.30108,19.0448,-0.344393,0.988976,-0.543268,4.86786,-3.94365,14.9415,0.582592,0.848699,0.754055,0.969999
4.43799,3.30169,19.0811,-0.345575,0.99425,-0.543588,4.89754,-3.95012,14.9181,0.583617,0.84995,0.755281,0.979999
4.43535,3.29449,19.0789,-0.342518,0.990737,-0.54418,4.87035,-3.94716,14.927,0.580856,0.849072,0.756787,0.989999
4.43595,3.28285,19.0242,-0.341431,0.984415,-0.539425,4.82036,-3.94628,14.9664,0.582205,0.842371,0.757718,0.999999
4.4619,3.29689,18.9651,-0.34366,0.981122,-0.544788,4.82688,-3.93809,15.0038,0.578977,0.84536,0.75932,1.01
4.43087,3.28613,19.0237,-0.340738,0.98558,-0.540722,4.78199,-3.91526,15.0648,0.579267,0.846305,0.756088,1.02
4.42952,3.27815,19.062,-0.338173,0.990363,-0.537485,4.74059,-3.88979,15.1183,0.575994,0.846804,0.75442,1.03
4.42932,3.28107,19.0965,-0.339978,0.995496,-0.538386,4.78197,-3.87528,15.0692,0.570409,0.8471,0.755507,1.04
4.42819,3.27361,19.1275,-0.33749,0.999286,-0.535382,4.76857,-3.88838,15.065,0.573454,0.846499,0.752884,1.05
4.42774,3.27316,19.1213,-0.336291,0.994925,-0.534028,4.75535,-3.89652,15.0605,0.575249,0.846315,0.753384,1.06
4.4541,3.27573,19.087,-0.334923,0.997181,-0.532006,4.74343,-3.90386,15.0565,0.576863,0.846151,0.753836,1.07
4.45207,3.28024,19.0863,-0.337645,0.9934,-0.529895,4.73488,-3.89752,15.0483,0.579064,0.845202,0.748788,1.08
4.45056,3.293,19.1186,-0.343621,0.999061,-0.535364,4.72502,-3.90473,15.0455,0.580299,0.845145,0.749695,1.09
4.47658,3.2871,19.0797,-0.345558,1.00128,-0.534386,4.71612,-3.91122,15.043,0.581407,0.845098,0.750514,1.1
4.46942,3.27512,19.1116,-0.341461,1.00484,-0.534552,4.71034,-3.90416,15.0361,0.583154,0.844254,0.745798,1.11
4.464,3.27444,19.1405,-0.34189,1.00887,-0.538515,4.75563,-3.89438,14.9973,0.582978,0.845866,0.748121,1.12
4.45931,3.26766,19.1671,-0.339204,1.01132,-0.535504,4.74159,-3.8921,14.9969,0.576744,0.845043,0.751589,1.13
4.45555,3.27398,19.1564,-0.340901,1.00692,-0.540719,4.73105,-3.89987,14.9993,0.578207,0.845005,0.752222,1.14
4.45232,3.27351,19.1474,-0.339356,1.0018,-0.538837,4.72185,-3.89171,14.9602,0.57684,0.836462,0.752763,1.15
4.44983,3.27694,19.1735,-0.341039,1.00578,-0.539611,4.76615,-3.90335,14.9349,0.578442,0.838935,0.754114,1.16
4.44701,3.28232,19.1622,-0.342553,1.00194,-0.544414,4.75418,-3.89348,14.9382,0.57954,0.839065,0.751905,1.17
4.41747,3.27301,19.2011,-0.339748,1.00431,-0.540385,4.74134,-3.8962,14.945,0.577188,0.839272,0.753746,1.18
4.41625,3.28907,19.2262,-0.340429,1.00883,-0.546395,4.73082,-3.9036,14.9526,0.578607,0.83981,0.754165,1.19
4.41709,3.27042,19.2386,-0.340883,1.01201,-0.54654,4.72237,-3.89367,14.9541,0.579685,0.839853,0.751951,1.2
4.42072,3.26895,19.2178,-0.34705,1.00712,-0.544149,4.71371,-3.90125,14.9607,0.580853,0.840333,0.752545,1.21
4.44752,3.25148,19.1681,-0.34348,1.00805,-0.54125,4.75876,-3.91196,14.9354,0.582047,0.842421,0.753926,1.22
4.47066,3.25233,19.1284,-0.340349,1.00933,-0.541274,4.74749,-3.90118,14.9386,0.582783,0.842204,0.751732,1.23
4.43754,3.24212,19.17,-0.336714,1.0113,-0.540328,4.73751,-3.91168,14.9475,0.584586,0.842091,0.749488,1.24
4.43532,3.24475,19.1931,-0.337621,1.01467,-0.543716,4.72738,-3.91752,14.9547,0.585265,0.842346,0.750331,1.25
4.43351,3.24095,19.2144,-0.335366,1.01654,-0.540185,4.71619,-3.91292,14.9585,0.578804,0.841873,0.753574,1.26
4.45929,3.24673,19.1708,-0.334092,1.01663,-0.537546,4.76108,-3.92246,14.9334,0.580212,0.843804,0.754845,1.27
4.45509,3.24272,19.1944,-0.332192,1.0183,-0.534629,4.80145,-3.93105,14.9108,0.581476,0.845546,0.755991,1.28
4.45297,3.25052,19.1829,-0.335191,1.01239,-0.532253,4.78377,-3.93129,14.9211,0.581523,0.845812,0.759042,1.29
4.45108,3.25754,19.1726,-0.33789,1.00708,-0.530114,4.76901,-3.93515,14.931,0.582511,0.845695,0.758926,1.3
4.47507,3.26165,19.1331,-0.336368,1.00812,-0.528478,4.75467,-3.93369,14.9386,0.579862,0.845239,0.760066,1.31
4.49774,3.27057,19.0991,-0.338661,1.00942,-0.525916,4.74173,-3.93237,14.9454,0.577475,0.844828,0.761091,1.32
4.51704,3.27339,19.067,-0.337059,1.01022,-0.524704,4.73232,-3.93973,14.9536,0.579811,0.844454,0.757909,1.33
4.51006,3.26542,19.0974,-0.342565,1.01328,-0.523159,4.72178,-3.93657,14.9582,0.574838,0.843412,0.757537,1.34
4.5014,3.26576,19.0943,-0.340862,1.00751,-0.523025,4.71112,-3.93005,14.9617,0.569417,0.842834,0.760061,1.35
4.49398,3.26989,19.1256,-0.342405,1.01092,-0.525366,4.7036,-3.93402,14.9676,0.571613,0.843018,0.759846,1.36
4.51249,3.26888,19.0902,-0.339382,1.01191,-0.526976,4.74969,-3.91999,14.9349,0.569998,0.844045,0.759149,1.37
4.50296,3.26263,19.1217,-0.336954,1.01405,-0.525115,4.79221,-3.91226,14.9069,0.572084,0.845321,0.757275,1.38
4.46725,3.25764,19.13,-0.334705,1.00776,-0.527132,4.77659,-3.91801,14.9183,0.574013,0.845255,0.757336,1.39
4.48848,3.25789,19.0941,-0.332452,1.00907,-0.52857,4.73573,-3.89223,14.9865,0.571268,0.84586,0.75554,1.4
4.48137,3.25276,19.1253,-0.330718,1.01149,-0.526551,4.7,-3.87394,15.0492,0.572332,0.846755,0.752684,1.41
4.47799,3.24686,19.1499,-0.336861,1.01442,-0.524819,4.66719,-3.88161,15.0619,0.574165,0.845716,0.752783,1.42
4.47072,3.23893,19.1748,-0.333641,1.01665,-0.525944,4.66409,-3.89043,15.0578,0.575887,0.84561,0.753296,1.43
4.46514,3.21524,19.1922,-0.330661,1.0182,-0.524322,4.63447,-3.8889,15.1186,0.576685,0.84697,0.753254,1.44
4.48873,3.20704,19.1457,-0.329784,1.01766,-0.520632,4.63568,-3.88047,15.1035,0.577955,0.846297,0.751133,1.45
4.5084,3.21855,19.0742,-0.329069,1.0102,-0.524059,4.63574,-3.88944,15.0952,0.579298,0.846133,0.751812,1.46
4.49909,3.22355,19.1069,-0.330743,1.01368,-0.529074,4.63679,-3.88091,15.0825,0.580306,0.845545,0.749833,1.47
4.51828,3.23107,19.074,-0.329936,1.01405,-0.527543,4.63568,-3.88489,15.0749,0.577877,0.845104,0.751883,1.48
4.50881,3.23486,19.0732,-0.329497,1.00819,-0.526973,4.63469,-3.88846,15.0681,0.575693,0.844707,0.753726,1.49
4.50074,3.23723,19.1079,-0.331726,1.01107,-0.524019,4.68772,-3.90045,15.032,0.577408,0.846358,0.754985,1.5
4.49341,3.24423,19.1379,-0.334183,1.01412,-0.526265,4.68255,-3.88594,15.0242,0.575073,0.845395,0.753931,1.51
4.48638,3.24668,19.1307,-0.333318,1.00826,-0.525819,4.67906,-3.89795,15.0245,0.577649,0.844964,0.751466,1.52
4.48109,3.25896,19.1244,-0.33666,1.00381,-0.529229,4.67592,-3.90877,15.0247,0.579967,0.844576,0.749249,1.53
4.5021,3.26296,19.0898,-0.335263,1.00517,-0.527684,4.67308,-3.92374,15.0237,0.582789,0.8447,0.752203,1.54
4.52079,3.24611,19.0528,-0.332877,1.00628,-0.526432,4.66938,-3.92834,15.0233,0.583649,0.844695,0.752772,1.55
4.48268,3.23651,19.102,-0.329996,1.00854,-0.526968,4.66605,-3.93249,15.023,0.584421,0.844692,0.753286,1.56
4.47494,3.22961,19.1317,-0.327461,1.01136,-0.527878,4.71694,-3.92349,14.9862,0.585067,0.845902,0.751996,1.57
4.47082,3.24363,19.1253,-0.331386,1.0066,-0.531087,4.70784,-3.9232,14.9882,0.582162,0.845426,0.753829,1.58
4.49448,3.26547,19.0568,-0.335675,1.00073,-0.534514,4.72821,-3.93219,14.9909,0.584478,0.840386,0.75303,1.59
4.46083,3.26407,19.0722,-0.334605,0.995434,-0.532816,4.71901,-3.93596,14.9938,0.585169,0.840812,0.753517,1.6
4.45811,3.27462,19.0717,-0.337818,0.99227,-0.535527,4.71073,-3.93935,14.9965,0.585793,0.841195,0.753955,1.61
4.45466,3.27405,19.0711,-0.336591,0.988592,-0.534158,4.70323,-3.92095,14.9923,0.582615,0.840748,0.753008,1.62
4.45253,3.25698,19.0655,-0.335408,0.98483,-0.530291,4.67009,-3.90245,15.004,0.579686,0.839516,0.751728,1.63
4.44845,3.2543,19.0649,-0.333376,0.982239,-0.532215,4.71849,-3.90811,14.9731,0.577464,0.841335,0.754429,1.64
4.44664,3.26456,19.0174,-0.335908,0.977915,-0.532966,4.70815,-3.90443,14.9751,0.57178,0.840967,0.757264,1.65
4.41779,3.26324,19.0368,-0.334817,0.974898,-0.531422,4.70097,-3.91096,14.9796,0.573744,0.841336,0.757325,1.66
4.41835,3.26378,19.0397,-0.333891,0.972957,-0.53046,4.74739,-3.92071,14.9524,0.575658,0.843323,0.758221,1.67
4.41989,3.27435,19.0425,-0.337176,0.97204,-0.533405,4.7881,-3.92457,14.9265,0.573842,0.844758,0.760272,1.68
4.41845,3.26365,19.0781,-0.333924,0.978504,-0.533668,4.82576,-3.93294,14.9046,0.575741,0.846402,0.760875,1.69
4.41777,3.26029,19.0762,-0.33204,0.976546,-0.535253,4.80576,-3.93173,14.9148,0.573768,0.845874,0.761822,1.7
4.41717,3.25727,19.0745,-0.330346,0.974783,-0.536678,4.78773,-3.9306,14.924,0.571993,0.845403,0.762671,1.71
4.44507,3.26898,19.0115,-0.333241,0.971982,-0.537411,4.82437,-3.93342,14.9011,0.570542,0.846633,0.764274,1.72
4.44291,3.26898,19.017,-0.33247,0.970333,-0.535855,4.80552,-3.93705,14.913,0.572626,0.846436,0.763636,1.73
4.44096,3.26897,19.0218,-0.331782,0.968848,-0.53445,4.78753,-3.93542,14.9224,0.570961,0.845907,0.764309,1.74
4.41471,3.28249,19.0424,-0.338883,0.96794,-0.535479,4.82533,-3.94144,14.9002,0.570554,0.846732,0.762895,1.75
4.41537,3.26066,19.0389,-0.336424,0.966588,-0.534246,4.85924,-3.94812,14.881,0.57278,0.848181,0.763237,1.76
4.415,3.25759,19.0409,-0.334291,0.965824,-0.535772,4.88904,-3.95552,14.8277,0.572304,0.841416,0.766102,1.77
4.41569,3.26489,19.0429,-0.336489,0.965964,-0.540956,4.86376,-3.95697,14.847,0.574215,0.84174,0.765281,1.78
4.41629,3.27144,19.0447,-0.338466,0.966092,-0.545619,4.83994,-3.95336,14.863,0.572394,0.841679,0.765788,1.79
4.39145,3.27952,19.0615,-0.341235,0.965088,-0.546623,4.8175,-3.94518,14.876,0.56722,0.841272,0.767486,1.8
4.39562,3.26191,19.0569,-0.339585,0.963678,-0.541512,4.79935,-3.92618,14.8838,0.565903,0.840818,0.765182,1.81
4.39938,3.24605,19.0527,-0.338103,0.962409,-0.536909,4.78315,-3.92926,14.8967,0.565861,0.840492,0.762834,1.82
4.40063,3.24446,19.0533,-0.335804,0.962058,-0.538169,4.76843,-3.93331,14.9091,0.568411,0.840909,0.76234,1.83
4.40391,3.25697,19.0547,-0.338895,0.962232,-0.540346,4.78122,-3.93133,14.9535,0.570101,0.844397,0.762235,1.84
4.4067,3.26567,19.0076,-0.338259,0.959193,-0.53861,4.76889,-3.92228,14.9556,0.572974,0.843625,0.756353,1.85
4.40836,3.26599,19.0134,-0.336985,0.958823,-0.536933,4.73021,-3.90856,14.9724,0.574541,0.842462,0.7535,1.86
4.41089,3.27147,19.0201,-0.339507,0.958863,-0.534327,4.69399,-3.9052,15.0418,0.575475,0.844137,0.753436,1.87
4.4132,3.2764,19.026,-0.341776,0.958899,-0.531983,4.68821,-3.91163,15.0397,0.577067,0.844189,0.753879,1.88
4.41426,3.27565,19.03,-0.340156,0.958557,-0.530965,4.73619,-3.90615,14.9653,0.575966,0.837379,0.755091,1.89
4.44261,3.28421,18.9708,-0.339453,0.95666,-0.53059,4.77907,-3.91635,14.9395,0.577657,0.839763,0.756209,1.9
4.44069,3.28267,18.9803,-0.338063,0.956543,-0.529712,4.76375,-3.91679,14.9462,0.575496,0.839899,0.757621,1.91
4.46837,3.27918,18.9224,-0.34115,0.954772,-0.525741,4.75099,-3.92211,14.9536,0.577084,0.840373,0.75765,1.92
4.49124,3.28737,18.8739,-0.340346,0.953253,-0.525889,4.73948,-3.92687,14.9603,0.578513,0.840803,0.757675,1.93
4.51185,3.29475,18.8303,-0.339623,0.951885,-0.526021,4.78196,-3.93501,14.9351,0.579943,0.842846,0.758539,1.94
4.50402,3.30225,18.8541,-0.342335,0.953076,-0.529413,4.76662,-3.93987,14.9077,0.578602,0.834959,0.761037,1.95
4.49699,3.30899,18.8754,-0.344776,0.954146,-0.532463,4.80537,-3.94181,14.8863,0.576488,0.837233,0.762809,1.96
4.48847,3.3011,18.8938,-0.341807,0.954625,-0.53417,4.78736,-3.91823,14.8918,0.570705,0.836833,0.762215,1.97
4.482,3.29788,18.911,-0.340182,0.954712,-0.532936,4.77221,-3.92338,14.9047,0.572774,0.837617,0.761782,1.98
4.5035,3.30421,18.8637,-0.339474,0.953198,-0.532364,4.75861,-3.92801,14.9162,0.574636,0.838323,0.761391,1.99
4.46793,3.31548,18.9035,-0.338101,0.953103,-0.533515,4.74636,-3.93218,14.9266,0.576311,0.838957,0.761041,2
4.43889,3.3026,18.9294,-0.340824,0.952947,-0.533098,4.73634,-3.91939,14.9307,0.577621,0.839086,0.758137,2.01
4.46356,3.30457,18.8795,-0.339005,0.951954,-0.535278,4.72424,-3.9146,14.937,0.571925,0.838939,0.760598,2.02
4.46038,3.29063,18.8926,-0.340654,0.953029,-0.537878,4.76828,-3.90249,14.9074,0.570282,0.840376,0.759823,2.03
4.45552,3.28453,18.9092,-0.338101,0.953618,-0.539037,4.80911,-3.9167,14.8881,0.573484,0.842102,0.757609,2.04
4.45115,3.27909,18.9241,-0.335801,0.954148,-0.540084,4.76538,-3.89862,14.9103,0.571467,0.840738,0.755871,2.05
4.44905,3.2869,18.8908,-0.33809,0.952634,-0.54005,4.75246,-3.90576,14.9213,0.573462,0.84113,0.756074,2.06
4.44749,3.2952,18.9085,-0.340951,0.953752,-0.542044,4.73976,-3.90726,14.9299,0.571718,0.841131,0.7575,2.07
4.47232,3.30801,18.8609,-0.343237,0.953508,-0.547143,4.78116,-3.91245,14.9063,0.570289,0.842788,0.759625,2.08
4.46745,3.3041,18.8814,-0.341471,0.953705,-0.54461,4.81979,-3.92834,14.8519,0.573594,0.836914,0.761613,2.09
4.46188,3.2967,18.8991,-0.338834,0.954226,-0.545101,4.80139,-3.9325,14.8688,0.575373,0.837689,0.761242,2.1
4.45805,3.29393,18.9158,-0.337507,0.954352,-0.542772,4.838,-3.94639,14.8181,0.57817,0.832326,0.763068,2.11
4.48081,3.29675,18.8673,-0.336021,0.953218,-0.543986,4.78998,-3.93435,14.9016,0.575207,0.834661,0.76329,2.12
4.4739,3.29004,18.8864,-0.333929,0.95379,-0.544534,4.82851,-3.9252,14.8769,0.576775,0.836873,0.761,2.13
4.44308,3.2758,18.9133,-0.336025,0.953907,-0.545781,4.86109,-3.92863,14.8586,0.574842,0.838955,0.762779,2.14
4.46737,3.28043,18.8651,-0.33469,0.952818,-0.546691,4.83767,-3.92657,14.8727,0.570369,0.838462,0.761916,2.15
4.46501,3.2945,18.8868,-0.341558,0.954291,-0.546918,4.81778,-3.93721,14.853,0.573519,0.831367,0.762835,2.16
4.46189,3.29713,18.9061,-0.343624,0.954783,-0.543314,4.85342,-3.92772,14.8332,0.575249,0.833915,0.760593,2.17
4.45906,3.30442,18.9222,-0.345933,0.955686,-0.54498,4.83371,-3.92549,14.8467,0.580935,0.835374,0.761439,2.18
4.48294,3.33679,18.879,-0.348846,0.955357,-0.549654,4.81391,-3.9299,14.8641,0.581979,0.836302,0.761083,2.19
4.50442,3.36593,18.8402,-0.351466,0.955061,-0.553862,4.79827,-3.92094,14.8751,0.583666,0.836338,0.75531,2.2
4.49635,3.35625,18.8627,-0.348876,0.955104,-0.550659,4.78414,-3.91941,14.8844,0.588516,0.837555,0.756682,2.21
4.49007,3.35759,18.8832,-0.35066,0.955973,-0.551587,4.82223,-3.92834,14.8667,0.588948,0.83992,0.757649,2.22
4.48439,3.33214,18.8964,-0.348072,0.955473,-0.545973,4.80482,-3.93619,14.8827,0.590139,0.840034,0.754815,2.23
4.45272,3.30748,18.9228,-0.345683,0.95425,-0.540495,4.7881,-3.93833,14.8958,0.587673,0.839787,0.75351,2.24
4.4506,3.29324,18.9315,-0.346663,0.955096,-0.542574,4.77409,-3.94515,14.9089,0.588991,0.839916,0.751089,2.25
4.44891,3.30085,18.9451,-0.34867,0.955964,-0.544305,4.81221,-3.94527,14.8867,0.583248,0.840984,0.752234,2.26
4.44737,3.30775,18.9573,-0.350474,0.956746,-0.545869,4.79455,-3.92626,14.8934,0.580325,0.84056,0.751456,2.27
4.41831,3.30346,18.9834,-0.350542,0.956562,-0.544717,4.77969,-3.91405,14.9008,0.581232,0.84053,0.749511,2.28
4.41884,3.30006,18.9917,-0.348039,0.956456,-0.542438,4.76531,-3.91962,14.9128,0.582246,0.840942,0.750349,2.29
4.41933,3.29696,18.9991,-0.34579,0.956358,-0.540378,4.75344,-3.9348,14.9236,0.587434,0.842138,0.754808,2.3
4.42076,3.30429,19.0059,-0.347883,0.9571,-0.542338,4.73963,-3.92851,14.9305,0.580757,0.841682,0.757605,2.31
4.42106,3.30075,19.0119,-0.345653,0.956939,-0.540283,4.72721,-3.92289,14.9368,0.574748,0.841271,0.760125,2.32
4.42334,3.31283,19.0189,-0.351425,0.957999,-0.541153,4.76995,-3.92656,14.9125,0.573023,0.842911,0.761988,2.33
4.42414,3.29804,19.018,-0.35183,0.958471,-0.543164,4.78376,-3.92894,14.9572,0.5752,0.845839,0.759058,2.34
4.42507,3.30519,19.0229,-0.353321,0.959003,-0.544838,4.76899,-3.93306,14.9635,0.57682,0.845718,0.758943,2.35
4.42492,3.30153,19.0272,-0.350546,0.958651,-0.542532,4.8075,-3.93571,14.9366,0.574882,0.846915,0.760928,2.36
4.45101,3.30362,18.9676,-0.347755,0.95709,-0.543772,4.78858,-3.93563,14.9077,0.570511,0.838268,0.764431,2.37
4.47447,3.30553,18.9139,-0.345241,0.955683,-0.544893,4.77225,-3.93416,14.9176,0.569059,0.838555,0.765025,2.38
4.49777,3.32122,18.8665,-0.348142,0.954902,-0.546944,4.75862,-3.93776,14.9279,0.571289,0.839164,0.764316,2.39
4.49036,3.31601,18.8865,-0.345882,0.954962,-0.544434,4.71956,-3.93154,15.0017,0.572549,0.841169,0.763175,2.4
4.51047,3.34096,18.8809,-0.347754,0.962481,-0.547818,4.71121,-3.93541,15.0036,0.574432,0.841515,0.762651,2.41
4.47524,3.33203,18.9139,-0.345475,0.961006,-0.544793,4.70474,-3.92234,14.9999,0.575928,0.841387,0.75959,2.42
4.49685,3.32874,18.9004,-0.343196,0.96664,-0.541693,4.69684,-3.92218,15.0006,0.573936,0.841363,0.760666,2.43
4.48953,3.32277,18.9169,-0.341433,0.965524,-0.539704,4.6918,-3.91041,14.9973,0.575484,0.841249,0.757798,2.44
4.48173,3.31349,18.9311,-0.338797,0.964865,-0.540686,4.68519,-3.91145,14.9982,0.573537,0.841235,0.759051,2.45
4.47474,3.30512,18.9438,-0.336428,0.964271,-0.541566,4.68041,-3.91605,14.9997,0.572729,0.840866,0.757322,2.46
4.47028,3.28852,18.902,-0.334916,0.960919,-0.539837,4.67599,-3.92146,15.0018,0.574594,0.841244,0.757383,2.47
4.46654,3.26997,18.9133,-0.333901,0.959926,-0.535399,4.67199,-3.92632,15.0036,0.576273,0.841584,0.757436,2.48
4.46206,3.2494,18.9228,-0.331942,0.959376,-0.534176,4.64157,-3.92122,15.0699,0.577032,0.843346,0.756981,2.49
4.45806,3.25756,18.9366,-0.334374,0.960163,-0.539524,4.641,-3.92611,15.0649,0.578468,0.843474,0.757075,2.5
4.45569,3.26395,18.9509,-0.337158,0.960067,-0.536663,4.64052,-3.93053,15.0604,0.579759,0.843589,0.75716,2.51
4.45153,3.28106,18.9675,-0.336075,0.96006,-0.537818,4.63902,-3.92957,15.055,0.577384,0.843342,0.758477,2.52
4.44872,3.27987,18.9773,-0.335022,0.959603,-0.536223,4.63873,-3.93362,15.0515,0.578784,0.843471,0.758419,2.53
4.47461,3.29811,18.9236,-0.338947,0.958431,-0.539139,4.63743,-3.93238,15.047,0.576506,0.843235,0.759616,2.54
4.46771,3.28507,18.9711,-0.33552,0.966254,-0.53883,4.68839,-3.93651,14.9758,0.572116,0.83661,0.764095,2.55
4.46329,3.28341,18.9806,-0.334526,0.965176,-0.537125,4.68433,-3.94351,14.9809,0.574989,0.837055,0.760615,2.56
4.46028,3.26536,18.984,-0.33355,0.963757,-0.532958,4.67848,-3.94127,14.9835,0.573092,0.837461,0.761589,2.57
4.45859,3.25921,18.9873,-0.336789,0.96331,-0.53302,4.67218,-3.93436,14.9844,0.56785,0.837474,0.76371,2.58
4.45708,3.25371,18.9902,-0.339703,0.962909,-0.53308,4.66964,-3.92139,14.9827,0.570008,0.837749,0.76054,2.59
4.45356,3.26142,18.9973,-0.341356,0.963344,-0.538538,4.7181,-3.92516,14.9538,0.568757,0.839742,0.762358,2.6
4.47678,3.26753,18.9406,-0.339483,0.961312,-0.54018,4.7631,-3.9398,14.8947,0.572222,0.83417,0.764068,2.61
4.49763,3.27304,18.8897,-0.337799,0.959483,-0.541659,4.75142,-3.92632,14.9019,0.573938,0.834776,0.760868,2.62
4.51854,3.26531,18.8394,-0.337246,0.957045,-0.537588,4.73983,-3.93072,14.9138,0.575676,0.835763,0.76058,2.63
4.5394,3.2736,18.7958,-0.344535,0.956052,-0.536637,4.72972,-3.91952,14.8833,0.57456,0.828143,0.760291,2.64
4.52762,3.27931,18.8222,-0.345705,0.957168,-0.541736,4.72045,-3.92335,14.8963,0.573647,0.829082,0.758439,2.65
4.51681,3.28188,18.7977,-0.343338,0.95498,-0.542629,4.76602,-3.93551,14.8781,0.57651,0.831935,0.756368,2.66
4.50729,3.26014,18.8187,-0.340435,0.954923,-0.540684,4.75334,-3.94531,14.8578,0.579048,0.82549,0.757845,2.67
4.49991,3.27108,18.8436,-0.343064,0.955809,-0.542608,4.74164,-3.9478,14.874,0.580283,0.827403,0.75785,2.68
4.49229,3.27086,18.8658,-0.341316,0.955776,-0.540527,4.73109,-3.92856,14.882,0.577659,0.828334,0.75651,2.69
4.48543,3.27066,18.8858,-0.33974,0.955748,-0.538657,4.72053,-3.92783,14.8945,0.575492,0.829612,0.757897,2.7
4.45363,3.25221,18.9133,-0.338183,0.954496,-0.533915,4.71114,-3.92587,14.905,0.570952,0.830053,0.757525,2.71
4.47887,3.2745,18.8666,-0.344412,0.954553,-0.538734,4.70361,-3.93032,14.9165,0.572993,0.831511,0.757567,2.72
4.47313,3.28012,18.886,-0.345595,0.955821,-0.543625,4.69696,-3.93303,14.9262,0.572237,0.832115,0.755986,2.73
4.46699,3.27512,18.9033,-0.342544,0.956131,-0.544213,4.69086,-3.93676,14.9356,0.574149,0.833368,0.756184,2.74
4.49105,3.29381,18.857,-0.345716,0.955306,-0.546326,4.68431,-3.93519,14.9427,0.572333,0.834143,0.757603,2.75
4.48429,3.29131,18.8779,-0.343702,0.955322,-0.543872,4.68052,-3.92212,14.9452,0.574042,0.83475,0.755041,2.76
4.48104,3.29009,18.8435,-0.346624,0.953352,-0.542959,4.6761,-3.92691,14.9527,0.575781,0.835739,0.755325,2.77
4.47527,3.28796,18.8658,-0.344518,0.953565,-0.540843,4.72288,-3.92524,14.9254,0.570414,0.83758,0.75891,2.78
4.47094,3.29742,18.8866,-0.349359,0.955304,-0.544425,4.76497,-3.92375,14.9009,0.565583,0.839238,0.762137,2.79
4.43943,3.27239,18.9134,-0.345792,0.954442,-0.541875,4.74998,-3.91857,14.9101,0.561088,0.839074,0.764204,2.8
4.43765,3.27822,18.9281,-0.34684,0.955719,-0.546449,4.71247,-3.92812,14.9022,0.565096,0.831085,0.764473,2.81
4.46363,3.28654,18.8791,-0.345468,0.954105,-0.544527,4.70483,-3.93231,14.914,0.567727,0.83244,0.763816,2.82
4.46168,3.30005,18.8993,-0.35126,0.955445,-0.544974,4.69914,-3.93974,14.9253,0.571038,0.833301,0.760364,2.83
4.43229,3.3053,18.9307,-0.352745,0.955506,-0.546049,4.69179,-3.93787,14.9334,0.569535,0.834083,0.761363,2.84
4.43139,3.30165,18.9442,-0.350024,0.955505,-0.543625,4.68622,-3.94112,14.9421,0.571718,0.835138,0.761022,2.85
4.43156,3.30842,18.9566,-0.351694,0.956333,-0.545253,4.68121,-3.94404,14.9499,0.573682,0.836088,0.760716,2.86
4.4591,3.29713,18.8996,-0.349755,0.954209,-0.540817,4.67461,-3.93685,14.9542,0.568377,0.83624,0.762927,2.87
4.48391,3.287,18.8484,-0.348011,0.952296,-0.536828,4.67091,-3.93891,14.9601,0.568087,0.836368,0.760806,2.88
4.47787,3.28518,18.8701,-0.345767,0.952615,-0.535325,4.66744,-3.94206,14.9661,0.570416,0.837195,0.760519,2.89
4.47245,3.28353,18.8897,-0.343748,0.952901,-0.533969,4.66429,-3.94487,14.9715,0.572512,0.837942,0.76026,2.9
4.46756,3.28208,18.9073,-0.341928,0.953159,-0.532755,4.66146,-3.94739,14.9764,0.574398,0.838611,0.760026,2.91
4.49038,3.29618,18.8598,-0.344117,0.952975,-0.538783,4.65891,-3.94968,14.9808,0.576096,0.839212,0.759817,2.92
4.48469,3.30354,18.8806,-0.346376,0.954057,-0.540902,4.65663,-3.95172,14.9847,0.577624,0.839755,0.759626,2.93
4.47846,3.30139,18.8998,-0.346913,0.954915,-0.54067,4.65249,-3.94375,14.9855,0.571924,0.839541,0.761946,2.94
4.47298,3.29813,18.9165,-0.344778,0.954973,-0.538784,4.62504,-3.92036,15.0483,0.572918,0.841066,0.758452,2.95
4.46687,3.2913,18.9307,-0.341809,0.955368,-0.539857,4.62405,-3.91552,15.0428,0.567688,0.840719,0.760889,2.96
4.43598,3.28732,18.9588,-0.340124,0.954605,-0.537627,4.62527,-3.92099,15.0405,0.570057,0.841111,0.760592,2.97
4.43356,3.28157,18.9688,-0.33762,0.955037,-0.538814,4.59994,-3.924,15.0541,0.57212,0.840635,0.759902,2.98
4.43353,3.29038,18.9787,-0.340528,0.955912,-0.540928,4.6576,-3.93609,15.0201,0.575139,0.842334,0.75768,2.99
4.43352,3.29828,18.9876,-0.343149,0.9567,-0.542826,4.70832,-3.94334,14.9888,0.57691,0.84422,0.758544,3
4.43349,3.30539,18.9956,-0.345506,0.95741,-0.544534,4.70108,-3.92453,14.9854,0.574622,0.84347,0.757134,3.01
4.43349,3.31181,19.0028,-0.347627,0.958047,-0.546074,4.6935,-3.9242,14.9875,0.572758,0.843235,0.758461,3.02
4.43249,3.30753,19.0091,-0.34542,0.957789,-0.543648,4.74061,-3.93265,14.9595,0.574765,0.845031,0.759249,3.03
4.43259,3.31376,19.0149,-0.347549,0.95839,-0.54528,4.73016,-3.93639,14.9656,0.576427,0.84499,0.759114,3.04
4.45909,3.31853,18.9572,-0.346106,0.956508,-0.543477,4.72078,-3.93978,14.971,0.577925,0.844953,0.758993,3.05
4.48293,3.32284,18.9053,-0.344803,0.954816,-0.541858,4.71025,-3.93301,14.9732,0.572197,0.844216,0.761374,3.06
4.47581,3.31354,18.9207,-0.341832,0.955227,-0.542624,4.70401,-3.9404,14.9785,0.57506,0.8439,0.758171,3.07
4.47045,3.31039,18.9359,-0.342825,0.955967,-0.542217,4.69723,-3.94339,14.9827,0.576694,0.843972,0.758146,3.08
4.46457,3.30237,18.9482,-0.340051,0.956262,-0.542948,4.69008,-3.94115,14.9851,0.574627,0.843686,0.759365,3.09
4.43471,3.31354,18.9742,-0.345732,0.957411,-0.5508,4.6847,-3.94405,14.9886,0.576302,0.843783,0.759222,3.1
4.43537,3.32665,18.9353,-0.348524,0.955687,-0.551832,4.67984,-3.94665,14.9918,0.577811,0.843867,0.759089,3.11
4.40762,3.31913,18.9629,-0.346166,0.954893,-0.548406,4.67545,-3.94902,14.9946,0.579167,0.843944,0.758976,3.12
4.43759,3.33341,18.9106,-0.348978,0.954192,-0.550099,4.72437,-3.95498,14.9659,0.580533,0.845668,0.759712,3.13
4.46358,3.33619,18.8633,-0.347392,0.952731,-0.54781,4.71761,-3.9501,14.9661,0.585693,0.845948,0.760648,3.14
4.45957,3.32948,18.8836,-0.345208,0.953007,-0.545213,4.70944,-3.9521,14.9716,0.586262,0.845817,0.760376,3.15
4.45576,3.3296,18.9013,-0.346313,0.954428,-0.549453,4.70209,-3.93244,14.9698,0.583039,0.844907,0.758784,3.16
4.45359,3.32871,18.9191,-0.347906,0.954906,-0.545595,4.69446,-3.90987,14.9669,0.576599,0.843736,0.758602,3.17
4.47798,3.33195,18.871,-0.346427,0.953374,-0.543757,4.68655,-3.90609,14.9695,0.571004,0.843121,0.761021,3.18
4.47134,3.32175,18.8898,-0.343294,0.953928,-0.544331,4.68152,-3.9125,14.9745,0.573039,0.843273,0.760714,3.19
4.46537,3.31258,18.9067,-0.340472,0.954428,-0.544851,4.67695,-3.91828,14.9791,0.574871,0.843413,0.76044,3.2
4.46106,3.30953,18.9233,-0.341599,0.955249,-0.544225,4.67074,-3.91364,14.9805,0.569445,0.842832,0.762678,3.21
4.45833,3.31066,18.939,-0.343661,0.955646,-0.54089,4.66725,-3.9193,14.9845,0.571639,0.843012,0.762203,3.22
4.42827,3.30476,18.9662,-0.341791,0.954853,-0.538557,4.66413,-3.9244,14.9881,0.573612,0.843174,0.761777,3.23
4.42779,3.30117,18.9762,-0.340168,0.954916,-0.536883,4.66145,-3.92772,14.9906,0.572797,0.842609,0.759773,3.24
4.45476,3.3072,18.9224,-0.339462,0.953381,-0.53592,4.65892,-3.93197,14.9935,0.574658,0.842812,0.759588,3.25
4.45045,3.29949,18.936,-0.337025,0.953934,-0.53728,4.6567,-3.9358,14.9962,0.576335,0.842993,0.759418,3.26
4.44879,3.30161,18.9504,-0.339543,0.954462,-0.53464,4.65362,-3.93437,14.9972,0.574304,0.842805,0.760515,3.27
4.44626,3.29833,18.962,-0.338144,0.954563,-0.533356,4.6519,-3.93797,14.9995,0.576012,0.842988,0.760257,3.28
4.44398,3.29542,18.9724,-0.336885,0.954656,-0.532206,4.65032,-3.94119,15.0016,0.57755,0.843151,0.760022,3.29
4.41636,3.27448,18.9912,-0.335613,0.953514,-0.52811,4.64887,-3.9441,15.0034,0.578932,0.843301,0.759814,3.3
4.41708,3.27392,18.9987,-0.334608,0.95371,-0.527479,4.64759,-3.94671,15.0051,0.580178,0.843434,0.759624,3.31
4.39419,3.27039,19.0164,-0.34135,0.953864,-0.526569,4.6983,-3.94802,14.974,0.577908,0.844856,0.761539,3.32
4.42453,3.27948,18.9586,-0.340526,0.952438,-0.526636,4.71815,-3.94461,15.0119,0.578654,0.847944,0.761513,3.33
4.42445,3.27845,18.9693,-0.33903,0.952743,-0.526157,4.68432,-3.94661,15.0767,0.580857,0.849184,0.762742,3.34
4.42538,3.28268,18.9804,-0.341349,0.953389,-0.524629,4.65266,-3.9395,15.1356,0.581156,0.850185,0.761758,3.35
4.4262,3.29136,18.9891,-0.343887,0.954428,-0.528158,4.65098,-3.94256,15.1241,0.582177,0.849632,0.761377,3.36
4.42592,3.2891,18.9968,-0.342051,0.954534,-0.527526,4.64945,-3.95055,15.1124,0.583829,0.849607,0.765985,3.37
4.42668,3.29717,19.0039,-0.344517,0.955459,-0.530768,4.70094,-3.95633,15.0719,0.584729,0.850764,0.766016,3.38
4.42838,3.28298,19.0064,-0.346207,0.955383,-0.526147,4.69546,-3.94114,15.0615,0.585197,0.849711,0.762615,3.39
4.45529,3.2908,18.9495,-0.344896,0.953803,-0.526256,4.68951,-3.94401,15.0574,0.585817,0.849203,0.762141,3.4
4.48147,3.29137,18.8935,-0.347753,0.952762,-0.527535,4.68314,-3.94172,15.0523,0.582838,0.848393,0.762961,3.41
4.47567,3.28912,18.9107,-0.345534,0.953036,-0.526964,4.73131,-3.94841,15.0178,0.58384,0.849673,0.763297,3.42
4.47045,3.28707,18.9262,-0.343537,0.953281,-0.526447,4.72179,-3.9506,15.0181,0.584592,0.84917,0.762763,3.43
4.46673,3.2687,18.9351,-0.341658,0.95305,-0.523353,4.71111,-3.94275,15.0156,0.578194,0.848013,0.76477,3.44
4.46222,3.27488,18.9477,-0.343117,0.954466,-0.529778,4.70357,-3.94548,15.016,0.579511,0.847676,0.764086,3.45
4.45833,3.2743,18.9595,-0.34136,0.95457,-0.528985,4.6968,-3.94794,15.0165,0.580698,0.847372,0.763468,3.46
4.45483,3.27378,18.9701,-0.339776,0.954663,-0.528273,4.69203,-3.93989,14.9771,0.582619,0.838943,0.761641,3.47
4.4527,3.28338,18.9799,-0.342471,0.955575,-0.53144,4.66074,-3.93706,15.0466,0.58369,0.84061,0.757903,3.48
4.47719,3.29118,18.9256,-0.341537,0.953974,-0.531019,4.63184,-3.93846,15.0596,0.584385,0.840185,0.757485,3.49
4.47388,3.3042,18.9412,-0.347723,0.955328,-0.532814,4.68628,-3.94912,15.0251,0.586177,0.841927,0.755507,3.5
4.46985,3.31074,18.9539,-0.349625,0.956172,-0.535523,4.65237,-3.93194,15.0865,0.578872,0.84295,0.757734,3.51
4.46523,3.30658,18.9651,-0.34722,0.956101,-0.534153,4.6519,-3.93944,15.0805,0.581067,0.842759,0.754895,3.52
4.48847,3.31206,18.9124,-0.345809,0.954449,-0.533462,4.65033,-3.94251,15.0745,0.582098,0.842947,0.755197,3.53
4.50937,3.31698,18.8649,-0.344542,0.952961,-0.532834,4.64787,-3.94035,15.0677,0.57949,0.842765,0.756713,3.54
4.5018,3.32226,18.8852,-0.346761,0.954043,-0.535544,4.64773,-3.92677,15.0577,0.580482,0.842512,0.754244,3.55
4.49398,3.31692,18.9033,-0.34464,0.954185,-0.53417,4.64655,-3.93109,15.0539,0.581574,0.842723,0.754609,3.56
4.51435,3.32139,18.8567,-0.343488,0.952726,-0.533479,4.64444,-3.93007,15.0492,0.579017,0.842562,0.756181,3.57
4.50612,3.30088,18.8733,-0.344233,0.953268,-0.531357,4.69539,-3.93301,15.0137,0.57686,0.844074,0.75844,3.58
4.47333,3.31122,18.9086,-0.350087,0.953919,-0.532694,4.6906,-3.94035,15.015,0.579257,0.843772,0.755526,3.59
4.47038,3.32222,18.9259,-0.355417,0.955278,-0.534322,4.68305,-3.9335,15.0128,0.573394,0.843156,0.758254,3.6
4.46651,3.32438,18.8917,-0.353127,0.952932,-0.533186,4.67731,-3.93224,15.0122,0.571656,0.842951,0.759462,3.61
4.4896,3.32805,18.8463,-0.351126,0.951596,-0.532589,4.64521,-3.92817,15.0756,0.57267,0.845405,0.766615,3.62
4.4564,3.32041,18.8828,-0.348508,0.951211,-0.531089,4.6443,-3.93235,15.0701,0.574543,0.845327,0.765743,3.63
4.45411,3.32532,18.9013,-0.35033,0.952468,-0.533971,4.69735,-3.92341,15.0286,0.576173,0.846475,0.763211,3.64
4.47729,3.32503,18.8543,-0.347564,0.951522,-0.536066,4.69123,-3.92809,15.0277,0.577695,0.84629,0.762682,3.65
4.44522,3.319,18.8907,-0.347922,0.951859,-0.535893,4.73783,-3.93754,14.9598,0.576723,0.839712,0.76561,3.66
4.41646,3.31225,18.9227,-0.345627,0.951445,-0.534058,4.78154,-3.9548,14.9347,0.582607,0.842685,0.769388,3.67
4.44454,3.31713,18.8743,-0.344373,0.950261,-0.533376,4.767,-3.95636,14.9432,0.583486,0.842879,0.768242,3.68
4.44347,3.31749,18.8948,-0.346157,0.951157,-0.531127,4.75392,-3.95779,14.9509,0.584278,0.843051,0.76721,3.69
4.46971,3.30661,18.8448,-0.347393,0.950265,-0.529779,4.74214,-3.959,14.9578,0.584991,0.843207,0.766274,3.7
4.49131,3.30822,18.8034,-0.344916,0.949543,-0.532299,4.73083,-3.96152,14.9282,0.583145,0.835282,0.768001,3.71
4.46,3.31783,18.8458,-0.350703,0.950566,-0.533545,4.72237,-3.94584,14.9321,0.583771,0.835776,0.764404,3.72
4.48481,3.32739,18.8064,-0.352611,0.94984,-0.531821,4.71374,-3.9483,14.9409,0.584531,0.83666,0.763758,3.73
4.45211,3.3198,18.8469,-0.349844,0.949629,-0.530396,4.7063,-3.95681,14.9143,0.586269,0.829741,0.764493,3.74
4.47663,3.32394,18.806,-0.34817,0.948625,-0.530079,4.70032,-3.94162,14.9196,0.586582,0.830789,0.76125,3.75
4.49958,3.33907,18.77,-0.3534,0.949268,-0.535282,4.69275,-3.94087,14.929,0.586118,0.832528,0.76378,3.76
4.51819,3.33738,18.7361,-0.350325,0.948642,-0.537243,4.74005,-3.94634,14.9061,0.584198,0.834685,0.762415,3.77
4.50871,3.33052,18.7691,-0.347848,0.949325,-0.5357,4.73081,-3.95239,14.9182,0.585863,0.83532,0.759105,3.78
4.50118,3.33441,18.799,-0.349735,0.950773,-0.538123,4.72165,-3.96048,14.8939,0.587466,0.828536,0.760305,3.79
4.49547,3.34312,18.8272,-0.355103,0.952447,-0.539208,4.76627,-3.97161,14.8407,0.589056,0.824085,0.762225,3.8
4.48827,3.3357,18.8511,-0.352149,0.95275,-0.537469,4.72645,-3.962,14.9232,0.588537,0.827595,0.761293,3.81
4.50921,3.33825,18.8098,-0.350249,0.951433,-0.536444,4.7174,-3.96284,14.933,0.588818,0.829301,0.760962,3.82
4.52688,3.33666,18.7719,-0.34749,0.950591,-0.53829,4.7363,-3.94141,14.9697,0.588268,0.833506,0.758409,3.83
4.51941,3.35264,18.7546,-0.353777,0.949918,-0.539474,4.7523,-3.93866,15.0081,0.587972,0.837731,0.758701,3.84
4.53828,3.35869,18.7243,-0.355376,0.949259,-0.537157,4.74067,-3.94183,15.0093,0.58831,0.838419,0.758625,3.85
4.52782,3.35979,18.7586,-0.356508,0.950714,-0.539436,4.72916,-3.93973,15.009,0.585081,0.838687,0.759795,3.86
4.51843,3.3559,18.7908,-0.357077,0.951563,-0.536582,4.71988,-3.94276,15.0102,0.585716,0.839281,0.759601,3.87
4.51001,3.35241,18.8197,-0.357591,0.952329,-0.534014,4.71153,-3.94548,15.0112,0.586284,0.839817,0.759431,3.88
4.47582,3.35242,18.859,-0.358446,0.952702,-0.536183,4.75938,-3.97189,14.947,0.593212,0.834706,0.762282,3.89
4.47162,3.35414,18.8799,-0.359275,0.953812,-0.538557,4.74605,-3.96682,14.9529,0.589495,0.835343,0.763088,3.9
4.49523,3.36492,18.8358,-0.360779,0.953219,-0.541233,4.76021,-3.95534,14.9909,0.582953,0.838321,0.762532,3.91
4.48903,3.33874,18.8537,-0.35718,0.952994,-0.536656,4.71994,-3.94246,15.057,0.579508,0.840056,0.762812,3.92
4.48248,3.33176,18.8749,-0.354019,0.953245,-0.535172,4.71151,-3.94525,15.0534,0.580692,0.840513,0.762327,3.93
4.47739,3.33296,18.8458,-0.351867,0.951106,-0.533952,4.75679,-3.95157,15.0188,0.581903,0.842582,0.762728,3.94
4.47182,3.33275,18.8673,-0.352306,0.952717,-0.53932,4.74469,-3.95341,15.019,0.58285,0.842786,0.762246,3.95
4.46681,3.33258,18.8866,-0.3527,0.954166,-0.544154,4.70633,-3.94825,15.0333,0.580092,0.841792,0.762636,3.96
4.43592,3.32447,18.9191,-0.349927,0.953522,-0.541494,4.69929,-3.95044,15.032,0.58122,0.842074,0.762163,3.97
4.40911,3.32727,18.9485,-0.351547,0.953773,-0.542914,4.74586,-3.95625,14.9995,0.582387,0.843982,0.762575,3.98
4.43796,3.33067,18.8974,-0.349706,0.952354,-0.541346,4.73383,-3.95275,15.0002,0.579747,0.843693,0.763355,3.99
4.46496,3.33893,18.8529,-0.351712,0.951449,-0.53884,4.7251,-3.93796,14.997,0.580713,0.843345,0.760222,4
4.48819,3.34116,18.8114,-0.349852,0.950262,-0.537679,4.77022,-3.94871,14.9687,0.582867,0.84477,0.757976,4.01
4.48173,3.33394,18.8368,-0.347423,0.950784,-0.536095,4.75458,-3.9423,14.9718,0.579236,0.84476,0.762075,4.02
4.47795,3.34271,18.8613,-0.353018,0.952457,-0.537387,4.79454,-3.94401,14.944,0.577057,0.846052,0.763744,4.03
4.50091,3.35465,18.8191,-0.355144,0.952,-0.540184,4.75081,-3.93224,15.0149,0.574199,0.847015,0.763906,4.04
4.49419,3.35615,18.8439,-0.356304,0.95318,-0.542158,4.7393,-3.93599,15.0154,0.575915,0.846779,0.763308,4.05
4.51451,3.3567,18.8033,-0.353985,0.951822,-0.540668,4.72895,-3.93941,15.0159,0.57746,0.846563,0.76277,4.06
4.5328,3.35713,18.7668,-0.351897,0.950598,-0.539322,4.7164,-3.92903,15.013,0.570833,0.846022,0.767635,4.07
4.54808,3.35364,18.7332,-0.348972,0.949841,-0.540881,4.70731,-3.92824,15.0123,0.569347,0.845531,0.76791,4.08
4.53561,3.34516,18.7665,-0.346632,0.950404,-0.538974,4.69913,-3.92756,15.0118,0.568011,0.845087,0.768159,4.09
4.52324,3.33365,18.7957,-0.343481,0.951254,-0.540027,4.69073,-3.92202,15.0099,0.563271,0.844337,0.769628,4.1
4.51326,3.3272,18.8227,-0.341689,0.951677,-0.538209,4.71025,-3.91633,15.0429,0.561938,0.847124,0.77004,4.11
4.50212,3.33399,18.8514,-0.339109,0.952853,-0.541968,4.67424,-3.90871,15.0679,0.558108,0.83991,0.772131,4.12
4.52146,3.34292,18.8096,-0.341577,0.952699,-0.547078,4.6694,-3.90998,15.0618,0.5579,0.840028,0.771955,4.13
4.48609,3.34387,18.8499,-0.344032,0.953032,-0.547939,4.71994,-3.9033,15.0211,0.561193,0.841704,0.768806,4.14
4.48082,3.31983,18.8664,-0.342103,0.952825,-0.542695,4.76235,-3.90402,14.987,0.557284,0.842946,0.771047,4.15
4.4751,3.31471,18.8864,-0.34045,0.953092,-0.540605,4.75076,-3.89408,14.985,0.560497,0.842671,0.767143,4.16
4.49618,3.31547,18.8408,-0.33867,0.952085,-0.542037,4.7415,-3.8888,14.9839,0.564333,0.842069,0.760773,4.17
4.48993,3.32088,18.8635,-0.341477,0.953256,-0.543825,4.73214,-3.90058,14.9882,0.567984,0.841967,0.757627,4.18
4.45773,3.32401,18.8984,-0.343944,0.953535,-0.545008,4.72147,-3.90266,14.9901,0.566787,0.841878,0.758901,4.19
4.4827,3.33783,18.8526,-0.346978,0.952969,-0.547043,4.71289,-3.90938,14.9931,0.569244,0.842153,0.758802,4.2
4.47958,3.33198,18.8207,-0.349568,0.951236,-0.545817,4.67801,-3.91493,14.9756,0.568898,0.833507,0.760858,4.21
4.474,3.32567,18.8452,-0.347169,0.95166,-0.543418,4.67275,-3.91554,14.9787,0.567609,0.834266,0.761807,4.22
4.46995,3.33006,18.8675,-0.349125,0.952872,-0.545067,4.667,-3.91119,14.9801,0.562912,0.834598,0.763908,4.23
4.46534,3.32396,18.8873,-0.346772,0.953132,-0.542742,4.66394,-3.91714,14.9841,0.565759,0.8356,0.763313,4.24
4.46115,3.31842,18.9052,-0.344652,0.953365,-0.540645,4.66336,-3.90959,14.9831,0.569067,0.835704,0.757329,4.25
4.45846,3.31866,18.9226,-0.346411,0.953949,-0.537665,4.66064,-3.91565,14.9868,0.571299,0.836596,0.757388,4.26
4.48237,3.3229,18.8742,-0.345081,0.952512,-0.53662,4.6582,-3.92112,14.9901,0.57331,0.837398,0.75744,4.27
4.47753,3.32269,18.8947,-0.346795,0.953181,-0.534044,4.65523,-3.92742,14.9573,0.57263,0.830052,0.76005,4.28
4.474,3.33,18.865,-0.349035,0.951418,-0.531842,4.65226,-3.92681,14.9622,0.570966,0.831158,0.761084,4.29
4.46897,3.32389,18.8851,-0.34669,0.951824,-0.530838,4.65065,-3.93115,14.968,0.573008,0.832502,0.760766,4.3
4.46442,3.31839,18.9031,-0.344578,0.95219,-0.529936,4.70099,-3.93401,14.9406,0.571451,0.835017,0.762569,4.31
4.46034,3.31342,18.9194,-0.342677,0.95252,-0.529121,4.74735,-3.94148,14.9172,0.573592,0.83763,0.762942,4.32
4.45664,3.30895,18.934,-0.340965,0.952814,-0.52839,4.7362,-3.94434,14.9276,0.57537,0.83833,0.76244,4.33
4.47955,3.3103,18.8837,-0.339134,0.951835,-0.531044,4.72619,-3.94689,14.9368,0.576972,0.838959,0.761984,4.34
4.50338,3.33067,18.8407,-0.346315,0.951813,-0.533381,4.7175,-3.95558,14.9106,0.579466,0.83181,0.762901,4.35
4.52278,3.33374,18.8004,-0.344997,0.950589,-0.532765,4.70833,-3.95213,14.9202,0.577119,0.832741,0.763649,4.36
4.51384,3.33733,18.8272,-0.34717,0.951907,-0.53548,4.70005,-3.94904,14.9289,0.575009,0.833576,0.76432,4.37001
4.50361,3.32656,18.8503,-0.343963,0.95261,-0.536879,4.69365,-3.95116,14.938,0.576645,0.83468,0.763681,4.38001
4.524,3.34009,18.8093,-0.346996,0.952139,-0.539725,4.68581,-3.94324,14.9435,0.571045,0.834971,0.765594,4.39001
4.54135,3.34221,18.7721,-0.345607,0.950884,-0.538475,4.68083,-3.92447,14.9445,0.569343,0.835144,0.763482,4.40001
4.52958,3.3349,18.8015,-0.343603,0.951344,-0.536811,4.65058,-3.90302,15.0114,0.570597,0.83711,0.759836,4.41001
4.519,3.32831,18.8279,-0.341802,0.951759,-0.535312,4.64808,-3.90483,15.011,0.569137,0.837509,0.760889,4.42001
4.4839,3.3307,18.8664,-0.344236,0.952186,-0.537347,4.64584,-3.90645,15.0105,0.567824,0.837869,0.761836,4.43001
4.4513,3.32276,18.9009,-0.342311,0.951742,-0.535365,4.64378,-3.90792,15.0101,0.56664,0.838194,0.762691,4.44001
4.44952,3.32744,18.9176,-0.344755,0.952945,-0.53782,4.61554,-3.90731,15.0254,0.565504,0.837656,0.763038,4.45001
4.42036,3.31984,18.9469,-0.342779,0.952425,-0.535792,4.61757,-3.9136,15.0249,0.568089,0.838354,0.762529,4.46001
4.42034,3.31835,18.9099,-0.340708,0.95071,-0.537277,4.67226,-3.92308,14.9932,0.570564,0.840637,0.762905,4.47001
4.39409,3.31168,18.94,-0.339133,0.950414,-0.535307,4.66747,-3.92416,14.9952,0.571701,0.841391,0.765266,4.48001
4.37045,3.30568,18.9672,-0.337716,0.950146,-0.533532,4.71718,-3.93259,14.9664,0.573816,0.843369,0.76537,4.49001
4.37677,3.31209,18.9772,-0.340617,0.951509,-0.536174,4.68225,-3.92688,15.0364,0.574822,0.84495,0.764121,4.50001
4.38245,3.31787,18.9862,-0.343227,0.952736,-0.538552,4.67798,-3.93754,15.0002,0.577534,0.8372,0.764817,4.51001
4.38656,3.31298,18.9942,-0.34146,0.95301,-0.536878,4.72669,-3.94466,14.9709,0.579068,0.839598,0.764967,4.52001
4.39125,3.31864,19.0015,-0.343987,0.954088,-0.539184,4.77168,-3.95471,14.9452,0.581391,0.8414,0.762243,4.53001
4.39333,3.30977,19.0073,-0.341099,0.95457,-0.540217,4.75825,-3.95503,14.952,0.579799,0.841012,0.760195,4.54001
4.3952,3.30178,19.0124,-0.338499,0.955006,-0.541147,4.74707,-3.9667,14.9589,0.58523,0.842199,0.763677,4.55001
4.42423,3.30386,18.9543,-0.336911,0.953809,-0.542528,4.78775,-3.96596,14.9324,0.582451,0.843746,0.765186,4.56001
4.45358,3.32486,18.9042,-0.344312,0.953591,-0.543716,4.77255,-3.96637,14.9412,0.58334,0.843836,0.764461,4.57001
4.47796,3.32852,18.8576,-0.34319,0.95219,-0.54207,4.75784,-3.96184,14.9477,0.580603,0.843566,0.765055,4.58001
4.47248,3.32256,18.8784,-0.341423,0.952522,-0.540049,4.74496,-3.96409,14.9191,0.579198,0.835603,0.766903,4.59001
4.441,3.31545,18.9117,-0.339778,0.952043,-0.537799,4.73408,-3.96471,14.9292,0.580418,0.836505,0.766005,4.60001
4.43926,3.31079,18.9271,-0.338358,0.952387,-0.536201,4.7221,-3.95672,14.9362,0.577035,0.837321,0.769301,4.61001
4.4377,3.30662,18.941,-0.337078,0.952696,-0.534764,4.7135,-3.95804,14.9446,0.57847,0.838051,0.768161,4.62001
4.46467,3.32215,18.8909,-0.340799,0.952215,-0.537822,4.75779,-3.96581,14.8857,0.580014,0.833004,0.77216,4.63001
4.46138,3.32433,18.8601,-0.33997,0.950179,-0.536338,4.79846,-3.97009,14.8679,0.581295,0.835822,0.771578,4.64001
4.45865,3.32397,18.8821,-0.342195,0.951083,-0.533791,4.78106,-3.96646,14.8825,0.581359,0.837059,0.773072,4.65001
4.45514,3.31847,18.9005,-0.340533,0.951521,-0.532593,4.76685,-3.97314,14.8617,0.583414,0.830099,0.772872,4.66001
4.453,3.32357,18.9172,-0.343153,0.95275,-0.535326,4.80556,-3.97176,14.8449,0.580819,0.832855,0.77346,4.67001
4.47745,3.32735,18.8693,-0.34215,0.951431,-0.534515,4.78863,-3.97161,14.8625,0.581879,0.834032,0.771903,4.68001
4.4729,3.32902,18.8407,-0.341187,0.949472,-0.533362,4.7713,-3.96162,14.8755,0.575758,0.834388,0.772989,4.69001
4.49642,3.33745,18.8018,-0.344045,0.948856,-0.531657,4.80961,-3.96142,14.8573,0.573929,0.836714,0.773567,4.70001
4.49115,3.31923,18.8245,-0.345784,0.94944,-0.526945,4.76701,-3.96407,14.8899,0.576547,0.836319,0.768723,4.71001
4.4844,3.3142,18.8486,-0.343762,0.950045,-0.526434,4.7539,-3.96468,14.903,0.578029,0.837148,0.767645,4.72001
4.47713,3.30578,18.8697,-0.340894,0.950933,-0.528742,4.74092,-3.96162,14.914,0.57842,0.838252,0.769535,4.73001
4.49919,3.31133,18.8265,-0.340117,0.949798,-0.528593,4.7283,-3.95262,14.9219,0.572639,0.838187,0.770861,4.74001
4.49453,3.32989,18.8037,-0.347141,0.949204,-0.530749,4.71905,-3.95435,14.9318,0.574513,0.838829,0.769563,4.75001
4.48948,3.33908,18.8315,-0.352762,0.951036,-0.532578,4.76255,-3.95486,14.908,0.57281,0.840711,0.77048,4.76001
4.51029,3.34131,18.7922,-0.350798,0.94989,-0.532043,4.80171,-3.93386,14.8799,0.567543,0.841611,0.76996,4.77001
4.50163,3.33406,18.8195,-0.348273,0.950452,-0.531019,4.78519,-3.93751,14.8939,0.569929,0.841911,0.768756,4.78001
4.49485,3.3376,18.8443,-0.350121,0.951786,-0.533909,4.82316,-3.94463,14.8753,0.572222,0.843836,0.768511,4.79001
4.48773,3.33071,18.8665,-0.347667,0.952153,-0.532694,4.8034,-3.92084,14.8818,0.566865,0.842771,0.767355,4.80001
4.4823,3.33458,18.8866,-0.349573,0.953315,-0.535415,4.78667,-3.92578,14.8956,0.569316,0.842958,0.766414,4.81002
4.47741,3.3381,18.9047,-0.351288,0.954361,-0.537869,4.82445,-3.93406,14.8768,0.571672,0.844777,0.766401,4.82002
4.47187,3.3325,18.9215,-0.351332,0.95519,-0.537943,4.80459,-3.93277,14.8898,0.570106,0.844411,0.766798,4.83002
4.46808,3.33134,18.9374,-0.352419,0.955594,-0.535238,4.84057,-3.94034,14.8716,0.57238,0.846091,0.766751,4.84002
4.46362,3.3251,18.9502,-0.349734,0.955582,-0.533898,4.8201,-3.94333,14.8864,0.574277,0.845945,0.765868,4.85002
4.43305,3.31772,18.9764,-0.347258,0.954797,-0.532262,4.85455,-3.94987,14.8685,0.576131,0.847469,0.765918,4.86002
4.4321,3.31281,18.9853,-0.34509,0.954864,-0.531215,4.88555,-3.93432,14.8458,0.574067,0.848049,0.764618,4.87002
4.43126,3.30842,18.9934,-0.343137,0.954925,-0.530276,4.85853,-3.92809,14.8605,0.568723,0.847002,0.766435,4.88002
4.43049,3.30445,19.0006,-0.341381,0.95498,-0.529428,4.83627,-3.93228,14.8765,0.570989,0.846765,0.765584,4.89002
4.42962,3.30709,19.0066,-0.34287,0.956205,-0.535249,4.84228,-3.93048,14.9242,0.57242,0.849663,0.765161,4.90002
4.45525,3.30864,18.949,-0.34085,0.954885,-0.537216,4.87451,-3.93831,14.9025,0.574462,0.850814,0.765278,4.91002
4.45305,3.31471,18.9609,-0.343437,0.955774,-0.539485,4.84961,-3.94181,14.9116,0.573354,0.850316,0.770732,4.92002
4.42353,3.3084,18.9859,-0.34159,0.954972,-0.537292,4.80035,-3.93025,14.9857,0.570865,0.850854,0.770194,4.93002
4.42354,3.30446,18.9939,-0.339989,0.955022,-0.535742,4.75529,-3.92125,15.0166,0.566142,0.843268,0.772269,4.94002
4.45192,3.32021,18.9385,-0.343418,0.95431,-0.538703,4.74127,-3.91631,15.0142,0.561592,0.842699,0.773321,4.95002
4.42254,3.31332,18.9658,-0.341577,0.953651,-0.536583,4.73077,-3.92171,15.0148,0.564575,0.842891,0.771778,4.96002
4.45005,3.31811,18.913,-0.34073,0.952244,-0.535646,4.72131,-3.93182,15.014,0.567989,0.84354,0.775347,4.97002
4.44939,3.33331,18.9286,-0.347448,0.954228,-0.541882,4.71173,-3.93075,15.0133,0.566788,0.843299,0.774852,4.98002
4.4468,3.32687,18.9423,-0.345259,0.954353,-0.539876,4.75699,-3.93856,14.9827,0.569389,0.845087,0.774005,4.99002
4.44429,3.32727,18.9541,-0.34636,0.95564,-0.544652,4.74489,-3.94172,14.9865,0.571587,0.845041,0.772398,5.00002
4.44103,3.31755,18.9646,-0.343233,0.955968,-0.545139,4.78684,-3.94841,14.9586,0.57371,0.846656,0.771792,5.01002
4.4655,3.31803,18.9112,-0.341173,0.954673,-0.546119,4.77059,-3.94694,14.9641,0.574532,0.846809,0.773266,5.02002
4.43471,3.31139,18.9413,-0.339551,0.953979,-0.543266,4.8079,-3.94326,14.9357,0.569289,0.847543,0.775057,5.03002
4.43347,3.30845,18.9544,-0.34077,0.954847,-0.542797,4.79175,-3.92942,14.9389,0.571301,0.846809,0.770755,5.04002
4.45987,3.31374,18.9028,-0.340003,0.95332,-0.541243,4.82904,-3.93735,14.9158,0.573456,0.848247,0.770313,5.05002
4.45621,3.30925,18.9191,-0.338558,0.953538,-0.5393,4.8087,-3.93572,14.9248,0.571711,0.847532,0.770317,5.06002
4.45397,3.31528,18.9339,-0.341377,0.954563,-0.541363,4.79145,-3.93917,14.9344,0.573678,0.847243,0.769078,5.07002
4.45093,3.31063,18.9471,-0.339796,0.954655,-0.539408,4.77588,-3.92085,14.9363,0.571712,0.846188,0.766621,5.08002
4.44817,3.30645,18.959,-0.338373,0.954738,-0.537649,4.76082,-3.89941,14.9367,0.566402,0.844889,0.765652,5.09002
4.44452,3.29879,18.969,-0.336044,0.955156,-0.538835,4.74624,-3.89663,14.9424,0.561828,0.844162,0.767364,5.10002
4.46983,3.30505,18.9159,-0.33575,0.953598,-0.537676,4.73311,-3.89414,14.9475,0.557708,0.843508,0.768908,5.11002
4.43864,3.29972,18.9455,-0.33467,0.953013,-0.535669,4.77524,-3.90067,14.9221,0.557687,0.844923,0.76989,5.12002
4.43817,3.30183,18.9589,-0.337426,0.953632,-0.53319,4.81416,-3.89,14.894,0.557465,0.845758,0.768191,5.13002
4.43672,3.29854,18.9696,-0.33624,0.953817,-0.532053,4.76889,-3.89122,14.9209,0.557248,0.844464,0.767989,5.14002
4.43828,3.31836,18.9325,-0.343649,0.952823,-0.533866,4.75487,-3.90054,14.8949,0.558175,0.83641,0.769545,5.15002
4.43681,3.31341,18.9459,-0.341841,0.953089,-0.532659,4.74191,-3.90258,14.9061,0.557956,0.83688,0.769629,5.16002
4.43549,3.30894,18.9579,-0.340213,0.95333,-0.531574,4.73129,-3.90935,14.9175,0.561299,0.837655,0.768459,5.17002
4.4351,3.31244,18.9204,-0.339444,0.95118,-0.530713,4.7207,-3.91576,14.9251,0.561504,0.838472,0.7736,5.18002
4.43393,3.30809,18.935,-0.338057,0.951608,-0.529822,4.71221,-3.92124,14.9346,0.564489,0.839088,0.772038,5.19002
4.4073,3.2859,18.9575,-0.336666,0.950772,-0.525967,4.70461,-3.92613,14.9432,0.56718,0.839643,0.770625,5.20002
4.43631,3.29345,18.9056,-0.336312,0.949653,-0.526095,4.69774,-3.93051,14.9509,0.569604,0.840142,0.769351,5.21002
4.40954,3.32108,18.9428,-0.34304,0.951114,-0.530589,4.6916,-3.93447,14.9578,0.571785,0.840591,0.768205,5.22002
4.41095,3.31589,18.9551,-0.341291,0.95155,-0.529715,4.68503,-3.93311,14.9627,0.570211,0.840643,0.768417,5.23002
4.41324,3.32128,18.9664,-0.343836,0.952774,-0.532737,4.68014,-3.93681,14.9684,0.572328,0.841042,0.767368,5.24003
4.41428,3.31604,18.9763,-0.342009,0.953045,-0.531644,4.67586,-3.9389,14.9729,0.571643,0.840689,0.764805,5.25003
4.41518,3.3113,18.9853,-0.340363,0.953288,-0.530661,4.72506,-3.9522,14.9118,0.574815,0.835021,0.766277,5.26003
4.41804,3.32232,18.9949,-0.346664,0.954712,-0.532494,4.71718,-3.93746,14.9174,0.576274,0.835542,0.762855,5.27003
4.41863,3.31698,19.002,-0.344557,0.954787,-0.531424,4.70804,-3.93581,14.9263,0.57425,0.836095,0.763601,5.28003
4.41912,3.31218,19.0084,-0.342657,0.954856,-0.530464,4.70186,-3.92269,14.9304,0.575766,0.836508,0.760445,5.29003
4.41955,3.30786,19.0141,-0.340949,0.954917,-0.529598,4.74811,-3.93127,14.9081,0.577471,0.838976,0.761034,5.30003
4.39541,3.3175,19.0354,-0.347133,0.9554,-0.531111,4.73583,-3.93023,14.918,0.575323,0.83919,0.761966,5.31003
4.39826,3.31268,19.0385,-0.344977,0.955407,-0.530183,4.72583,-3.93422,14.9282,0.57693,0.839733,0.761561,5.32003
4.42819,3.31752,18.9784,-0.343791,0.953822,-0.529885,4.71579,-3.93291,14.936,0.574836,0.83987,0.762443,5.33003
4.42772,3.31265,18.9872,-0.34197,0.953987,-0.529078,4.70898,-3.94029,14.9451,0.577435,0.839987,0.75913,5.34003
4.42834,3.31346,18.9964,-0.343995,0.954509,-0.527257,4.75337,-3.94352,14.9207,0.578028,0.842461,0.762716,5.35003
4.42887,3.31905,19.0035,-0.34627,0.955435,-0.530521,4.71468,-3.91654,14.9893,0.577468,0.84405,0.762007,5.36003
4.42832,3.31404,19.0098,-0.3442,0.955438,-0.52965,4.67922,-3.91384,15.0211,0.575619,0.837496,0.763662,5.37003
4.42885,3.31958,19.0156,-0.346453,0.956275,-0.532677,4.67487,-3.91945,15.021,0.577195,0.838207,0.763087,5.38003
4.42832,3.31451,19.0206,-0.344364,0.956195,-0.531592,4.67101,-3.92451,15.0209,0.578616,0.838848,0.762567,5.39003
4.42786,3.30995,19.0251,-0.342486,0.956122,-0.530611,4.6665,-3.92414,15.0195,0.57636,0.839073,0.763341,5.40003
4.42726,3.31205,19.0286,-0.343864,0.95723,-0.536314,4.68951,-3.92314,15.0529,0.577259,0.842737,0.763136,5.41003
4.45308,3.31308,18.9689,-0.34174,0.955807,-0.538175,4.65751,-3.91712,15.1135,0.57533,0.843672,0.760496,5.42003
4.45011,3.30866,18.9786,-0.340123,0.955773,-0.536537,4.62857,-3.91301,15.1688,0.576183,0.845221,0.759741,5.43003
4.44929,3.32227,18.9392,-0.343481,0.954209,-0.538992,4.62947,-3.9175,15.1532,0.575112,0.84445,0.757944,5.44003
4.44775,3.32213,18.9533,-0.345354,0.954708,-0.536181,4.63013,-3.92277,15.1399,0.57674,0.844468,0.75794,5.45003
4.44533,3.3168,18.9646,-0.343374,0.954787,-0.534746,4.63072,-3.92752,15.1279,0.578203,0.844483,0.757939,5.46003
4.41758,3.32034,18.9894,-0.345648,0.954913,-0.536841,4.63022,-3.92686,15.1158,0.575987,0.844146,0.759178,5.47003
4.39163,3.31347,19.0116,-0.343584,0.954194,-0.534911,4.63081,-3.93118,15.1062,0.577527,0.844193,0.75905,5.48003
4.42216,3.31823,18.9542,-0.342536,0.952733,-0.534143,4.63131,-3.93509,15.0976,0.578911,0.844235,0.758939,5.49003
4.45064,3.33258,18.9028,-0.345709,0.952247,-0.537262,4.63178,-3.93861,15.0898,0.580159,0.844271,0.758837,5.50003
4.47511,3.31498,18.8505,-0.343324,0.950873,-0.536393,4.68403,-3.94072,15.0502,0.577892,0.845608,0.76083,5.51003
4.47095,3.29382,18.867,-0.34147,0.950882,-0.5323,4.68025,-3.92712,15.0419,0.579044,0.845066,0.757948,5.52003
4.46605,3.29749,18.8863,-0.342953,0.952515,-0.537829,4.67585,-3.93144,15.0398,0.580278,0.845023,0.757947,5.53003
4.46187,3.29464,18.9043,-0.34122,0.95281,-0.536225,4.67189,-3.93528,15.0378,0.581392,0.844982,0.757939,5.54003
4.45806,3.29209,18.9204,-0.339653,0.953078,-0.534789,4.66937,-3.92222,15.0307,0.582197,0.844504,0.755346,5.55003
4.48204,3.32565,18.8774,-0.343194,0.953009,-0.540477,4.66724,-3.93066,15.0304,0.584062,0.84416,0.752742,5.56003
4.5036,3.32921,18.8335,-0.342187,0.951666,-0.53915,4.66306,-3.92967,15.028,0.581255,0.843854,0.754501,5.57003
4.49434,3.31927,18.856,-0.339475,0.952395,-0.540187,4.65931,-3.9288,15.0258,0.578729,0.843578,0.756088,5.58003
4.46048,3.31864,18.891,-0.341096,0.953102,-0.5445,4.71081,-3.92024,14.9887,0.579935,0.844898,0.754529,5.59003
4.45658,3.31986,18.908,-0.342615,0.954511,-0.54881,4.70327,-3.92524,14.9919,0.581075,0.844871,0.754872,5.60003
4.42553,3.30916,18.9376,-0.339803,0.954176,-0.548457,4.74935,-3.93358,14.9635,0.582248,0.846501,0.756018,5.61003
4.42638,3.31033,18.9518,-0.342045,0.954679,-0.544699,4.73592,-3.92741,14.9664,0.576087,0.845608,0.758695,5.62003
4.45446,3.32553,18.9006,-0.345265,0.954,-0.546767,4.72596,-3.9317,14.9718,0.577618,0.845509,0.758618,5.63003
4.48076,3.34439,18.8559,-0.351832,0.95376,-0.547531,4.77016,-3.94571,14.9108,0.580196,0.839358,0.760705,5.64003
4.47706,3.35209,18.8785,-0.356986,0.955135,-0.547677,4.7568,-3.9482,14.9217,0.581317,0.839882,0.760428,5.65003
4.47172,3.34377,18.8972,-0.353844,0.955169,-0.54509,4.74391,-3.95311,14.8964,0.582433,0.832998,0.76436,5.66003
4.4689,3.32979,18.9092,-0.355055,0.95558,-0.543938,4.73314,-3.95487,14.9088,0.583329,0.834159,0.76372,5.67003
4.46438,3.32368,18.9248,-0.35211,0.955568,-0.541723,4.7224,-3.95151,14.9185,0.580597,0.834854,0.764384,5.68004
4.46029,3.31823,18.939,-0.349452,0.955562,-0.539737,4.71376,-3.95334,14.9287,0.58168,0.835829,0.76373,5.69004
4.45665,3.31331,18.9516,-0.347064,0.955554,-0.537947,4.706,-3.95499,14.9379,0.582654,0.836707,0.763143,5.70004
4.45416,3.31638,18.9148,-0.34561,0.95318,-0.536449,4.69784,-3.95286,14.9454,0.582581,0.837856,0.765481,5.71004
4.42358,3.32645,18.9495,-0.343627,0.953086,-0.537192,4.74451,-3.95844,14.9216,0.583605,0.840189,0.765567,5.72004
4.42455,3.33076,18.9613,-0.345936,0.954156,-0.539467,4.70718,-3.9577,14.9471,0.584306,0.839804,0.764385,5.73004
4.42427,3.33076,18.9713,-0.346972,0.955461,-0.544279,4.67103,-3.94097,15.017,0.579778,0.841744,0.767344,5.74004
4.45255,3.31726,18.9128,-0.345506,0.953422,-0.539942,4.66869,-3.94755,15.018,0.581881,0.841676,0.763545,5.75004
4.45048,3.31994,18.8799,-0.344207,0.951264,-0.538247,4.66545,-3.94983,15.0182,0.58283,0.841969,0.762985,5.76004
4.4466,3.31095,18.8978,-0.341295,0.952031,-0.539375,4.66283,-3.95818,14.9839,0.58474,0.834519,0.763795,5.77004
4.44511,3.31423,18.8664,-0.340417,0.950011,-0.537734,4.71333,-3.96952,14.9217,0.586607,0.82947,0.765362,5.78004
4.44296,3.30971,18.8863,-0.33893,0.950558,-0.536145,4.75741,-3.96851,14.899,0.583692,0.83229,0.766703,5.79004
4.44306,3.32091,18.9058,-0.345374,0.952253,-0.53743,4.7441,-3.96506,14.9104,0.583516,0.83388,0.768687,5.80004
4.46851,3.32495,18.8591,-0.344144,0.950987,-0.536415,4.73119,-3.95573,14.9187,0.577228,0.83425,0.770096,5.81004
4.46501,3.32943,18.8799,-0.346403,0.952266,-0.538768,4.72177,-3.95589,14.9281,0.57605,0.834578,0.767262,5.82004
4.46185,3.33346,18.8987,-0.348435,0.953417,-0.540883,4.71422,-3.94079,14.9321,0.577385,0.83514,0.76374,5.83004
4.45782,3.33321,18.9149,-0.349216,0.954798,-0.545562,4.75923,-3.92612,14.903,0.575194,0.836952,0.762655,5.84004
4.45439,3.32679,18.9299,-0.346851,0.954866,-0.543189,4.7469,-3.93052,14.9147,0.576812,0.83772,0.762182,5.85004
4.47867,3.33019,18.8808,-0.345477,0.953338,-0.541591,4.73582,-3.93448,14.9253,0.578268,0.838409,0.761756,5.86004
4.47315,3.32405,18.8993,-0.343484,0.953554,-0.539615,4.72376,-3.92822,14.932,0.572504,0.838328,0.763861,5.87004
4.46818,3.31853,18.9159,-0.341691,0.953748,-0.537835,4.7153,-3.93875,14.9063,0.575443,0.831241,0.764587,5.88004
4.46471,3.32363,18.9311,-0.344195,0.954752,-0.540044,4.75922,-3.94085,14.885,0.573647,0.83388,0.766004,5.89004
4.46059,3.31816,18.9446,-0.342332,0.954826,-0.538221,4.74694,-3.94381,14.8986,0.575425,0.834953,0.765194,5.90004
4.45672,3.31941,18.9562,-0.343723,0.956066,-0.543163,4.73588,-3.94646,14.9107,0.577019,0.83592,0.764469,5.91004
4.45344,3.31438,18.9671,-0.341908,0.956008,-0.541029,4.72694,-3.93226,14.9164,0.57826,0.836348,0.761221,5.92004
4.45048,3.30984,18.977,-0.340273,0.955958,-0.539112,4.74389,-3.93041,14.9601,0.578971,0.840287,0.761226,5.93004
4.44782,3.30577,18.9859,-0.338802,0.95591,-0.537385,4.70631,-3.92492,15.0307,0.579463,0.842175,0.76039,5.94004
4.47376,3.32139,18.9313,-0.34235,0.955106,-0.540179,4.69926,-3.92944,15.0296,0.580656,0.842419,0.760143,5.95004
4.46869,3.31614,18.9447,-0.340667,0.955145,-0.538347,4.66429,-3.92307,15.0423,0.577172,0.841816,0.763608,5.96004
4.49355,3.33593,18.8956,-0.34769,0.954793,-0.539956,4.6615,-3.92788,15.0401,0.578593,0.842096,0.763045,5.97004
4.51488,3.32191,18.8448,-0.346146,0.952825,-0.536057,4.65793,-3.92723,15.0367,0.576336,0.841994,0.763779,5.98004
4.50752,3.33417,18.8189,-0.348897,0.951555,-0.53856,4.70859,-3.93544,15.0039,0.577995,0.843905,0.764037,5.99004
4.50011,3.33773,18.8438,-0.350677,0.952778,-0.540698,4.70134,-3.93895,15.0055,0.579341,0.843968,0.76342,6.00004
4.46509,3.34826,18.934,-0.351606,0.955915,-0.544712,4.69482,-3.94209,15.007,0.580564,0.844018,0.762855,6.01004
4.48735,3.36616,18.8896,-0.349834,0.954729,-0.5456,4.68898,-3.94492,15.0084,0.581668,0.84406,0.762343,6.02004
4.48099,3.35646,18.9072,-0.347402,0.954803,-0.543227,4.68269,-3.94253,15.0082,0.579125,0.843744,0.763124,6.03004
4.47626,3.35781,18.9233,-0.349332,0.955699,-0.544902,4.67703,-3.94038,15.0081,0.576833,0.84346,0.763829,6.04004
4.47207,3.35415,18.9389,-0.35062,0.956048,-0.5415,4.72698,-3.95087,14.9787,0.579397,0.844857,0.761202,6.05004
4.44065,3.34387,18.9662,-0.348057,0.955214,-0.539102,4.71792,-3.95283,14.9829,0.580615,0.844814,0.760857,6.06004
4.46633,3.34561,18.9134,-0.346561,0.953649,-0.537914,4.70884,-3.94846,14.9846,0.57558,0.843713,0.760181,6.07004
4.43549,3.33619,18.9432,-0.3444,0.953056,-0.535879,4.70275,-3.95434,14.9888,0.578121,0.843427,0.757083,6.08004
4.43515,3.34085,18.9564,-0.34925,0.954842,-0.539961,4.69506,-3.95108,14.9906,0.575927,0.843175,0.758399,6.09004
4.434,3.3603,18.9726,-0.351074,0.956184,-0.544591,4.69033,-3.95665,14.9943,0.578434,0.842944,0.755475,6.10004
4.4318,3.3473,18.9813,-0.347473,0.956456,-0.545087,4.68491,-3.95799,14.9969,0.579747,0.843092,0.755702,6.11004
4.42978,3.33559,18.989,-0.344231,0.956699,-0.545531,4.733,-3.9618,14.9673,0.578481,0.844175,0.755132,6.12005
4.42915,3.32893,18.9967,-0.342362,0.956575,-0.543161,4.72333,-3.96271,14.9726,0.579787,0.844201,0.755403,6.13005
4.39987,3.33385,19.0226,-0.339657,0.956483,-0.546001,4.71462,-3.96354,14.9774,0.580961,0.844222,0.755646,6.14005
4.43065,3.34669,18.9644,-0.343116,0.955621,-0.54794,4.70795,-3.96791,14.9824,0.582965,0.843882,0.753,6.15005
4.43094,3.34901,18.9747,-0.345473,0.956435,-0.549142,4.7548,-3.97568,14.9556,0.584912,0.845235,0.75146,6.16005
4.43021,3.34101,18.9838,-0.343482,0.956337,-0.546409,4.74295,-3.97516,14.9621,0.585576,0.845154,0.752093,6.17005
4.43056,3.34391,18.9922,-0.345803,0.95708,-0.547768,4.78734,-3.96563,14.932,0.587064,0.845939,0.748052,6.18005
4.42988,3.33644,18.9996,-0.343774,0.956918,-0.545177,4.77122,-3.96121,14.9395,0.583978,0.845434,0.750269,6.19005
4.42924,3.3297,19.0062,-0.34195,0.956773,-0.542844,4.75889,-3.96578,14.9483,0.58568,0.844973,0.74816,6.20005
4.40315,3.3271,19.0282,-0.343915,0.95624,-0.539223,4.79845,-3.96522,14.9228,0.582875,0.846219,0.75121,6.21005
4.40421,3.33784,19.037,-0.342162,0.956609,-0.540111,4.78219,-3.96574,14.9326,0.583739,0.846037,0.751869,6.22005
4.40812,3.32446,19.035,-0.344537,0.956874,-0.539461,4.76752,-3.96619,14.9414,0.584516,0.845875,0.752461,6.23005
4.40967,3.31892,19.0381,-0.342636,0.956733,-0.537699,4.80751,-3.97674,14.8835,0.586416,0.839668,0.755151,6.24005
4.41105,3.31394,19.0409,-0.340928,0.956606,-0.536113,4.79042,-3.97616,14.8972,0.586928,0.840138,0.755415,6.25005
4.38675,3.3178,19.0582,-0.343448,0.956546,-0.538072,4.82786,-3.97946,14.8782,0.587537,0.842219,0.756493,6.26005
4.39044,3.31292,19.0589,-0.341656,0.956438,-0.536446,4.80872,-3.97861,14.8925,0.587936,0.842436,0.756628,6.27005
4.39376,3.30853,19.0596,-0.340044,0.956339,-0.534984,4.84332,-3.97679,14.8726,0.584906,0.843933,0.758833,6.28005
4.39675,3.30458,19.0603,-0.338594,0.956249,-0.533667,4.8219,-3.9776,14.8515,0.583087,0.835909,0.761293,6.29005
4.37393,3.30446,19.0768,-0.340893,0.955767,-0.530963,4.80228,-3.97201,14.867,0.580394,0.836403,0.762189,6.30005
4.37887,3.30088,19.0757,-0.339356,0.955736,-0.530048,4.83895,-3.98074,14.8158,0.580112,0.830433,0.762291,6.31005
4.38336,3.2977,19.0748,-0.337971,0.955707,-0.529227,4.81867,-3.97971,14.8363,0.581255,0.831827,0.761838,6.32005
4.38742,3.29484,19.0739,-0.336727,0.955682,-0.528489,4.8004,-3.97877,14.8547,0.582282,0.833084,0.76143,6.33005
4.39209,3.29747,19.0745,-0.339271,0.956031,-0.52673,4.78286,-3.97297,14.87,0.579665,0.833866,0.762309,6.34005
4.39524,3.29462,19.0736,-0.337897,0.955974,-0.526239,4.76815,-3.97272,14.885,0.580847,0.834919,0.76186,6.35005
4.39911,3.29723,19.0743,-0.340325,0.956295,-0.524703,4.75492,-3.97253,14.8985,0.581914,0.835859,0.761453,6.36005
4.37498,3.29265,19.0881,-0.338785,0.955436,-0.52399,4.74315,-3.97111,14.91,0.58028,0.836001,0.759477,6.37005
4.37984,3.29026,19.0859,-0.33746,0.955439,-0.523773,4.73145,-3.96619,14.9197,0.57787,0.836483,0.760555,6.38005
4.38423,3.28815,19.0839,-0.336267,0.955441,-0.523581,4.77379,-3.94411,14.8905,0.572116,0.837782,0.761016,6.39005
4.38719,3.30278,19.0872,-0.33527,0.95589,-0.526038,4.81189,-3.94575,14.8708,0.570671,0.839741,0.762779,6.40005
4.38985,3.31597,19.0902,-0.334372,0.956298,-0.528253,4.79432,-3.92676,14.8791,0.569019,0.839413,0.760937,6.41005
4.39307,3.31746,19.0872,-0.336559,0.957387,-0.53419,4.83272,-3.92474,14.8222,0.57227,0.833409,0.760192,6.42005
4.39493,3.30872,19.0844,-0.334408,0.957537,-0.535724,4.78665,-3.92743,14.8576,0.574125,0.833676,0.759533,6.43005
4.3978,3.30476,19.0826,-0.333518,0.957329,-0.534337,4.77174,-3.9305,14.8732,0.573272,0.834036,0.757746,6.44005
4.40242,3.2898,19.0772,-0.336306,0.957063,-0.529358,4.80895,-3.92856,14.8539,0.56817,0.836023,0.761085,6.45005
4.40455,3.28771,19.0761,-0.335229,0.9569,-0.528603,4.79271,-3.9162,14.8653,0.570306,0.836419,0.758167,6.46005
4.43386,3.29508,19.0123,-0.335013,0.955165,-0.528467,4.776,-3.91671,14.8794,0.568892,0.836861,0.759371,6.47005
4.45928,3.31829,18.96,-0.334897,0.954055,-0.530983,4.81487,-3.92593,14.8623,0.571299,0.839271,0.760056,6.48005
4.42914,3.31164,18.9851,-0.333898,0.95342,-0.529645,4.79701,-3.93039,14.8781,0.573322,0.839781,0.759829,6.49005
4.42858,3.30739,18.9932,-0.333059,0.953623,-0.528866,4.83276,-3.93336,14.8597,0.571754,0.841542,0.76171,6.50005
4.4281,3.30356,19.0005,-0.332307,0.953807,-0.528162,4.81209,-3.93222,14.8744,0.570197,0.841471,0.762565,6.51005
4.40107,3.29834,19.0216,-0.331572,0.953196,-0.527099,4.84678,-3.94008,14.8211,0.5674,0.834639,0.76388,6.52005
4.40331,3.29539,19.0261,-0.330966,0.953422,-0.52657,4.82368,-3.93337,14.8383,0.562739,0.834907,0.765764,6.53005
4.40535,3.29271,19.03,-0.330425,0.953624,-0.526091,4.80289,-3.92732,14.8537,0.558544,0.835146,0.767461,6.54005
4.40717,3.29034,19.0337,-0.329933,0.953807,-0.525668,4.84026,-3.93918,14.8398,0.562931,0.837368,0.764478,6.55006
4.40883,3.28822,19.0369,-0.329492,0.953971,-0.525285,4.79124,-3.93188,14.8714,0.561238,0.837244,0.767498,6.56006
4.41038,3.30806,19.0463,-0.332841,0.954941,-0.526477,4.82861,-3.9396,14.855,0.564416,0.839612,0.767366,6.57006
4.41172,3.30417,19.0483,-0.33211,0.954992,-0.526013,4.80936,-3.92125,14.8649,0.56339,0.839294,0.765067,6.58006
4.44029,3.3099,18.9873,-0.332207,0.953448,-0.526136,4.791,-3.9213,14.8791,0.562666,0.839449,0.765586,6.59006
4.43763,3.32236,19.0002,-0.331615,0.9541,-0.528341,4.77449,-3.92136,14.8919,0.562017,0.839584,0.766053,6.60006
4.43727,3.32221,19.0082,-0.33467,0.954608,-0.526596,4.81246,-3.92527,14.8721,0.561575,0.841365,0.767319,6.61006
4.46328,3.32612,18.9512,-0.334509,0.953104,-0.526663,4.79604,-3.93347,14.8875,0.565517,0.841306,0.763505,6.62006
4.46031,3.33049,18.9629,-0.337725,0.954169,-0.529994,4.77904,-3.93232,14.8994,0.56458,0.841258,0.764184,6.63006
4.45769,3.32955,18.9746,-0.34017,0.954671,-0.528085,4.81662,-3.9351,14.8789,0.563887,0.842872,0.765629,6.64006
4.45428,3.3235,18.9838,-0.338704,0.954748,-0.527461,4.85044,-3.93761,14.8604,0.563263,0.844323,0.766931,6.65006
4.45121,3.31805,18.992,-0.337384,0.954819,-0.526898,4.82902,-3.91946,14.8697,0.562356,0.843532,0.76467,6.66006
4.44949,3.31833,19.0008,-0.339863,0.955256,-0.525298,4.8087,-3.89823,14.8768,0.558002,0.842469,0.763885,6.67006
4.44695,3.31341,19.0073,-0.338429,0.955274,-0.524952,4.79188,-3.91054,14.8559,0.559811,0.834233,0.762982,6.68006
4.44365,3.32551,19.0183,-0.33722,0.955741,-0.52727,4.77542,-3.9104,14.8703,0.556857,0.834181,0.762089,6.69006
4.41507,3.31813,19.0376,-0.33599,0.954938,-0.526302,4.76163,-3.91515,14.8846,0.557731,0.834493,0.760045,6.70006
4.41593,3.31325,19.0405,-0.334943,0.95499,-0.525858,4.74804,-3.89435,14.8902,0.553837,0.834336,0.759725,6.71006
4.41663,3.30881,19.043,-0.333999,0.955036,-0.525457,4.73583,-3.89709,14.9018,0.554069,0.834985,0.760778,6.72006
4.4173,3.30484,19.0453,-0.333149,0.955077,-0.525096,4.72482,-3.89955,14.9123,0.554277,0.835568,0.761725,6.73006
4.41889,3.28468,19.0423,-0.332305,0.954665,-0.522138,4.71712,-3.91032,14.9238,0.558943,0.836091,0.758477,6.74006
